Compuesto completo,Compuesto,n,Líneas celulares,Rho de Spearman,p-valor_Spearman,FDR_Spearman,n HER2-high,n HER2-low,Mediana AUC HER2-high,Mediana AUC HER2-low,Diferencia de medianas,p-valor_MannWhitney,Criterio n>=3,FDR_MannWhitney
(+)-CAMPTOTHECIN (BRD:BRD-K37890730-001-15-1),(+)-CAMPTOTHECIN,17.0,17.0,0.2720588235294118,0.2907959385044183,0.7090046175233683,4.0,3.0,0.6129008768708155,0.28389512191629,0.3290057549545255,0.11428571428571428,Sí,0.42448979591836733
1-AZAKENPAULLONE (BRD:BRD-K03273112-001-01-8),1-AZAKENPAULLONE,12.0,12.0,-0.22377622377622378,0.4844516614553987,0.804321107938609,,,,,,,,
1-NAPHTHYL-PP1 (BRD:BRD-K29542628-001-03-9),1-NAPHTHYL-PP1,16.0,16.0,-0.044117647058823525,0.8711220048065985,0.9697975468329533,3.0,4.0,0.879187832861027,0.8483204630610326,0.030867369799994382,0.6285714285714286,Sí,0.8921658986175115
1-PHENYLBIGUANIDE (BRD:BRD-K31491153-003-05-9),1-PHENYLBIGUANIDE,10.0,10.0,0.29696969696969694,0.40470167127015705,0.7734882591591963,,,,,,,,
10-DEACETYLBACCATIN (BRD:BRD-K96631475-001-02-4),10-DEACETYLBACCATIN,18.0,18.0,0.37254901960784315,0.12787268607330352,0.5251701479196605,5.0,4.0,0.886749863282282,0.8053395987739835,0.08141026450829847,0.1111111111111111,Sí,0.42448979591836733
10-HYDROXYCAMPTOTHECIN (BRD:BRD-K63784565-001-06-2),10-HYDROXYCAMPTOTHECIN,21.0,21.0,0.5064935064935064,0.01912895113475244,0.2559221795755516,5.0,4.0,0.526395750484696,0.245346688579506,0.28104906190518997,0.015873015873015872,Sí,0.38228905597326646
17-AAG (BRD:BRD-K81473043-001-19-5),17-AAG,14.0,14.0,-0.43736263736263736,0.11784483174447688,0.5051310020891897,,,,,,,,
"2,3-DCPE (BRD:BRD-K61734568-003-02-1)","2,3-DCPE",11.0,11.0,0.17272727272727276,0.6115423848512369,0.8598597544962456,,,,,,,,
2-METHOXYESTRADIOL (BRD:BRD-K44408410-001-17-6),2-METHOXYESTRADIOL,16.0,16.0,0.07058823529411765,0.7950393023376281,0.9402289225394803,3.0,4.0,0.91151466624058,0.9505961185888088,-0.039081452348228796,1.0,Sí,1.0
212631-79-3 (BRD:BRD-K05104363-001-10-0),212631-79-3,11.0,11.0,0.26363636363636367,0.43344073761161456,0.7797639470669321,,,,,,,,
284461-73-0 (BRD:BRD-K23984367-001-07-5),284461-73-0,11.0,11.0,0.48181818181818187,0.13343383825682875,0.5308699567441867,,,,,,,,
3-DEAZANEPLANOCIN-A (BRD:BRD-K77791657-003-01-7),3-DEAZANEPLANOCIN-A,21.0,21.0,0.4207792207792207,0.05750513790191279,0.3782528700529743,4.0,5.0,0.8685602242291085,0.793046243430845,0.07551398079826355,0.4126984126984127,Sí,0.7268978084688055
5-HYDROXYMETHYL-TOLTERODINE (BRD:BRD-K24603946-001-02-1),5-HYDROXYMETHYL-TOLTERODINE,13.0,13.0,-0.21978021978021978,0.4706148514721425,0.7928869441992983,3.0,4.0,0.815927260961206,0.8278762475581769,-0.011948986596970856,0.8571428571428571,Sí,1.0
7-HYDROXYSTAUROSPORINE (BRD:BRD-K45293975-001-02-0),7-HYDROXYSTAUROSPORINE,15.0,15.0,0.33928571428571425,0.2160289253419548,0.6379717092874452,3.0,4.0,0.72953442656381,0.6894449083447545,0.04008951821905549,0.6285714285714286,Sí,0.8921658986175115
8-HYDROXY-PIPAT (BRD:BRD-A60594020-034-01-1),8-HYDROXY-PIPAT,16.0,16.0,-0.45294117647058824,0.07809874141672499,0.41825598861034996,,,,,,,,
9-AMINOACRIDINE (BRD:BRD-K00535541-001-06-3),9-AMINOACRIDINE,21.0,21.0,0.40389610389610386,0.06939949544788349,0.40853169653654076,5.0,4.0,0.854149156823581,0.835882269406738,0.018266887416842903,0.06349206349206349,Sí,0.38228905597326646
A-1065-5 (BRD:BRD-K87124298-001-03-4),A-1065-5,22.0,22.0,-0.20271033314511577,0.3656032765874888,0.7573771421435671,5.0,5.0,0.755473217708308,0.784009045409897,-0.028535827701589023,0.5476190476190477,Sí,0.8635265700483092
A-154475 (BRD:BRD-A27376179-001-01-3),A-154475,15.0,15.0,0.6285714285714286,0.012079539175905755,0.22192498824595153,3.0,4.0,0.804503013831474,0.6908143080838035,0.11368870574767054,0.05714285714285714,Sí,0.38228905597326646
A-61603 (BRD:BRD-A83650191-004-02-8),A-61603,14.0,14.0,0.221978021978022,0.445629657953609,0.780776068598229,,,,,,,,
A-674563 (BRD:BRD-K78177893-001-02-4),A-674563,19.0,19.0,0.519298245614035,0.022694201527031287,0.26718639931158167,4.0,4.0,0.8241340885046584,0.746146270454753,0.0779878180499054,0.02857142857142857,Sí,0.38228905597326646
ABEMACICLIB (BRD:BRD-K33622447-066-01-9),ABEMACICLIB,10.0,10.0,0.32121212121212117,0.36546831043867045,0.7573771421435671,,,,,,,,
ABT-702 (BRD:BRD-K36021395-300-02-4),ABT-702,11.0,11.0,0.39090909090909093,0.23454006709519437,0.6595505708441295,4.0,3.0,0.914152560734218,0.882828566985224,0.03132399374899397,0.6285714285714286,Sí,0.8921658986175115
ABT-751 (BRD:BRD-K91623615-001-05-0),ABT-751,20.0,20.0,0.5488721804511278,0.012202217962291389,0.22192498824595153,4.0,4.0,0.7736090035911355,0.583575401788204,0.1900336018029315,0.05714285714285714,Sí,0.38228905597326646
AC-264613 (BRD:BRD-K81548480-001-01-2),AC-264613,14.0,14.0,0.03736263736263736,0.8990930969739669,0.9746808320652924,,,,,,,,
ACDPP (BRD:BRD-K68633617-003-02-9),ACDPP,12.0,12.0,-0.43356643356643365,0.15910576941219534,0.5687870218257833,,,,,,,,
ACETOPHENAZINE (BRD:BRD-K42938903-332-01-1),ACETOPHENAZINE,14.0,14.0,0.21318681318681318,0.46430282003974443,0.7914660040445836,3.0,3.0,0.957720484571849,0.955445316062932,0.002275168508916958,1.0,Sí,1.0
ACIPIMOX (BRD:BRD-K63736853-001-04-8),ACIPIMOX,12.0,12.0,0.41958041958041964,0.1745190081300594,0.5932199448549884,3.0,3.0,0.929248192673469,0.890480220575073,0.038767972098396,0.4,Sí,0.7268978084688055
ACIVICIN (BRD:BRD-K13050541-001-01-9),ACIVICIN,17.0,17.0,-0.37990196078431376,0.13254890262758853,0.5308699567441867,,,,,,,,
ACY-1215 (BRD:BRD-K82928847-001-04-7),ACY-1215,19.0,19.0,-0.21052631578947367,0.3869732368316493,0.7663692375297371,3.0,5.0,0.878934472279991,0.908794922275175,-0.029860449995184002,0.5714285714285714,Sí,0.8669950738916256
ADAPREV (BRD:BRD-A73427433-240-01-3),ADAPREV,19.0,19.0,-0.0456140350877193,0.8528960735031589,0.9639855930264206,5.0,5.0,0.811618981100492,0.790246101814396,0.02137287928609599,0.8412698412698413,Sí,1.0
ADAVOSERTIB (BRD:BRD-K54256913-001-08-7),ADAVOSERTIB,16.0,16.0,0.2676470588235294,0.3162544185483094,0.7273113963580073,,,,,,,,
ADEFOVIR-DIPIVOXIL (BRD:BRD-K96159438-001-06-3),ADEFOVIR-DIPIVOXIL,18.0,18.0,-0.13106295149638802,0.6041941281040611,0.8544481574931787,4.0,3.0,0.884040632130696,0.863687373108725,0.020353259021970938,0.6285714285714286,Sí,0.8921658986175115
AEE788 (BRD:BRD-K40718343-001-02-6),AEE788,14.0,14.0,-0.3626373626373627,0.2025645438172416,0.6285637561054869,4.0,4.0,0.8479557622544069,0.919227736781776,-0.07127197452736911,0.4857142857142857,Sí,0.8123642439431913
AEG3482 (BRD:BRD-K77634909-001-03-5),AEG3482,10.0,10.0,-0.24848484848484845,0.4887763045192432,0.804321107938609,,,,,,,,
AFATINIB (BRD:BRD-K66175015-001-12-4),AFATINIB,14.0,14.0,-0.45494505494505494,0.10215352669182919,0.466494998120727,,,,,,,,
AFURESERTIB (BRD:BRD-K25412176-001-01-9),AFURESERTIB,20.0,20.0,-0.4917293233082706,0.027658227513046155,0.28755148979330303,4.0,4.0,0.7441727139258195,0.8283055254969991,-0.08413281157117958,0.11428571428571428,Sí,0.42448979591836733
AG-13736 (BRD:BRD-K29905972-001-06-3),AG-13736,12.0,12.0,-0.15384615384615385,0.6330906812462617,0.8680420365534922,,,,,,,,
AJMALINE (BRD:BRD-A48300215-001-04-8),AJMALINE,13.0,13.0,-0.33516483516483514,0.26294314035936023,0.6830530000476708,,,,,,,,
AK-55409 (BRD:BRD-K58772419-001-07-0),AK-55409,21.0,21.0,0.3103896103896104,0.17087682060108259,0.5932199448549884,4.0,5.0,0.834145604848161,0.753335930912015,0.08080967393614602,0.1111111111111111,Sí,0.42448979591836733
ALBENDAZOLE (BRD:BRD-K79131256-001-17-9),ALBENDAZOLE,18.0,18.0,0.3766769865841073,0.12337214538125062,0.5122689187573556,,,,,,,,
ALECTINIB (BRD:BRD-K11267252-001-05-1),ALECTINIB,10.0,10.0,0.04242424242424241,0.9073638178128159,0.9770759160106299,3.0,3.0,0.9664568119297192,0.9612421078455642,0.005214704084155031,1.0,Sí,1.0
ALEXIDINE (BRD:BRD-A27883417-300-01-6),ALEXIDINE,20.0,20.0,-0.2045112781954887,0.38709023775567697,0.7663692375297371,4.0,4.0,0.889511763572616,0.9115638951755001,-0.022052131602884106,0.34285714285714286,Sí,0.7268978084688055
ALFACALCIDOL (BRD:BRD-K49522529-001-02-9),ALFACALCIDOL,14.0,14.0,-0.13406593406593406,0.6477195279851133,0.8799020664782387,3.0,3.0,0.808027921761117,0.921285752795211,-0.11325783103409393,0.4,Sí,0.7268978084688055
ALISERTIB (BRD:BRD-K75295174-001-05-0),ALISERTIB,18.0,18.0,0.18885448916408668,0.4529458223784956,0.7826832899417057,3.0,5.0,0.80912024250599,0.72626415776179,0.08285608474420003,0.5714285714285714,Sí,0.8669950738916256
ALPELISIB (BRD:BRD-K54997624-001-06-0),ALPELISIB,15.0,15.0,-0.8107142857142855,0.0002460079779722061,0.06918380437820139,,,,,,,,
ALVESPIMYCIN (BRD:BRD-K83988098-001-02-0),ALVESPIMYCIN,17.0,17.0,-0.03431372549019608,0.8959808104551742,0.9746808320652924,3.0,5.0,0.8582143046952848,0.8511630653660056,0.007051239329279202,0.7857142857142857,Sí,0.9834323226008127
ALVOCIDIB (BRD:BRD-K87909389-003-03-4),ALVOCIDIB,21.0,21.0,-0.044155844155844164,0.8492705803407119,0.9639855930264206,5.0,5.0,0.6346541982263048,0.7190515851421373,-0.08439738691583254,0.8412698412698413,Sí,1.0
AM-251 (BRD:BRD-K92000912-001-12-6),AM-251,16.0,16.0,0.12058823529411765,0.6564245147485953,0.8849203763710071,3.0,3.0,0.907011131526714,0.879250681146171,0.027760450380542978,0.7,Sí,0.9268518518518518
AM-580 (BRD:BRD-K06854232-001-19-9),AM-580,15.0,15.0,-0.1357142857142857,0.6296204418728145,0.8680420365534922,3.0,4.0,0.955663696729747,0.943309530601757,0.012354166127990007,0.8571428571428571,Sí,1.0
AMFENAC (BRD:BRD-K82122102-323-01-1),AMFENAC,17.0,17.0,-0.12254901960784316,0.639378272107459,0.8725981673429464,4.0,3.0,0.9187006060172564,0.907843705801418,0.010856900215838405,1.0,Sí,1.0
AMG 706 (BRD:BRD-K99616396-001-05-1),AMG 706,16.0,16.0,0.06176470588235294,0.8202418775044894,0.949244531895759,3.0,3.0,0.8693409765678007,0.90164693491612,-0.032305958348319286,1.0,Sí,1.0
AMG900 (BRD:BRD-K21728777-001-02-3),AMG900,19.0,19.0,0.20526315789473687,0.3992226299118769,0.7734882591591963,3.0,4.0,0.915665647724637,0.656437605616015,0.25922804210862194,0.6285714285714286,Sí,0.8921658986175115
AMINOGLUTETHIMIDE (BRD:BRD-A25234499-001-19-1),AMINOGLUTETHIMIDE,11.0,11.0,-0.2545454545454546,0.45003657688882837,0.780776068598229,,,,,,,,
AMINOPURVALANOL-A (BRD:BRD-K07762753-001-04-4),AMINOPURVALANOL-A,14.0,14.0,0.24835164835164836,0.3919195389384575,0.7690332286281288,4.0,5.0,0.9046895633725075,0.886998915457736,0.017690647914771485,0.9047619047619049,Sí,1.0
AMSACRINE (BRD:BRD-K68346641-001-01-4),AMSACRINE,19.0,19.0,0.3368421052631579,0.1584830429639541,0.5687870218257833,4.0,3.0,0.7915373791845326,0.634424321255811,0.15711305792872154,0.05714285714285714,Sí,0.38228905597326646
ANAGRELIDE (BRD:BRD-K62200014-003-10-5),ANAGRELIDE,14.0,14.0,0.17362637362637365,0.5527669411422413,0.8343473658608532,,,,,,,,
ANGUIDINE (BRD:BRD-K45724504-001-01-6),ANGUIDINE,20.0,20.0,0.3293233082706767,0.15623105162611658,0.5677037801887282,4.0,4.0,0.7212635235594115,0.5903855324024145,0.13087799115699694,0.11428571428571428,Sí,0.42448979591836733
ANISOMYCIN (BRD:BRD-K91370081-001-25-1),ANISOMYCIN,22.0,22.0,0.4703557312252965,0.027168310320796737,0.28755148979330303,5.0,5.0,0.779473011055774,0.69239233804205,0.08708067301372402,0.2222222222222222,Sí,0.5889317889317889
APATINIB (BRD:BRD-K25244359-066-03-4),APATINIB,12.0,12.0,-0.09090909090909093,0.7787253962454419,0.9382723639905493,,,,,,,,
APHIDICOLIN (BRD:BRD-K85140930-001-12-7),APHIDICOLIN,15.0,15.0,0.2071428571428571,0.4588428049634703,0.789039768533424,3.0,4.0,0.798555263904307,0.7638450941788706,0.03471016972543639,0.4,Sí,0.7268978084688055
AR 42 (BRD:BRD-K13167095-001-02-9),AR 42,21.0,21.0,0.04675324675324675,0.8405105142403159,0.9601174438217321,5.0,5.0,0.757724186867678,0.711921183141291,0.045803003726386904,0.8412698412698413,Sí,1.0
AR-12 (BRD:BRD-K90497590-001-04-2),AR-12,20.0,20.0,0.38947368421052625,0.08961904769837135,0.4396312173203439,4.0,4.0,0.901654634749476,0.7655344230723624,0.13612021167711363,0.11428571428571428,Sí,0.42448979591836733
ARCTIGENIN (BRD:BRD-K53523901-001-04-4),ARCTIGENIN,16.0,16.0,-0.1647058823529412,0.542148135201078,0.8343473658608532,3.0,4.0,0.896182022348215,0.9135234173940515,-0.01734139504583654,1.0,Sí,1.0
ARCYRIAFLAVIN-A (BRD:BRD-K72726508-001-02-1),ARCYRIAFLAVIN-A,13.0,13.0,0.1758241758241758,0.5655798619595344,0.8379312384400485,,,,,,,,
ARRY-334543 (BRD:BRD-K46386702-001-02-1),ARRY-334543,22.0,22.0,-0.5957086391869001,0.003440717848619222,0.15190769301653867,5.0,5.0,0.7873768277131858,0.91098027333841,-0.12360344562522418,0.09523809523809523,Sí,0.42448979591836733
ARRY-886 (BRD:BRD-K57080016-001-15-9),ARRY-886,12.0,12.0,0.11188811188811189,0.729194990751066,0.9212238582232287,,,,,,,,
ARTEMISININ (BRD:BRD-K13112821-001-17-4),ARTEMISININ,11.0,11.0,-0.36363636363636365,0.27163754099382253,0.6853027105644152,,,,,,,,
AS-703026 (BRD:BRD-K89014967-001-04-3),AS-703026,10.0,10.0,0.24848484848484845,0.4887763045192432,0.804321107938609,,,,,,,,
ASP-4130 (BRD:BRD-K53414658-001-08-2),ASP-4130,10.0,10.0,0.006060606060606061,0.9867429111949892,0.9957645606687721,,,,,,,,
ASP-7487 (BRD:BRD-K86118762-001-01-8),ASP-7487,14.0,14.0,0.35824175824175825,0.20849812479076704,0.6306617630108551,,,,,,,,
ASPIRIN (BRD:BRD-K11433652-001-17-0),ASPIRIN,12.0,12.0,0.0979020979020979,0.7621216559962992,0.9346575308954613,,,,,,,,
AST-1306 (BRD:BRD-K26838195-075-04-9),AST-1306,14.0,14.0,-0.5604395604395604,0.0371044770040744,0.3270828544447713,,,,,,,,
ASYMMETRICAL-DIMETHYLARGININE (BRD:BRD-K36269323-300-02-6),ASYMMETRICAL-DIMETHYLARGININE,19.0,19.0,0.32631578947368417,0.17272947700679211,0.5932199448549884,5.0,4.0,0.86696866398072,0.8258911656844845,0.041077498296235526,0.19047619047619047,Sí,0.5691542288557214
AT-7519 (BRD:BRD-K13390322-001-06-3),AT-7519,22.0,22.0,0.3551665725578769,0.10479718977207556,0.4737083652396287,5.0,5.0,0.806734871999732,0.7224846671147174,0.08425020488501467,0.30952380952380953,Sí,0.7081904761904761
AT-9283 (BRD:BRD-K24576554-001-04-8),AT-9283,17.0,17.0,0.2058823529411765,0.42791485314270766,0.7784837999874641,3.0,4.0,0.901151621587262,0.7546421908769105,0.1465094307103515,0.05714285714285714,Sí,0.38228905597326646
AT13387 (BRD:BRD-K58435339-001-03-0),AT13387,15.0,15.0,0.4678571428571427,0.07863023115438063,0.41825598861034996,3.0,4.0,0.8928155981297391,0.6432032776489056,0.24961232048083348,0.22857142857142856,Sí,0.5889317889317889
ATIPAMEZOLE (BRD:BRD-K39252998-003-01-5),ATIPAMEZOLE,13.0,13.0,-0.2912087912087912,0.33438585619752936,0.7346111921701703,3.0,3.0,0.881433277136174,0.902508870136298,-0.02107559300012396,0.7,Sí,0.9268518518518518
ATIPRIMOD (BRD:BRD-K38527262-300-01-0),ATIPRIMOD,16.0,16.0,0.11176470588235293,0.6802736949858407,0.9012497368630407,4.0,3.0,0.8875761816107206,0.8788690787686755,0.008707102842045122,0.6285714285714286,Sí,0.8921658986175115
AURORA-A-INHIBITOR-I (BRD:BRD-K53561341-001-07-5),AURORA-A-INHIBITOR-I,21.0,21.0,0.26493506493506497,0.24579261871540742,0.6680064625656237,4.0,5.0,0.896596604906285,0.870242497339387,0.026354107566898044,0.06349206349206349,Sí,0.38228905597326646
AUY (BRD:BRD-K41859756-001-06-8),AUY,16.0,16.0,-0.023529411764705882,0.931073583667659,0.9826561405588721,,,,,,,,
AV-412 (BRD:BRD-K23190681-001-01-1),AV-412,21.0,21.0,0.5103896103896104,0.018076642193560668,0.2477711115369701,5.0,4.0,0.895715650364685,0.835981171935742,0.05973447842894308,0.1111111111111111,Sí,0.42448979591836733
AVL-292 (BRD:BRD-K87782578-001-01-4),AVL-292,17.0,17.0,-0.02696078431372549,0.9181909009189737,0.9785339457396024,4.0,5.0,0.8876642740212983,0.8837869834264949,0.003877290594803462,1.0,Sí,1.0
AVN-944 (BRD:BRD-K62196610-001-01-6),AVN-944,10.0,10.0,0.6121212121212121,0.05997214247725527,0.3782528700529743,,,,,,,,
AZ 960 (BRD:BRD-K64888243-001-03-7),AZ 960,19.0,19.0,0.3719298245614035,0.11687923396377863,0.5051310020891897,4.0,4.0,0.840314527417742,0.799057454207469,0.041257073210273054,0.34285714285714286,Sí,0.7268978084688055
AZ-10353926 (BRD:BRD-K19540840-001-09-4),AZ-10353926,17.0,17.0,-0.5392156862745099,0.025503680315881874,0.27802160146819377,3.0,5.0,0.828852780448847,0.9002252178543025,-0.07137243740545551,0.03571428571428571,Sí,0.38228905597326646
AZ20 (BRD:BRD-K42436189-001-01-2),AZ20,19.0,19.0,0.019298245614035085,0.9374978309415845,0.9843169854000227,3.0,4.0,0.839451262369064,0.833537121446658,0.005914140922405942,0.8571428571428571,Sí,1.0
AZ3146 (BRD:BRD-K59146805-001-03-7),AZ3146,14.0,14.0,-0.3054945054945055,0.2881698858754571,0.7068166923000795,,,,,,,,
AZACITIDINE (BRD:BRD-K03406345-001-21-1),AZACITIDINE,12.0,12.0,-0.2447552447552448,0.44326193645018325,0.780776068598229,,,,,,,,
AZALOMYCIN-B (BRD:BRD-K96104201-001-01-5),AZALOMYCIN-B,22.0,22.0,0.13495200451722192,0.549318075362681,0.8343473658608532,5.0,5.0,0.786842843739952,0.761849048969231,0.024993794770720945,0.42063492063492064,Sí,0.7268978084688055
AZD 2171 (BRD:BRD-K86930074-001-05-0),AZD 2171,16.0,16.0,0.1764705882352941,0.5132505967364671,0.8207631080131814,3.0,5.0,0.799963436527462,0.812897133357088,-0.012933696829625974,0.7857142857142857,Sí,0.9834323226008127
AZD-8055 (BRD:BRD-K69932463-001-10-6),AZD-8055,21.0,21.0,-0.32987012987012987,0.14419837372344504,0.5572774934626994,5.0,4.0,0.621903264172496,0.6601167572348614,-0.03821349306236543,0.4126984126984127,Sí,0.7268978084688055
AZD1480 (BRD:BRD-K65928735-001-04-3),AZD1480,10.0,10.0,0.6969696969696969,0.02509667588225185,0.2777820489415888,,,,,,,,
AZD2461 (BRD:BRD-K85014146-001-02-5),AZD2461,13.0,13.0,0.13736263736263735,0.6545168402947127,0.8849203763710071,,,,,,,,
AZD2858 (BRD:BRD-K85849709-001-01-5),AZD2858,20.0,20.0,0.030075187969924807,0.8998365956859304,0.9746808320652924,3.0,5.0,0.858676934699263,0.857620898855096,0.0010560358441670248,0.7857142857142857,Sí,0.9834323226008127
AZD3463 (BRD:BRD-K24593301-001-02-3),AZD3463,21.0,21.0,0.14415584415584418,0.5330058743165694,0.8321425717379879,5.0,4.0,0.804068955490013,0.785976459875227,0.018092495614785986,0.9047619047619049,Sí,1.0
AZD5438 (BRD:BRD-K72414522-001-06-7),AZD5438,21.0,21.0,0.5142857142857142,0.017071353141816504,0.24532142067760862,5.0,4.0,0.879775017538697,0.8134171171365201,0.06635790040217693,0.015873015873015872,Sí,0.38228905597326646
AZD7762 (BRD:BRD-K86525559-001-07-8),AZD7762,21.0,21.0,0.4623376623376624,0.0348387956901551,0.3204443395250724,5.0,4.0,0.70510324726337,0.5448740142648605,0.16022923299850955,0.1111111111111111,Sí,0.42448979591836733
AZD8330 (BRD:BRD-K37687095-001-06-9),AZD8330,20.0,20.0,0.29172932330827067,0.21202623258054826,0.632497173542649,3.0,5.0,0.604129830593274,0.607837389691048,-0.0037075590977739825,1.0,Sí,1.0
AZD8931 (BRD:BRD-K98572433-001-02-9),AZD8931,15.0,15.0,-0.7035714285714285,0.0034243370890839593,0.15190769301653867,5.0,4.0,0.6579763598081838,0.9050757428214717,-0.24709938301328793,0.031746031746031744,Sí,0.38228905597326646
AZD9668 (BRD:BRD-K31476763-001-01-5),AZD9668,14.0,14.0,-0.22637362637362637,0.4364347945560527,0.7799208652754643,,,,,,,,
AZILSARTAN (BRD:BRD-K81074237-001-02-3),AZILSARTAN,19.0,19.0,0.014035087719298246,0.9545239437308349,0.9893725661698659,4.0,4.0,0.9337901576746145,0.9253122743571229,0.008477883317491552,0.6857142857142857,Sí,0.9268518518518518
AZITHROMYCIN (BRD:BRD-K74501079-001-18-1),AZITHROMYCIN,16.0,16.0,0.15588235294117647,0.5642819694728023,0.8379312384400485,,,,,,,,
BAFETINIB (BRD:BRD-A75975749-001-01-4),BAFETINIB,14.0,14.0,0.17362637362637365,0.5527669411422413,0.8343473658608532,,,,,,,,
BAICALIN (BRD:BRD-K49962337-001-02-9),BAICALIN,15.0,15.0,0.06428571428571428,0.8199479653196377,0.949244531895759,,,,,,,,
BALAPIRAVIR (BRD:BRD-K47976015-001-01-2),BALAPIRAVIR,17.0,17.0,0.5147058823529412,0.03450769883204253,0.3204443395250724,,,,,,,,
BAM7 (BRD:BRD-K07442505-001-03-6),BAM7,11.0,11.0,0.4090909090909091,0.21154501034209602,0.632497173542649,,,,,,,,
BARASERTIB (BRD:BRD-K31928526-001-02-1),BARASERTIB,14.0,14.0,0.04175824175824176,0.8872869731890637,0.9746808320652924,,,,,,,,
BARASERTIB-HQPA (BRD:BRD-K63923597-001-10-0),BARASERTIB-HQPA,16.0,16.0,-0.27941176470588236,0.2946176535684143,0.7113692473211594,,,,,,,,
BARDOXOLONE (BRD:BRD-K20545304-001-01-6),BARDOXOLONE,15.0,15.0,0.017857142857142853,0.9496353041738619,0.9893725661698659,4.0,3.0,0.8543465759536766,0.794273003111462,0.060073572842214595,0.4,Sí,0.7268978084688055
BARDOXOLONE-METHYL (BRD:BRD-K69694239-001-02-2),BARDOXOLONE-METHYL,21.0,21.0,0.35974025974025975,0.10921076405040113,0.48950814546448834,4.0,5.0,0.884289586908812,0.6834669301891576,0.20082265671965438,0.06349206349206349,Sí,0.38228905597326646
BARICITINIB (BRD:BRD-K53581288-001-02-9),BARICITINIB,20.0,20.0,0.20902255639097742,0.37647233958713894,0.7641955766791809,4.0,5.0,0.9050898081094695,0.862837531028637,0.04225227708083246,0.4126984126984127,Sí,0.7268978084688055
BATIMASTAT (BRD:BRD-K82818427-001-04-8),BATIMASTAT,15.0,15.0,0.24285714285714283,0.38312834183934164,0.7663692375297371,,,,,,,,
BAY 869766 (BRD:BRD-K85751432-001-03-3),BAY 869766,18.0,18.0,0.1331269349845201,0.5984607651208831,0.8544481574931787,4.0,4.0,0.8323010035392531,0.7892359443669275,0.043065059172325615,1.0,Sí,1.0
BAY-11-7082 (BRD:BRD-K15025317-001-15-1),BAY-11-7082,21.0,21.0,0.1012987012987013,0.6621759840226068,0.8886039420850483,5.0,4.0,0.913334353488808,0.9145982364720785,-0.0012638829832705145,0.7301587301587302,Sí,0.9301799413157988
BAY-11-7085 (BRD:BRD-K48684885-001-04-2),BAY-11-7085,21.0,21.0,0.3064935064935065,0.17659418586665693,0.5974431652117167,5.0,5.0,0.861618167457043,0.850434274704159,0.011183892752884006,0.5476190476190477,Sí,0.8635265700483092
BAY-87-2243 (BRD:BRD-K70463136-001-01-5),BAY-87-2243,18.0,18.0,-0.2714138286893705,0.27595238461589006,0.6902718289400309,3.0,4.0,0.406797777132136,0.4551037924970275,-0.048306015364891486,0.8571428571428571,Sí,1.0
BECLOMETHASONE-DIPROPIONATE (BRD:BRD-K97810537-001-13-6),BECLOMETHASONE-DIPROPIONATE,15.0,15.0,0.15714285714285714,0.5759526006037947,0.841731368421053,,,,,,,,
BELINOSTAT (BRD:BRD-K17743125-001-08-4),BELINOSTAT,16.0,16.0,0.19411764705882353,0.47128972836210753,0.7928869441992983,3.0,3.0,0.8824069577278661,0.8526899576681913,0.029717000059674814,0.4,Sí,0.7268978084688055
BENDAMUSTINE (BRD:BRD-K17068645-003-04-2),BENDAMUSTINE,14.0,14.0,0.4901098901098901,0.07522006672685848,0.4158424847475296,,,,,,,,
BENTAZEPAM (BRD:BRD-K89490285-001-08-1),BENTAZEPAM,10.0,10.0,0.28484848484848485,0.4250381548921454,0.7784837999874641,,,,,,,,
BENZETHONIUM (BRD:BRD-K72723676-003-17-8),BENZETHONIUM,19.0,19.0,-0.17719298245614035,0.4680199619897409,0.7928869441992983,4.0,3.0,0.5247771072543425,0.742840067349181,-0.2180629600948385,0.4,Sí,0.7268978084688055
BENZOYLSTAUROSPORINE (BRD:BRD-K13646352-001-03-8),BENZOYLSTAUROSPORINE,20.0,20.0,0.39999999999999997,0.08055387210850923,0.42359491437769387,4.0,4.0,0.8307915961765795,0.669019822936811,0.16177177323976855,0.11428571428571428,Sí,0.42448979591836733
BENZYLDIMETHYLHEXADECYLAMMONIUM (BRD:BRD-K23403298-003-01-9),BENZYLDIMETHYLHEXADECYLAMMONIUM,11.0,11.0,0.5181818181818182,0.1024915397909638,0.466494998120727,,,,,,,,
BERBERINE (BRD:BRD-K14796088-003-26-8),BERBERINE,19.0,19.0,0.12105263157894736,0.6215490254755144,0.8642957314879988,4.0,4.0,0.772708537350256,0.72089901254467,0.05180952480558598,0.34285714285714286,Sí,0.7268978084688055
BERZOSERTIB (BRD:BRD-K04701033-001-03-9),BERZOSERTIB,22.0,22.0,0.4330886504799548,0.044075426333464486,0.3525300458925629,5.0,5.0,0.684651407389368,0.544677817601152,0.13997358978821606,0.09523809523809523,Sí,0.42448979591836733
BETA-LAPACHONE (BRD:BRD-K28061410-001-06-6),BETA-LAPACHONE,22.0,22.0,-0.36645962732919257,0.09345377564913727,0.450927234416329,5.0,5.0,0.771415386095834,0.810886620841551,-0.03947123474571701,0.42063492063492064,Sí,0.7268978084688055
BETULINIC-ACID (BRD:BRD-K45401373-001-20-9),BETULINIC-ACID,12.0,12.0,0.8251748251748254,0.0009513628555555001,0.09724142871853086,,,,,,,,
BEXAROTENE (BRD:BRD-K92441787-001-04-1),BEXAROTENE,14.0,14.0,-0.6087912087912088,0.020856616017223235,0.2593858020170157,,,,,,,,
BEZ235 (BRD:BRD-K12184916-001-19-6),BEZ235,19.0,19.0,-0.19298245614035087,0.42861312244412475,0.7784837999874641,5.0,4.0,0.5091193522775799,0.6220477237032442,-0.11292837142566436,0.5555555555555556,Sí,0.8635265700483092
BGT226 (BRD:BRD-K29415052-050-04-8),BGT226,21.0,21.0,-0.2662337662337662,0.2433987795806379,0.6680064625656237,5.0,4.0,0.3591258349891,0.365411257579625,-0.006285422590525003,0.5555555555555556,Sí,0.8635265700483092
BI-2536 (BRD:BRD-K64890080-001-13-8),BI-2536,19.0,19.0,0.5403508771929825,0.01691948997160229,0.24532142067760862,4.0,5.0,0.6625063930765129,0.4713849419544,0.19112145112211293,0.06349206349206349,Sí,0.38228905597326646
BI-78D3 (BRD:BRD-K73982490-001-02-9),BI-78D3,21.0,21.0,0.14285714285714285,0.5367409296165598,0.8343473658608532,5.0,4.0,0.886942470391391,0.8313243080366175,0.05561816235477346,0.19047619047619047,Sí,0.5691542288557214
BIBR-1532 (BRD:BRD-K04623885-001-07-5),BIBR-1532,18.0,18.0,0.12693498452012383,0.6157269826949076,0.8612967147208607,4.0,5.0,0.872494703726215,0.834707186444321,0.037787517281894,0.2857142857142857,Sí,0.6838015540944411
BIBU-1361 (BRD:BRD-K49294207-300-03-8),BIBU-1361,13.0,13.0,0.03846153846153846,0.9007243023389339,0.9746808320652924,,,,,,,,
BIBX-1382 (BRD:BRD-K70914287-300-02-8),BIBX-1382,12.0,12.0,-0.08391608391608392,0.7954145018538978,0.9402289225394803,,,,,,,,
BIIB-057 (BRD:BRD-K53734668-003-02-0),BIIB-057,21.0,21.0,0.2675324675324675,0.24102003675627295,0.667149506131,4.0,5.0,0.918343746298239,0.916763162730459,0.001580583567780014,0.7301587301587302,Sí,0.9301799413157988
BIIB021 (BRD:BRD-K51967704-001-03-6),BIIB021,16.0,16.0,-0.07352941176470588,0.7866792491258566,0.9402289225394803,,,,,,,,
BINIMETINIB (BRD:BRD-K82244583-001-01-3),BINIMETINIB,18.0,18.0,0.29411764705882354,0.23614329729664102,0.6598561123827026,4.0,3.0,0.8645550554945389,0.870692888843199,-0.006137833348660027,0.8571428571428571,Sí,1.0
BIRABRESIB (BRD:BRD-K43471985-001-03-0),BIRABRESIB,10.0,10.0,-0.5515151515151515,0.09840117666963498,0.46496030030267527,,,,,,,,
BIRINAPANT (BRD:BRD-K71221037-001-01-6),BIRINAPANT,18.0,18.0,0.04643962848297213,0.8548139516870751,0.9639855930264206,4.0,5.0,0.8298287381022655,0.827811422759766,0.0020173153424994927,0.9047619047619049,Sí,1.0
BISACODYL (BRD:BRD-K39987650-001-24-1),BISACODYL,13.0,13.0,-0.021978021978021976,0.9431862416608071,0.9879400372319012,,,,,,,,
BISINDOLYLMALEIMIDE-IX (BRD:BRD-K06543683-066-02-1),BISINDOLYLMALEIMIDE-IX,22.0,22.0,0.2241671372106155,0.3159085603715583,0.7273113963580073,5.0,5.0,0.832047098110905,0.813664113028267,0.018382985082638026,0.42063492063492064,Sí,0.7268978084688055
BITOPERTIN (BRD:BRD-K13756951-001-01-4),BITOPERTIN,14.0,14.0,-0.3318681318681319,0.24637718314961166,0.6680064625656237,3.0,3.0,0.917129570266648,0.95758586248772,-0.040456292221072054,0.4,Sí,0.7268978084688055
BIX-01294 (BRD:BRD-K26818574-305-04-3),BIX-01294,21.0,21.0,0.4194805194805195,0.05836062913446332,0.3782528700529743,5.0,4.0,0.902975817367606,0.8790024883396005,0.02397332902800553,0.2857142857142857,Sí,0.6838015540944411
BIX-02188 (BRD:BRD-K20290250-001-02-1),BIX-02188,20.0,20.0,0.1263157894736842,0.5956535128148984,0.8544481574931787,4.0,5.0,0.9392968197798386,0.885695741431318,0.05360107834852057,0.5555555555555556,Sí,0.8635265700483092
BKM120 (BRD:BRD-K42191735-001-05-3),BKM120,21.0,21.0,0.2558441558441559,0.26297294224172296,0.6830530000476708,5.0,4.0,0.846279080927374,0.7944785598151289,0.05180052111224509,0.2857142857142857,Sí,0.6838015540944411
BMS-265246 (BRD:BRD-K62814476-001-03-3),BMS-265246,21.0,21.0,0.24415584415584415,0.286152904374841,0.7068166923000795,4.0,5.0,0.7859803864524946,0.808144544383446,-0.02216415793095139,0.7301587301587302,Sí,0.9301799413157988
BMS-345541 (BRD:BRD-K13566078-001-02-3),BMS-345541,17.0,17.0,0.08823529411764706,0.7363051515421217,0.9231732340606531,3.0,4.0,0.843612014618391,0.8399885063848855,0.0036235082335054347,0.8571428571428571,Sí,1.0
BMS-387032 (BRD:BRD-K43389698-001-09-9),BMS-387032,20.0,20.0,0.5533834586466165,0.011370353471172339,0.22192498824595153,4.0,4.0,0.6920393589205784,0.535062691276408,0.1569766676441704,0.11428571428571428,Sí,0.42448979591836733
BMS-626529 (BRD:BRD-K97883416-001-01-4),BMS-626529,14.0,14.0,0.16483516483516483,0.5733464050131384,0.8395769081701513,,,,,,,,
BMS-690514 (BRD:BRD-K76239644-001-02-6),BMS-690514,15.0,15.0,-0.7107142857142856,0.002978994886802742,0.15190769301653867,,,,,,,,
BMS-754807 (BRD:BRD-K13049116-001-04-0),BMS-754807,13.0,13.0,0.0,1.0,1.0,,,,,,,,
BNC105 (BRD:BRD-K20468903-001-01-6),BNC105,21.0,21.0,0.6220779220779221,0.002603522985558966,0.14848690265381279,4.0,5.0,0.745690086254195,0.408991223167816,0.336698863086379,0.015873015873015872,Sí,0.38228905597326646
BNTX (BRD:BRD-A55484088-050-02-5),BNTX,21.0,21.0,0.4714285714285714,0.030978075295294817,0.307344275120734,5.0,4.0,0.942055949852863,0.8562129400926111,0.08584300976025194,0.1111111111111111,Sí,0.42448979591836733
BORTEZOMIB (BRD:BRD-K88510285-001-17-8),BORTEZOMIB,20.0,20.0,0.3037593984962406,0.19291416827770458,0.6127453618317019,4.0,5.0,0.8343787256863757,0.5972467476146853,0.2371319780716904,0.06349206349206349,Sí,0.38228905597326646
BOSENTAN (BRD:BRD-K74763371-002-04-0),BOSENTAN,10.0,10.0,-0.18787878787878787,0.6032176100292089,0.8544481574931787,,,,,,,,
BREFELDIN-A (BRD:BRD-K77841042-001-14-1),BREFELDIN-A,22.0,22.0,-0.10671936758893281,0.6364319056668153,0.8712703452772061,5.0,5.0,0.588281325318032,0.571902015064519,0.016379310253513024,0.8412698412698413,Sí,1.0
BRIGATINIB (BRD:BRD-K56032964-001-02-1),BRIGATINIB,15.0,15.0,-0.4142857142857142,0.12471544223657087,0.5145968948359443,,,,,,,,
BRIGATINIB (BRD:BRD-K56981171-001-02-8),BRIGATINIB,16.0,16.0,-0.12941176470588234,0.6328823324682601,0.8680420365534922,3.0,4.0,0.864598123007027,0.9007695009040224,-0.03617137789699543,0.6285714285714286,Sí,0.8921658986175115
BRILLIANT-GREEN (BRD:BRD-K60348325-065-09-9),BRILLIANT-GREEN,20.0,20.0,0.3293233082706767,0.15623105162611658,0.5677037801887282,4.0,4.0,0.6284383642451674,0.5443141347663485,0.08412422947881892,0.11428571428571428,Sí,0.42448979591836733
BRIVARACETAM (BRD:BRD-K00634421-001-01-0),BRIVARACETAM,21.0,21.0,0.09090909090909091,0.6951310760397714,0.9086723568633107,4.0,5.0,0.789625371963222,0.748722062809575,0.04090330915364704,1.0,Sí,1.0
BROXALDINE (BRD:BRD-K36222532-001-01-8),BROXALDINE,19.0,19.0,0.09473684210526316,0.6996571784752554,0.9098634589008109,4.0,4.0,0.876539744645521,0.8261128355546085,0.05042690909091252,0.4857142857142857,Sí,0.8123642439431913
BROXYQUINOLINE (BRD:BRD-K23301018-001-11-7),BROXYQUINOLINE,15.0,15.0,0.6142857142857142,0.01483395540597696,0.24256264117551216,,,,,,,,
BRUCEANTIN (BRD:BRD-A36057565-001-01-0),BRUCEANTIN,22.0,22.0,0.2173913043478261,0.3311374194883425,0.7346111921701703,5.0,5.0,0.724405537789344,0.600392117912936,0.12401341987640802,0.2222222222222222,Sí,0.5889317889317889
BUSULFAN (BRD:BRD-K23204545-001-16-4),BUSULFAN,15.0,15.0,0.23928571428571427,0.3903793119202356,0.7690332286281288,,,,,,,,
BUTYLSCOPOLAMINE-BROMIDE (BRD:BRD-A53951045-004-01-6),BUTYLSCOPOLAMINE-BROMIDE,12.0,12.0,0.6713286713286714,0.016831456186893416,0.24532142067760862,,,,,,,,
BVD-523 (BRD:BRD-K28965160-001-01-1),BVD-523,13.0,13.0,-0.005494505494505494,0.9857869107140622,0.9957645606687721,3.0,4.0,0.842031260182853,0.8620102798423614,-0.019979019659508435,0.8571428571428571,Sí,1.0
BVT-948 (BRD:BRD-K68567222-001-01-2),BVT-948,14.0,14.0,0.3054945054945055,0.2881698858754571,0.7068166923000795,3.0,4.0,0.96519856526557,0.950121920218091,0.015076645047478965,0.4,Sí,0.7268978084688055
BX-912 (BRD:BRD-K49669041-001-08-4),BX-912,18.0,18.0,0.5067079463364293,0.03187313226051144,0.31032670559076486,3.0,4.0,0.933344006007419,0.743173551121023,0.19017045488639595,0.05714285714285714,Sí,0.38228905597326646
CABAZITAXEL (BRD:BRD-K06858286-001-01-3),CABAZITAXEL,22.0,22.0,0.4217955957086392,0.05055239993921572,0.36290869224656486,5.0,5.0,0.502675031021815,0.335904899761882,0.166770131259933,0.05555555555555555,Sí,0.38228905597326646
CABOZANTINIB (BRD:BRD-K51544265-001-04-2),CABOZANTINIB,12.0,12.0,-0.1958041958041958,0.5419358857313173,0.8343473658608532,,,,,,,,
CAL-101 (BRD:BRD-K60866521-001-07-1),CAL-101,15.0,15.0,0.007142857142857141,0.9798442277615982,0.9951893714922184,3.0,3.0,0.8965466291155471,0.867131925084643,0.02941470403090407,0.7,Sí,0.9268518518518518
CALCITRIOL (BRD:BRD-K27316855-001-13-3),CALCITRIOL,16.0,16.0,0.17058823529411765,0.5276097688612683,0.8289669500080069,,,,,,,,
CANERTINIB (BRD:BRD-K50168500-001-07-9),CANERTINIB,20.0,20.0,-0.706766917293233,0.0004940441153149171,0.08724819076461438,5.0,5.0,0.8212459257585515,0.9505704186043828,-0.12932449284583136,0.015873015873015872,Sí,0.38228905597326646
CAPECITABINE (BRD:BRD-K61192372-001-08-9),CAPECITABINE,18.0,18.0,-0.20330237358101136,0.4184467334719627,0.7778704540120908,4.0,3.0,0.8764719385139664,0.8841269570176417,-0.007655018503675226,1.0,Sí,1.0
CAPIVASERTIB (BRD:BRD-K99023089-001-03-7),CAPIVASERTIB,19.0,19.0,-0.26491228070175443,0.27305117556176156,0.6869065185784486,5.0,4.0,0.838841128175619,0.8607450447737675,-0.0219039165981485,0.9047619047619049,Sí,1.0
CAPMATINIB (BRD:BRD-K81016934-001-02-0),CAPMATINIB,11.0,11.0,-0.009090909090909092,0.9788365001441937,0.9951893714922184,,,,,,,,
CAPTAMINE (BRD:BRD-K81645907-001-01-1),CAPTAMINE,13.0,13.0,-0.23076923076923078,0.4481273823153657,0.780776068598229,,,,,,,,
CARBOXYAMIDOTRIAZOLE (BRD:BRD-K68408772-001-05-4),CARBOXYAMIDOTRIAZOLE,10.0,10.0,-0.0303030303030303,0.9337729580941466,0.9826561405588721,,,,,,,,
CARFILZOMIB (BRD:BRD-K15179879-001-03-2),CARFILZOMIB,21.0,21.0,0.6350649350649351,0.001980984234047954,0.14576742322202862,4.0,5.0,0.6894507412337432,0.442249221396922,0.24720151983682115,0.06349206349206349,Sí,0.38228905597326646
CARIPORIDE (BRD:BRD-K21670884-001-01-9),CARIPORIDE,14.0,14.0,0.16923076923076924,0.5630172739962107,0.8379312384400485,,,,,,,,
CARVEDILOL (BRD:BRD-A10977446-001-12-1),CARVEDILOL,10.0,10.0,0.35757575757575755,0.31037609170568026,0.7273113963580073,,,,,,,,
CCG-50014 (BRD:BRD-K08893438-001-04-9),CCG-50014,21.0,21.0,0.33766233766233766,0.13439697248841173,0.5308699567441867,5.0,4.0,0.884561445440011,0.8166964186008006,0.06786502683921047,0.19047619047619047,Sí,0.5691542288557214
CCT128930 (BRD:BRD-K76406695-001-02-9),CCT128930,11.0,11.0,-0.29090909090909095,0.3854569696913654,0.7663692375297371,,,,,,,,
CCT129202 (BRD:BRD-K57136142-001-02-4),CCT129202,16.0,16.0,0.29705882352941176,0.26386301461352274,0.6830530000476708,,,,,,,,
CCT137690 (BRD:BRD-K03289018-001-02-7),CCT137690,20.0,20.0,0.13233082706766916,0.5781074593622942,0.841731368421053,4.0,5.0,0.8261623940060455,0.766198567959092,0.059963826046953494,0.1111111111111111,Sí,0.42448979591836733
CD-437 (BRD:BRD-K28907958-001-04-3),CD-437,22.0,22.0,-0.02992659514398645,0.8948231841333145,0.9746808320652924,5.0,5.0,0.77679729251025,0.766498673904185,0.010298618606064958,0.8412698412698413,Sí,1.0
CEFDITOREN-PIVOXIL (BRD:BRD-K72167406-001-02-1),CEFDITOREN-PIVOXIL,17.0,17.0,-0.3382352941176471,0.18421188285210155,0.604994430854705,3.0,4.0,0.88109546290431,0.9504331422316845,-0.06933767932737456,0.6285714285714286,Sí,0.8921658986175115
CEP-33779 (BRD:BRD-K37237504-001-02-7),CEP-33779,11.0,11.0,0.10909090909090911,0.7495085962341481,0.9308243185298914,,,,,,,,
CEP-37440 (BRD:BRD-K72827473-001-01-0),CEP-37440,20.0,20.0,-0.09323308270676692,0.6958288642370746,0.9086723568633107,4.0,4.0,0.9283102096921965,0.933461381069183,-0.0051511713769865075,0.4857142857142857,Sí,0.8123642439431913
CEPHALOMANNINE (BRD:BRD-K68904758-001-03-5),CEPHALOMANNINE,22.0,22.0,0.409373235460192,0.05850104223477929,0.3782528700529743,5.0,5.0,0.605063795165262,0.488145966218337,0.11691782894692498,0.007936507936507936,Sí,0.38228905597326646
CETRIMONIUM (BRD:BRD-K47079459-004-04-6),CETRIMONIUM,21.0,21.0,0.36363636363636365,0.10514930870551215,0.4737083652396287,5.0,5.0,0.887132446954426,0.864950669012587,0.022181777941838954,0.15079365079365079,Sí,0.5291654494108482
CETYLPYRIDINIUM (BRD:BRD-K87700323-003-05-1),CETYLPYRIDINIUM,20.0,20.0,0.2992481203007519,0.19994045290488688,0.6282826331495199,4.0,4.0,0.859408865398203,0.8077536311767355,0.05165523422146756,0.8857142857142857,Sí,1.0
CGP-52411 (BRD:BRD-K13087974-001-02-5),CGP-52411,18.0,18.0,0.13519091847265222,0.5927498112228585,0.8544481574931787,4.0,4.0,0.8332466446529605,0.8203966129292539,0.012850031723706579,0.6857142857142857,Sí,0.9268518518518518
CGS-15943 (BRD:BRD-K49049886-001-08-7),CGS-15943,20.0,20.0,-0.30977443609022554,0.1838064324119103,0.604994430854705,5.0,3.0,0.72483431370744,0.828181430635884,-0.103347116928444,0.39285714285714285,Sí,0.7268978084688055
CGS-20625 (BRD:BRD-K68103045-001-02-9),CGS-20625,13.0,13.0,-0.09890109890109891,0.7478683035983906,0.9308243185298914,3.0,3.0,0.918102210147937,0.936833581128573,-0.01873137098063593,1.0,Sí,1.0
CH5132799 (BRD:BRD-K28352084-001-02-3),CH5132799,14.0,14.0,-0.7142857142857143,0.004104409161880231,0.15757362130174973,3.0,3.0,0.77563650641483,0.844102125857362,-0.06846561944253204,0.1,Sí,0.42448979591836733
CHIDAMIDE (BRD:BRD-K28537285-001-01-8),CHIDAMIDE,19.0,19.0,0.19824561403508772,0.41587984219447305,0.7778704540120908,4.0,5.0,0.7986436321939105,0.767273124253848,0.031370507940062575,0.7301587301587302,Sí,0.9301799413157988
CHIR-124 (BRD:BRD-K02241333-001-02-7),CHIR-124,17.0,17.0,0.3651960784313726,0.14947236965165778,0.5647263232076876,3.0,4.0,0.803640459457538,0.7451370433431406,0.058503416114397466,0.22857142857142856,Sí,0.5889317889317889
CHLORAMBUCIL (BRD:BRD-K29458283-001-29-9),CHLORAMBUCIL,12.0,12.0,0.6013986013986015,0.03858845292201946,0.3340549404915999,,,,,,,,
CHLORHEXIDINE (BRD:BRD-K52256627-300-06-6),CHLORHEXIDINE,17.0,17.0,-0.019607843137254905,0.9404583435037518,0.9862526333893264,4.0,3.0,0.884188512309503,0.882250820640155,0.001937691669347985,1.0,Sí,1.0
CHLORIDINE (BRD:BRD-K88429204-001-35-1),CHLORIDINE,16.0,16.0,-0.22647058823529412,0.39898292664128926,0.7734882591591963,5.0,4.0,0.870953888976901,0.9152229999004945,-0.044269110923593535,0.19047619047619047,Sí,0.5691542288557214
CHLORMIDAZOLE (BRD:BRD-K60443845-001-08-6),CHLORMIDAZOLE,20.0,20.0,-0.021052631578947364,0.9297994024457079,0.9826561405588721,5.0,5.0,0.861166284993766,0.858544863097708,0.0026214218960579627,0.8412698412698413,Sí,1.0
CHLOROGENIC-ACID (BRD:BRD-K47114202-001-14-6),CHLOROGENIC-ACID,11.0,11.0,-0.08181818181818183,0.8109903943000459,0.948620796770868,3.0,4.0,0.920952645327355,0.9005665505571174,0.02038609477023756,0.8571428571428571,Sí,1.0
CHLOROXINE (BRD:BRD-K17075857-001-18-4),CHLOROXINE,20.0,20.0,0.14436090225563908,0.543700799199015,0.8343473658608532,5.0,5.0,0.884384465152799,0.829632929696558,0.05475153545624101,0.6904761904761905,Sí,0.9268518518518518
CHLORPROPAMIDE (BRD:BRD-K97746869-001-27-0),CHLORPROPAMIDE,10.0,10.0,0.22424242424242422,0.5334005612725947,0.8321425717379879,,,,,,,,
CHLORPYRIFOS (BRD:BRD-K08303368-001-10-0),CHLORPYRIFOS,11.0,11.0,-0.5,0.11730680301423817,0.5051310020891897,,,,,,,,
CHLORQUINALDOL (BRD:BRD-K90374350-001-09-2),CHLORQUINALDOL,13.0,13.0,0.21428571428571427,0.4820544547023681,0.804321107938609,,,,,,,,
CHOLECALCIFEROL (BRD:BRD-K62779383-001-05-5),CHOLECALCIFEROL,21.0,21.0,0.3675324675324675,0.10119902708769574,0.466494998120727,4.0,5.0,0.879883948709878,0.838147155547526,0.041736793162352015,0.19047619047619047,Sí,0.5691542288557214
CICLOPIROX (BRD:BRD-K13044802-213-20-7),CICLOPIROX,14.0,14.0,0.07252747252747253,0.8053763135410923,0.948196379809046,,,,,,,,
CID-5458317 (BRD:BRD-A08840375-001-01-3),CID-5458317,21.0,21.0,0.07272727272727272,0.7540636728389067,0.9325465309758468,5.0,4.0,0.861558396606527,0.8401810640981315,0.021377332508395464,0.7301587301587302,Sí,0.9301799413157988
CIMETIDINE (BRD:BRD-K34157611-001-16-0),CIMETIDINE,10.0,10.0,0.0303030303030303,0.9337729580941466,0.9826561405588721,,,,,,,,
CINACALCET (BRD:BRD-K73838513-003-05-5),CINACALCET,21.0,21.0,-0.005194805194805195,0.9821704184352004,0.9951893714922184,4.0,5.0,0.9073793905901975,0.9598225510504212,-0.05244316046022379,1.0,Sí,1.0
CIPROFIBRATE (BRD:BRD-A49358627-001-14-6),CIPROFIBRATE,16.0,16.0,-0.3029411764705882,0.25406688060961136,0.6765364408503279,,,,,,,,
CIS-DDP (BRD:BRD-K69172251-001-08-9),CIS-DDP,17.0,17.0,-0.4926470588235295,0.0445245262088992,0.3525300458925629,3.0,4.0,0.934555616502763,0.9661097107288905,-0.03155409422612754,0.4,Sí,0.7268978084688055
CLADRIBINE (BRD:BRD-K93034159-001-25-8),CLADRIBINE,13.0,13.0,-0.34615384615384615,0.24662526251007172,0.6680064625656237,,,,,,,,
CLOFARABINE (BRD:BRD-K34022604-001-06-6),CLOFARABINE,21.0,21.0,0.574025974025974,0.006506006572823369,0.1697360530283357,4.0,5.0,0.8214678863168605,0.68371657072925,0.13775131558761056,0.031746031746031744,Sí,0.38228905597326646
CLOMIFENE (BRD:BRD-K29950728-048-17-4),CLOMIFENE,16.0,16.0,-0.31176470588235294,0.23980004767411275,0.6658598808057911,4.0,4.0,0.9172928915116461,0.951310853636235,-0.03401796212458896,0.6857142857142857,Sí,0.9268518518518518
CLONAZEPAM (BRD:BRD-K38183498-001-02-0),CLONAZEPAM,20.0,20.0,0.6947368421052631,0.0006752714633826033,0.09127794571811906,4.0,4.0,0.763486201838626,0.6401653208665725,0.12332088097205351,0.02857142857142857,Sí,0.38228905597326646
CMPD-1 (BRD:BRD-K54095730-001-03-1),CMPD-1,22.0,22.0,0.45454545454545453,0.033562881866437376,0.31547598093781004,5.0,5.0,0.922427072712685,0.836844072749624,0.08558299996306096,0.007936507936507936,Sí,0.38228905597326646
CNX-2006 (BRD:BRD-K24869513-001-02-1),CNX-2006,11.0,11.0,-0.14545454545454548,0.6695786456420787,0.8944648353238998,,,,,,,,
CNX-774 (BRD:BRD-K48443249-001-01-0),CNX-774,12.0,12.0,-0.055944055944055944,0.8628980736949713,0.9666466640636846,3.0,3.0,0.884654373481167,0.89997474435016,-0.01532037086899296,0.4,Sí,0.7268978084688055
COBICISTAT (BRD:BRD-K51040301-001-02-1),COBICISTAT,14.0,14.0,-0.01978021978021978,0.9464892274080116,0.9893725661698659,,,,,,,,
COLCHICINE (BRD:BRD-K00259736-001-16-4),COLCHICINE,19.0,19.0,0.12280701754385966,0.6164660517594382,0.8612967147208607,3.0,4.0,0.511756842717522,0.47331544353315547,0.03844139918436651,0.4,Sí,0.7268978084688055
COMBRETASTATIN-A-4 (BRD:BRD-K61195623-001-01-4),COMBRETASTATIN-A-4,21.0,21.0,0.3766233766233766,0.092405309430575,0.4483180671824051,4.0,5.0,0.6845338257894225,0.481285636195958,0.20324818959346447,0.06349206349206349,Sí,0.38228905597326646
COSTUNOLIDE (BRD:BRD-K26833429-001-02-8),COSTUNOLIDE,10.0,10.0,0.406060606060606,0.24428229408662647,0.6680064625656237,,,,,,,,
CP-724714 (BRD:BRD-K76908866-001-07-6),CP-724714,18.0,18.0,-0.5170278637770898,0.02800614736378716,0.28755148979330303,,,,,,,,
"CP-945,598 (BRD:BRD-K09090949-001-01-9)","CP-945,598",20.0,20.0,0.1413533834586466,0.552214438632242,0.8343473658608532,4.0,5.0,0.8844493070489534,0.872519985975345,0.011929321073608445,0.2857142857142857,Sí,0.6838015540944411
CPI-1189 (BRD:BRD-K11073688-001-01-6),CPI-1189,11.0,11.0,0.5636363636363637,0.07095173447637551,0.41196636887186605,,,,,,,,
CPP (BRD:BRD-K66094457-001-01-5),CPP,14.0,14.0,-0.11208791208791209,0.7028331631967695,0.9113093731317877,,,,,,,,
CR8-(R) (BRD:BRD-K40331046-305-01-5),CR8-(R),22.0,22.0,0.2298136645962733,0.30354785916215565,0.720518171075762,5.0,5.0,0.692160932988103,0.586793285837666,0.105367647150437,0.2222222222222222,Sí,0.5889317889317889
CRA-032765 (BRD:BRD-K70301465-001-05-9),CRA-032765,15.0,15.0,-0.6428571428571428,0.009739944695595268,0.20477074205263385,,,,,,,,
CRENOLANIB (BRD:BRD-K22127577-001-03-7),CRENOLANIB,21.0,21.0,0.5532467532467533,0.009281014982756764,0.19988137145790788,5.0,5.0,0.823307847254675,0.69416512947516,0.12914271777951503,0.031746031746031744,Sí,0.38228905597326646
CRIZOTINIB (BRD:BRD-K78431006-001-15-1),CRIZOTINIB,15.0,15.0,-0.13928571428571426,0.6205460876279013,0.8642621378161465,3.0,5.0,0.9276423083874888,0.9548859906824864,-0.027243682294997518,1.0,Sí,1.0
CRIZOTINIB-(S) (BRD:BRD-K40308497-001-01-2),CRIZOTINIB-(S),20.0,20.0,0.3082706766917293,0.18605556077810143,0.604994430854705,4.0,4.0,0.8798262562451744,0.839147880203666,0.04067837604150837,0.05714285714285714,Sí,0.38228905597326646
CROMAKALIM (BRD:BRD-M89827113-001-01-5),CROMAKALIM,12.0,12.0,-0.10489510489510491,0.7456094809807079,0.9308243185298914,,,,,,,,
CRYSTAL-VIOLET (BRD:BRD-K60025295-003-06-6),CRYSTAL-VIOLET,22.0,22.0,0.1044607566346697,0.6436271470407505,0.8770413130200351,5.0,5.0,0.442667318718658,0.504994807680241,-0.062327488961582966,1.0,Sí,1.0
CUDC 101 (BRD:BRD-K41278234-001-03-0),CUDC 101,10.0,10.0,-0.04242424242424241,0.9073638178128159,0.9770759160106299,3.0,3.0,0.782562622652954,0.774031407658031,0.008531214994922931,1.0,Sí,1.0
CUDC-907 (BRD:BRD-K77638923-001-02-0),CUDC-907,22.0,22.0,0.34161490683229817,0.11970214821095865,0.5106135114506111,5.0,5.0,0.487184123520068,0.426816201567535,0.06036792195253299,0.09523809523809523,Sí,0.42448979591836733
CURCUMIN (BRD:BRD-K07572174-001-39-4),CURCUMIN,22.0,22.0,-0.1202710333145116,0.5939407703391391,0.8544481574931787,5.0,5.0,0.855232225267402,0.846105142233449,0.009127083033952932,0.8412698412698413,Sí,1.0
CYC116 (BRD:BRD-K64866502-001-03-9),CYC116,12.0,12.0,-0.1188811188811189,0.712884219214772,0.9177426551750772,,,,,,,,
CYCLOCYTIDINE (BRD:BRD-K67536197-003-11-4),CYCLOCYTIDINE,18.0,18.0,0.49638802889576883,0.03614032375695943,0.3270828544447713,4.0,4.0,0.79952496736198,0.7157753416102746,0.08374962575170541,0.11428571428571428,Sí,0.42448979591836733
CYCLOHEXIMIDE (BRD:BRD-K36055864-001-19-2),CYCLOHEXIMIDE,17.0,17.0,0.4730392156862746,0.055144481799935384,0.3741428027766642,3.0,4.0,0.877733824694573,0.7795382801040756,0.0981955445904974,0.6285714285714286,Sí,0.8921658986175115
CYCLOVALONE (BRD:BRD-K59866480-001-07-3),CYCLOVALONE,21.0,21.0,0.1012987012987013,0.6621759840226068,0.8886039420850483,4.0,5.0,0.8924807169053645,0.892326236914819,0.00015447999054540862,0.9047619047619049,Sí,1.0
CYCLOVIROBUXIN-D (BRD:BRD-K27799744-001-02-8),CYCLOVIROBUXIN-D,14.0,14.0,0.3802197802197802,0.17990614630608132,0.6049015183003066,,,,,,,,
CYPROTERONE-ACETATE (BRD:BRD-K41141507-001-16-2),CYPROTERONE-ACETATE,16.0,16.0,-0.2323529411764706,0.386511349907985,0.7663692375297371,4.0,3.0,0.9022596348467524,0.970028097779598,-0.06776846293284555,0.6285714285714286,Sí,0.8921658986175115
CYT-997 (BRD:BRD-K23363278-001-02-1),CYT-997,20.0,20.0,0.5759398496240601,0.007870940177445083,0.1827542325058525,4.0,5.0,0.6553644047785105,0.536603017586546,0.1187613871919645,0.015873015873015872,Sí,0.38228905597326646
CYTOCHALASIN-B (BRD:BRD-K47000838-001-01-6),CYTOCHALASIN-B,19.0,19.0,0.15614035087719297,0.5232597112042989,0.8235977272609553,4.0,5.0,0.8750915003682449,0.816393590768327,0.05869790959991794,0.2857142857142857,Sí,0.6838015540944411
CYTOCHLOR (BRD:BRD-K48988407-001-01-2),CYTOCHLOR,17.0,17.0,0.32598039215686275,0.20163694355296405,0.6285637561054869,,,,,,,,
D-64131 (BRD:BRD-K26997899-001-02-2),D-64131,18.0,18.0,0.281733746130031,0.2573753757323143,0.6800117094722046,4.0,4.0,0.7280283158004766,0.6113398589550565,0.11668845684542006,0.34285714285714286,Sí,0.7268978084688055
D-7193 (BRD:BRD-K32372024-001-01-0),D-7193,17.0,17.0,-0.06862745098039216,0.7935424429160596,0.9402289225394803,,,,,,,,
DABRAFENIB (BRD:BRD-K09951645-001-11-8),DABRAFENIB,10.0,10.0,0.49090909090909085,0.1496556734208368,0.5647263232076876,3.0,3.0,0.9550916156890886,0.924200723781636,0.030890891907452644,0.7,Sí,0.9268518518518518
DACARBAZINE (BRD:BRD-K35520305-001-16-9),DACARBAZINE,12.0,12.0,-0.16783216783216784,0.6020994277865379,0.8544481574931787,,,,,,,,
DACINOSTAT (BRD:BRD-K56957086-001-06-3),DACINOSTAT,21.0,21.0,0.2857142857142857,0.2092950927335546,0.6307425490912243,5.0,4.0,0.590974286896577,0.54972845613166,0.04124583076491706,0.19047619047619047,Sí,0.5691542288557214
DACLATASVIR (BRD:BRD-K82861010-001-02-5),DACLATASVIR,14.0,14.0,-0.5340659340659341,0.04915991637198507,0.3558049684955969,,,,,,,,
DACOMITINIB (BRD:BRD-K57169635-001-04-5),DACOMITINIB,20.0,20.0,-0.38947368421052625,0.08961904769837135,0.4396312173203439,5.0,5.0,0.6898761733636252,0.8240575019647307,-0.13418132860110554,0.05555555555555555,Sí,0.38228905597326646
DANUSERTIB (BRD:BRD-K07881437-001-04-6),DANUSERTIB,21.0,21.0,0.4207792207792207,0.05750513790191279,0.3782528700529743,5.0,4.0,0.769277108195846,0.394844315614417,0.37443279258142903,0.031746031746031744,Sí,0.38228905597326646
DAPIVIRINE (BRD:BRD-K12885236-001-02-7),DAPIVIRINE,17.0,17.0,0.6299019607843138,0.00672792962173471,0.1697360530283357,4.0,3.0,0.8873622011480995,0.758176256681432,0.12918594446666753,0.05714285714285714,Sí,0.38228905597326646
DARAPLADIB (BRD:BRD-K19085898-001-01-8),DARAPLADIB,17.0,17.0,0.11029411764705883,0.6734589975422938,0.8982844332777121,4.0,4.0,0.9329995082058815,0.941266205935576,-0.008266697729694461,1.0,Sí,1.0
DARIFENACIN (BRD:BRD-K95773607-004-03-8),DARIFENACIN,14.0,14.0,-0.3406593406593406,0.23331605103682382,0.6595505708441295,3.0,3.0,0.872958097523862,0.911773772502339,-0.038815674978477044,0.1,Sí,0.42448979591836733
DASATINIB (BRD:BRD-K49328571-001-15-0),DASATINIB,12.0,12.0,-0.07692307692307693,0.8121826980280591,0.948620796770868,,,,,,,,
DAUNORUBICIN (BRD:BRD-K43389675-001-02-1),DAUNORUBICIN,19.0,19.0,0.5157894736842105,0.02379180877011268,0.2755039064647447,5.0,4.0,0.8467139641436761,0.7610686208421683,0.08564534330150775,0.1111111111111111,Sí,0.42448979591836733
DCEBIO (BRD:BRD-K89299012-001-06-0),DCEBIO,18.0,18.0,0.6305469556243549,0.005025142219255446,0.16434076220750218,4.0,4.0,0.884385600393041,0.79070284539438,0.09368275499866108,0.02857142857142857,Sí,0.38228905597326646
DECITABINE (BRD:BRD-K79254416-001-21-8),DECITABINE,16.0,16.0,0.2647058823529412,0.3218043958686153,0.7331363636513977,3.0,4.0,0.9508938260956596,0.7938739866519122,0.15701983944374742,0.4,Sí,0.7268978084688055
DEFACTINIB (BRD:BRD-K43578482-001-01-4),DEFACTINIB,15.0,15.0,-0.13214285714285715,0.6387442188840664,0.8725981673429464,,,,,,,,
DEFLAZACORT (BRD:BRD-K96006502-001-02-6),DEFLAZACORT,14.0,14.0,0.1076923076923077,0.7140308087262492,0.9177426551750772,,,,,,,,
DEFOROLIMUS (BRD:BRD-K62304154-001-04-2),DEFOROLIMUS,21.0,21.0,-0.07532467532467534,0.7455550758529895,0.9308243185298914,5.0,5.0,0.629538686062214,0.565018146050756,0.06452054001145802,1.0,Sí,1.0
DELANZOMIB (BRD:BRD-K59325863-001-02-8),DELANZOMIB,22.0,22.0,0.012987012987012988,0.9542576793321902,0.9893725661698659,5.0,5.0,0.454709137492305,0.460368911210944,-0.005659773718638961,0.8412698412698413,Sí,1.0
DEOXYCORTICOSTERONE-ACETATE (BRD:BRD-K24556098-001-16-7),DEOXYCORTICOSTERONE-ACETATE,21.0,21.0,0.34675324675324676,0.12357109818269166,0.5122689187573556,5.0,5.0,0.7476907805755,0.736770829203966,0.010919951371534009,0.42063492063492064,Sí,0.7268978084688055
DEQUALINIUM (BRD:BRD-K77685957-300-09-1),DEQUALINIUM,18.0,18.0,-0.11455108359133126,0.6508342238705321,0.882292168234789,,,,,,,,
DESONIDE (BRD:BRD-K21528677-001-02-8),DESONIDE,11.0,11.0,0.10000000000000002,0.7698749998921367,0.9382723639905493,,,,,,,,
DEXRAZOXANE (BRD:BRD-K07265709-003-05-6),DEXRAZOXANE,19.0,19.0,0.4333333333333333,0.06382621222101989,0.38609573035697053,3.0,4.0,0.883496072194134,0.7883224638598675,0.09517360833426647,0.11428571428571428,Sí,0.42448979591836733
DIANHYDROGALACTITOL (BRD:BRD-K68502831-001-01-2),DIANHYDROGALACTITOL,18.0,18.0,0.1991744066047472,0.42815803191920493,0.7784837999874641,4.0,5.0,0.817067306485864,0.809236739720329,0.007830566765535063,0.5555555555555556,Sí,0.8635265700483092
DICHLOROACETATE (BRD:BRD-M97302542-001-04-4),DICHLOROACETATE,,,,,,3.0,3.0,0.9632875809886324,0.9255579871281284,0.03772959386050401,0.2,Sí,0.5691542288557214
DICHLORVOS (BRD:BRD-K23779958-001-05-8),DICHLORVOS,21.0,21.0,0.16623376623376623,0.471422022315551,0.7928869441992983,5.0,5.0,0.79647649456756,0.796106600882539,0.0003698936850209389,0.8412698412698413,Sí,1.0
DICLAZURIL (BRD:BRD-A06426627-001-03-5),DICLAZURIL,20.0,20.0,0.5338345864661653,0.015337046800217394,0.2441677750204731,4.0,4.0,0.865276335393425,0.7863983975753774,0.07887793781804753,0.02857142857142857,Sí,0.38228905597326646
DIFLUPREDNATE (BRD:BRD-K33720171-001-01-0),DIFLUPREDNATE,20.0,20.0,0.24661654135338343,0.2945519940720424,0.7113692473211594,4.0,5.0,0.8505397096729845,0.793886851465108,0.05665285820787658,0.19047619047619047,Sí,0.5691542288557214
DIGITOXIGENIN (BRD:BRD-K18518344-001-15-9),DIGITOXIGENIN,22.0,22.0,0.21964991530208924,0.32601325111651935,0.7339887610086854,5.0,5.0,0.711250227258069,0.665473196485823,0.04577703077224593,0.5476190476190477,Sí,0.8635265700483092
DIGITOXIN (BRD:BRD-A93236127-001-04-5),DIGITOXIN,11.0,11.0,-0.07272727272727274,0.831716405381337,0.9537734882489877,,,,,,,,
DIGOXIGENIN (BRD:BRD-K18619710-001-14-4),DIGOXIGENIN,19.0,19.0,-0.08596491228070174,0.7263970439793996,0.9212238582232287,5.0,5.0,0.865823664460373,0.872616954257704,-0.00679328979733107,0.8412698412698413,Sí,1.0
DIGOXIN (BRD:BRD-A94756469-001-04-7),DIGOXIN,20.0,20.0,0.024060150375939848,0.9197997451459456,0.9785339457396024,4.0,4.0,0.6395836998577775,0.599063538498091,0.0405201613596865,0.4857142857142857,Sí,0.8123642439431913
DIHYDROMYRICETIN (BRD:BRD-K01614093-001-02-6),DIHYDROMYRICETIN,15.0,15.0,0.18214285714285713,0.5158816817070393,0.8207631080131814,,,,,,,,
DINACICLIB (BRD:BRD-K13662825-001-07-5),DINACICLIB,21.0,21.0,0.7779220779220779,3.305455558896248e-05,0.02918717258505387,4.0,5.0,0.781549987843766,0.554394719775519,0.22715526806824693,0.015873015873015872,Sí,0.38228905597326646
DIOSCIN (BRD:BRD-K37723606-001-01-5),DIOSCIN,21.0,21.0,0.3,0.18641143545847969,0.604994430854705,5.0,5.0,0.858108402774129,0.829146281218645,0.028962121555484055,0.30952380952380953,Sí,0.7081904761904761
DIPHENYLENEIODONIUM (BRD:BRD-K65814004-003-02-9),DIPHENYLENEIODONIUM,19.0,19.0,0.04035087719298246,0.8697227104002634,0.9697975468329533,4.0,4.0,0.5623005310760965,0.479548061984731,0.08275246909136547,0.34285714285714286,Sí,0.7268978084688055
DISULFIRAM (BRD:BRD-K32744045-001-31-2),DISULFIRAM,22.0,22.0,0.16996047430830044,0.44954166436454235,0.780776068598229,5.0,5.0,0.733396188744195,0.709893928053714,0.023502260690481003,0.30952380952380953,Sí,0.7081904761904761
DOCETAXEL (BRD:BRD-K30577245-001-05-0),DOCETAXEL,13.0,13.0,0.23626373626373626,0.43708354383118136,0.7799208652754643,,,,,,,,
DOLASTATIN-10 (BRD:BRD-K78567475-001-01-4),DOLASTATIN-10,21.0,21.0,0.4142857142857143,0.061879942683025164,0.38209782789588265,5.0,5.0,0.274578843048274,0.0924247457825988,0.18215409726567522,0.15079365079365079,Sí,0.5291654494108482
DOLUTEGRAVIR (BRD:BRD-K36386086-001-01-1),DOLUTEGRAVIR,17.0,17.0,-0.4852941176470589,0.048308194284258345,0.3525300458925629,4.0,3.0,0.8486809171568435,0.896510501658927,-0.04782958450208352,0.22857142857142856,Sí,0.5889317889317889
DOMIPHEN (BRD:BRD-K30431096-004-01-3),DOMIPHEN,17.0,17.0,0.46813725490196084,0.058071924895836145,0.3782528700529743,3.0,4.0,0.905912449711381,0.8606608598796559,0.04525158983172506,0.11428571428571428,Sí,0.42448979591836733
DOVITINIB (BRD:BRD-K85402309-043-01-9),DOVITINIB,16.0,16.0,-0.25,0.35039147910720203,0.7491420727643084,3.0,5.0,0.9185964480310572,0.9404613738744074,-0.021864925843350203,0.5714285714285714,Sí,0.8669950738916256
DOXIFLURIDINE (BRD:BRD-K58262659-001-09-7),DOXIFLURIDINE,14.0,14.0,0.1252747252747253,0.6695823965448445,0.8944648353238998,,,,,,,,
DOXORUBICIN (BRD:BRD-K92093830-003-30-8),DOXORUBICIN,21.0,21.0,0.26493506493506497,0.24579261871540742,0.6680064625656237,5.0,4.0,0.622687177938792,0.556735281981418,0.06595189595737405,0.1111111111111111,Sí,0.42448979591836733
DPI-201106 (BRD:BRD-A64553394-001-04-4),DPI-201106,18.0,18.0,0.06914344685242517,0.785147870866694,0.9402289225394803,4.0,4.0,0.837118818510105,0.811285554898312,0.025833263611792945,1.0,Sí,1.0
DRONEDARONE (BRD:BRD-K05524748-003-04-4),DRONEDARONE,19.0,19.0,-0.14736842105263157,0.5471363428592276,0.8343473658608532,3.0,4.0,0.846256797013009,0.875868974326449,-0.029612177313439902,0.11428571428571428,Sí,0.42448979591836733
DROSPIRENONE (BRD:BRD-K04394237-001-03-7),DROSPIRENONE,16.0,16.0,0.032352941176470584,0.9053195187918449,0.9770759160106299,3.0,3.0,0.979162987952817,0.876003897627527,0.10315909032529003,0.7,Sí,0.9268518518518518
E7449 (BRD:BRD-K05444225-001-01-7),E7449,16.0,16.0,-0.24705882352941175,0.35627504151257744,0.7508135123045486,,,,,,,,
EBASTINE (BRD:BRD-K13314656-001-01-0),EBASTINE,20.0,20.0,-0.23308270676691725,0.3226780250046228,0.7331363636513977,3.0,5.0,0.914009491493016,0.938691235877808,-0.02468174438479198,0.5714285714285714,Sí,0.8669950738916256
ECAMSULE-TRIETHANOLAMINE (BRD:BRD-A47953250-001-01-7),ECAMSULE-TRIETHANOLAMINE,11.0,11.0,0.10909090909090911,0.7495085962341481,0.9308243185298914,,,,,,,,
ECHINOMYCIN (BRD:BRD-A68969091-001-12-7),ECHINOMYCIN,21.0,21.0,0.2584415584415584,0.2579885873988545,0.6800117094722046,5.0,4.0,0.258198797950187,0.142304469767109,0.11589432818307802,0.4126984126984127,Sí,0.7268978084688055
EFONIDIPINE-MONOETHANOLATE (BRD:BRD-M92675308-003-07-1),EFONIDIPINE-MONOETHANOLATE,14.0,14.0,-0.18681318681318684,0.5225040123791592,0.8235977272609553,,,,,,,,
EKB 569 (BRD:BRD-K08799216-001-05-3),EKB 569,17.0,17.0,-0.19117647058823534,0.46232612062451384,0.7911510940144296,5.0,4.0,0.7665448944711422,0.9360491252743357,-0.16950423080319355,0.4126984126984127,Sí,0.7268978084688055
ELACRIDAR (BRD:BRD-K88807631-001-01-3),ELACRIDAR,15.0,15.0,-0.4964285714285714,0.05979741374992394,0.3782528700529743,,,,,,,,
ELESCLOMOL (BRD:BRD-K82135108-001-04-3),ELESCLOMOL,17.0,17.0,0.002450980392156863,0.9925511887884692,0.9970679177476885,4.0,5.0,0.7064430422942256,0.6204481431542304,0.08599489913999525,0.7301587301587302,Sí,0.9301799413157988
ELOXATIN (BRD:BRD-K78960041-001-05-7),ELOXATIN,17.0,17.0,0.35539215686274517,0.16154091235760815,0.570562502447072,4.0,5.0,0.895708730777239,0.800239690612781,0.09546904016445801,0.2857142857142857,Sí,0.6838015540944411
ELTROMBOPAG (BRD:BRD-K40496271-396-01-1),ELTROMBOPAG,14.0,14.0,-0.03736263736263736,0.8990930969739669,0.9746808320652924,,,,,,,,
EMBELIC ACID (BRD:BRD-K86727142-001-12-4),EMBELIC ACID,17.0,17.0,0.5343137254901961,0.027139775804459698,0.28755148979330303,4.0,4.0,0.9450671917047965,0.905554845326149,0.03951234637864742,0.02857142857142857,Sí,0.38228905597326646
EMETINE (BRD:BRD-A25687296-300-04-3),EMETINE,20.0,20.0,0.7233082706766917,0.00031340341734179564,0.06918380437820139,4.0,4.0,0.722438946335915,0.5663975671730546,0.15604137916286043,0.02857142857142857,Sí,0.38228905597326646
ENDO-IWR-1 (BRD:BRD-K61314889-001-04-4),ENDO-IWR-1,19.0,19.0,0.28947368421052627,0.22933513423022364,0.6595505708441295,4.0,3.0,0.8743039263947675,0.833842934767401,0.040460991627366494,0.05714285714285714,Sí,0.38228905597326646
ENMD-2076 (BRD:BRD-K68488863-001-04-9),ENMD-2076,18.0,18.0,0.06914344685242517,0.785147870866694,0.9402289225394803,3.0,3.0,0.921098302593459,0.881194615031166,0.03990368756229301,0.4,Sí,0.7268978084688055
ENTINOSTAT (BRD:BRD-K77908580-001-09-6),ENTINOSTAT,21.0,21.0,0.33896103896103896,0.1328105963995839,0.5308699567441867,5.0,5.0,0.895028537845442,0.828733838910254,0.06629469893518802,0.15079365079365079,Sí,0.5291654494108482
EPINEPHRINE (BRD:BRD-K63126190-003-01-6),EPINEPHRINE,16.0,16.0,0.07058823529411765,0.7950393023376281,0.9402289225394803,3.0,3.0,0.944907941149251,0.920795754793839,0.024112186355412013,0.7,Sí,0.9268518518518518
EPIRUBICIN (BRD:BRD-K04548931-003-16-5),EPIRUBICIN,11.0,11.0,-0.4090909090909091,0.21154501034209602,0.632497173542649,,,,,,,,
EPLERENONE (BRD:BRD-K19761926-001-03-6),EPLERENONE,18.0,18.0,0.17440660474716205,0.4888387099593369,0.804321107938609,4.0,4.0,0.881785542548341,0.873217564351472,0.008567978196868942,0.8857142857142857,Sí,1.0
EPOTHILONE-A (BRD:BRD-K71823332-001-03-7),EPOTHILONE-A,22.0,22.0,0.4138904573687183,0.05550702963051303,0.3741428027766642,5.0,5.0,0.579392272535308,0.43736136300633,0.142030909528978,0.2222222222222222,Sí,0.5889317889317889
EPOTHILONE-B (BRD:BRD-K68164687-001-01-6),EPOTHILONE-B,22.0,22.0,0.21174477696216829,0.34415653121964956,0.7411956513828063,5.0,5.0,0.38543520195372,0.262773043854361,0.12266215809935899,0.2222222222222222,Sí,0.5889317889317889
EPOTHILONE-D (BRD:BRD-K52762805-001-01-2),EPOTHILONE-D,20.0,20.0,0.5548872180451127,0.011103504265934592,0.22192498824595153,4.0,4.0,0.40976855549644353,0.08156790937308755,0.328200646123356,0.11428571428571428,Sí,0.42448979591836733
EPRINOMECTIN (BRD:BRD-A91366704-001-01-9),EPRINOMECTIN,12.0,12.0,-0.06293706293706294,0.8459309212287789,0.9638154883161442,,,,,,,,
EPROBEMIDE (BRD:BRD-K17979676-001-01-2),EPROBEMIDE,10.0,10.0,-0.0303030303030303,0.9337729580941466,0.9826561405588721,,,,,,,,
EQUOL (BRD:BRD-K54847683-001-04-0),EQUOL,11.0,11.0,-0.05454545454545456,0.8734465775233149,0.9697975468329533,,,,,,,,
ER-27319 (BRD:BRD-K11927976-050-02-9),ER-27319,22.0,22.0,0.4669678147939018,0.028449501046477796,0.28874608533379187,5.0,5.0,0.863316122940566,0.819078247188588,0.04423787575197802,0.007936507936507936,Sí,0.38228905597326646
ERASTIN (BRD:BRD-A25004090-001-08-4),ERASTIN,11.0,11.0,-0.4272727272727273,0.18994372496542714,0.6076822795089571,,,,,,,,
ERCALCITRIOL (BRD:BRD-K84163249-001-01-9),ERCALCITRIOL,13.0,13.0,-0.19780219780219782,0.5171309114848299,0.821270854030764,,,,,,,,
ERDAFITINIB (BRD:BRD-K84868168-001-01-0),ERDAFITINIB,10.0,10.0,0.29696969696969694,0.40470167127015705,0.7734882591591963,,,,,,,,
ESTRAMUSTINE (BRD:BRD-A70858459-001-01-7),ESTRAMUSTINE,12.0,12.0,0.7342657342657343,0.006543490146837884,0.1697360530283357,,,,,,,,
ETHACRIDINE-LACTATE-MONOHYDRATE (BRD:BRD-K24715592-406-02-1),ETHACRIDINE-LACTATE-MONOHYDRATE,16.0,16.0,0.15,0.5792486306642535,0.841731368421053,3.0,3.0,0.840241546477658,0.807204641891735,0.03303690458592301,0.4,Sí,0.7268978084688055
ETOPOSIDE (BRD:BRD-K37798499-001-27-2),ETOPOSIDE,16.0,16.0,0.18235294117647058,0.4990748572458002,0.807040166382094,,,,,,,,
ETOPOSIDE-PHOSPHATE (BRD:BRD-K72533376-001-01-2),ETOPOSIDE-PHOSPHATE,11.0,11.0,-0.20000000000000004,0.5554454421055853,0.8346329721632294,,,,,,,,
ETP-46464 (BRD:BRD-K24556407-001-02-3),ETP-46464,22.0,22.0,-0.026538678712591763,0.9066765277008432,0.9770759160106299,5.0,5.0,0.779348087331022,0.823179792927201,-0.043831705596178994,1.0,Sí,1.0
EVACETRAPIB (BRD:BRD-K16551357-001-03-2),EVACETRAPIB,17.0,17.0,0.08823529411764706,0.7363051515421217,0.9231732340606531,4.0,4.0,0.9437864915279706,0.8526254828602515,0.09116100866771903,0.4857142857142857,Sí,0.8123642439431913
EVEROLIMUS (BRD:BRD-K13514097-001-04-6),EVEROLIMUS,11.0,11.0,0.09090909090909091,0.7903727377532903,0.9402289225394803,,,,,,,,
EVODIAMINE (BRD:BRD-A68631409-001-05-4),EVODIAMINE,19.0,19.0,-0.021052631578947368,0.9318278746837038,0.9826561405588721,3.0,5.0,0.832699852283405,0.823725337086374,0.008974515197031074,0.5714285714285714,Sí,0.8669950738916256
EVP4593 (BRD:BRD-K68395654-001-03-1),EVP4593,22.0,22.0,0.17899491812535295,0.4254382439036578,0.7784837999874641,5.0,5.0,0.613850288408304,0.542575270131905,0.07127501827639904,0.42063492063492064,Sí,0.7268978084688055
EX-8678 (BRD:BRD-K07972848-001-02-0),EX-8678,15.0,15.0,-0.39999999999999997,0.13959512937214466,0.5454092886531138,3.0,4.0,0.459131547018241,0.5512947822060119,-0.09216323518777092,0.22857142857142856,Sí,0.5889317889317889
EXATECAN-MESYLATE (BRD:BRD-K92150287-066-01-2),EXATECAN-MESYLATE,15.0,15.0,0.47142857142857136,0.07607042915033116,0.4158424847475296,,,,,,,,
EXEL-2880 (BRD:BRD-K03449891-001-08-6),EXEL-2880,12.0,12.0,-0.04195804195804196,0.8969858708195542,0.9746808320652924,,,,,,,,
EXELBINE (BRD:BRD-K69280563-001-01-8),EXELBINE,22.0,22.0,0.38565782044042923,0.07629273219603601,0.4158424847475296,5.0,5.0,0.78662715980719,0.600253879615388,0.186373280191802,0.15079365079365079,Sí,0.5291654494108482
FDCYD (BRD:BRD-K18157228-001-01-7),FDCYD,18.0,18.0,0.07120743034055728,0.7788829476841139,0.9382723639905493,3.0,4.0,0.773141054540985,0.711815451714369,0.06132560282661603,0.22857142857142856,Sí,0.5889317889317889
FEDRATINIB (BRD:BRD-K12502280-001-08-0),FEDRATINIB,19.0,19.0,0.1456140350877193,0.5519696732095334,0.8343473658608532,3.0,5.0,0.891292508759454,0.857750331980202,0.033542176779251975,0.5714285714285714,Sí,0.8669950738916256
FENBENDAZOLE (BRD:BRD-K51318897-001-15-3),FENBENDAZOLE,19.0,19.0,0.2789473684210526,0.24747875892631568,0.6682683306787056,4.0,3.0,0.7794868801699946,0.472654935882937,0.30683194428705757,0.22857142857142856,Sí,0.5889317889317889
FENOPROFEN (BRD:BRD-A81129465-001-03-8),FENOPROFEN,13.0,13.0,-0.2857142857142857,0.3440002182586698,0.7411956513828063,,,,,,,,
FERB-033 (BRD:BRD-K61642990-001-01-0),FERB-033,11.0,11.0,-0.26363636363636367,0.43344073761161456,0.7797639470669321,,,,,,,,
FEXINIDAZOLE (BRD:BRD-K37069697-001-01-3),FEXINIDAZOLE,11.0,11.0,0.7090909090909092,0.014552051953727713,0.24256264117551216,,,,,,,,
FILANESIB (BRD:BRD-K37379014-001-02-0),FILANESIB,14.0,14.0,0.6351648351648352,0.014657881327289134,0.24256264117551216,,,,,,,,
FK-3311 (BRD:BRD-K38350380-001-01-8),FK-3311,14.0,14.0,0.05054945054945055,0.8637420361792153,0.9666466640636846,3.0,3.0,0.845555941610397,0.86740259712199,-0.021846655511592927,1.0,Sí,1.0
FK-866 (BRD:BRD-K58550667-001-08-7),FK-866,15.0,15.0,-0.007142857142857141,0.9798442277615982,0.9951893714922184,,,,,,,,
FLI-06 (BRD:BRD-A44500574-001-01-8),FLI-06,12.0,12.0,0.09090909090909093,0.7787253962454419,0.9382723639905493,,,,,,,,
FLOXURIDINE (BRD:BRD-K47832606-001-30-1),FLOXURIDINE,20.0,20.0,0.4120300751879699,0.07104721866412453,0.41196636887186605,5.0,4.0,0.769721495140663,0.6458008180850755,0.12392067705558751,0.031746031746031744,Sí,0.38228905597326646
FLUBENDAZOLE (BRD:BRD-K86003836-001-10-5),FLUBENDAZOLE,19.0,19.0,0.12280701754385966,0.6164660517594382,0.8612967147208607,,,,,,,,
FLUDARA (BRD:BRD-K66788707-001-14-3),FLUDARA,11.0,11.0,0.5,0.11730680301423817,0.5051310020891897,,,,,,,,
FLUDARABINE-PHOSPHATE (BRD:BRD-K71106091-001-06-1),FLUDARABINE-PHOSPHATE,13.0,13.0,0.010989010989010988,0.971577682777073,0.9917954842683878,,,,,,,,
FLUMETHASONE (BRD:BRD-K61496577-001-20-2),FLUMETHASONE,11.0,11.0,0.3181818181818182,0.34029761418190335,0.7401054022724647,3.0,3.0,0.961396175105014,0.837129747405944,0.12426642769906993,0.4,Sí,0.7268978084688055
FLUOROMETHOLONE (BRD:BRD-A13133631-001-04-0),FLUOROMETHOLONE,17.0,17.0,0.058823529411764705,0.8225588681711513,0.9506799484229406,,,,,,,,
FLUOROURACIL (BRD:BRD-K24844714-001-24-5),FLUOROURACIL,13.0,13.0,0.07142857142857142,0.8166280406760861,0.9492062708517403,,,,,,,,
FLUTICASONE-PROPIONATE (BRD:BRD-K62310379-001-10-5),FLUTICASONE-PROPIONATE,17.0,17.0,-0.07598039215686275,0.7719448512425435,0.9382723639905493,4.0,3.0,0.8709391998262925,0.896674938023987,-0.02573573819769448,1.0,Sí,1.0
FLUVASTATIN (BRD:BRD-K66296774-236-11-3),FLUVASTATIN,21.0,21.0,0.33766233766233766,0.13439697248841173,0.5308699567441867,5.0,5.0,0.87080430040993,0.763689898764151,0.1071144016457789,0.09523809523809523,Sí,0.42448979591836733
FOSBRETABULIN (BRD:BRD-K06814349-304-02-7),FOSBRETABULIN,14.0,14.0,0.3186813186813187,0.26678496081136144,0.6830530000476708,,,,,,,,
FOSCARNET (BRD:BRD-K85146014-314-05-4),FOSCARNET,15.0,15.0,-0.024999999999999998,0.9295289708192378,0.9826561405588721,3.0,4.0,0.893998478459532,0.8937088213605555,0.0002896570989764369,1.0,Sí,1.0
FR-139317 (BRD:BRD-K19318328-001-01-3),FR-139317,10.0,10.0,0.06666666666666665,0.8548130882487427,0.9639855930264206,,,,,,,,
FRENTIZOLE (BRD:BRD-K07202345-001-19-4),FRENTIZOLE,19.0,19.0,-0.24035087719298245,0.32160243714265596,0.7331363636513977,4.0,5.0,0.7746333815124304,0.820385720146078,-0.04575233863364758,0.2857142857142857,Sí,0.6838015540944411
FUDOSTEINE (BRD:BRD-K54838207-001-03-8),FUDOSTEINE,11.0,11.0,0.36363636363636365,0.27163754099382253,0.6853027105644152,,,,,,,,
G-1 (BRD:BRD-K62696033-001-01-4),G-1,16.0,16.0,-0.23823529411764705,0.37425412972798855,0.7641955766791809,,,,,,,,
GALETERONE (BRD:BRD-A07986123-001-02-8),GALETERONE,20.0,20.0,-0.4360902255639097,0.05458409967322206,0.3741428027766642,5.0,4.0,0.790973225058534,0.8248154991182325,-0.03384227405969853,0.19047619047619047,Sí,0.5691542288557214
GAMBOGIC-ACID (BRD:BRD-K08542803-001-02-3),GAMBOGIC-ACID,21.0,21.0,0.22467532467532467,0.3275102738815652,0.7339887610086854,4.0,5.0,0.7029362894060869,0.6657295270627336,0.037206762343353295,0.5555555555555556,Sí,0.8635265700483092
GANETESPIB (BRD:BRD-K38852836-001-02-1),GANETESPIB,16.0,16.0,0.01764705882352941,0.9482801500547113,0.9893725661698659,,,,,,,,
GASTRODIN (BRD:BRD-K81613478-001-01-8),GASTRODIN,15.0,15.0,-0.25357142857142856,0.3618161038158894,0.7573771421435671,,,,,,,,
GDC-0152 (BRD:BRD-K68938568-001-01-7),GDC-0152,16.0,16.0,0.0823529411764706,0.7617330787524739,0.9346575308954613,,,,,,,,
GDC-0349 (BRD:BRD-K43187018-001-03-3),GDC-0349,21.0,21.0,-0.07792207792207792,0.7370748924266822,0.9231732340606531,4.0,5.0,0.6907051183399799,0.67544760987334,0.01525750846663998,0.9047619047619049,Sí,1.0
GDC-0980 (BRD:BRD-K23228615-001-02-8),GDC-0980,17.0,17.0,-0.14705882352941177,0.5732772908660001,0.8395769081701513,5.0,3.0,0.7510249796669406,0.8001949078856424,-0.04916992821870181,0.7857142857142857,Sí,0.9834323226008127
GEFITINIB (BRD:BRD-K64052750-001-22-5),GEFITINIB,18.0,18.0,-0.5583075335397317,0.01603820039772077,0.2441677750204731,5.0,4.0,0.6751559262881893,0.9187664431011355,-0.2436105168129462,0.015873015873015872,Sí,0.38228905597326646
GEMCITABINE (BRD:BRD-K15108141-001-06-6),GEMCITABINE,17.0,17.0,0.6397058823529412,0.005684790088863981,0.1697360530283357,4.0,4.0,0.5082607348699275,0.202655840049217,0.3056048948207105,0.02857142857142857,Sí,0.38228905597326646
GENIPIN (BRD:BRD-K28824103-001-02-8),GENIPIN,18.0,18.0,0.4757481940144479,0.0459785720312123,0.3525300458925629,4.0,5.0,0.9368982587066506,0.797229072999745,0.13966918570690556,0.06349206349206349,Sí,0.38228905597326646
GENZ-644282 (BRD:BRD-K99475619-001-01-2),GENZ-644282,21.0,21.0,0.6246753246753247,0.002467394475033326,0.14848690265381279,5.0,4.0,0.441138663779056,0.2797689525390915,0.16136971123996446,0.015873015873015872,Sí,0.38228905597326646
GGTI-298 (BRD:BRD-K19669037-001-01-1),GGTI-298,10.0,10.0,0.19999999999999998,0.5795840000000002,0.841731368421053,,,,,,,,
GINKGOLIDE-A (BRD:BRD-A95121829-001-08-9),GINKGOLIDE-A,12.0,12.0,-0.08391608391608392,0.7954145018538978,0.9402289225394803,,,,,,,,
GIVINOSTAT (BRD:BRD-K13810148-311-03-2),GIVINOSTAT,21.0,21.0,0.4,0.07239002577225485,0.4150674854344223,5.0,4.0,0.741723068259459,0.6464283361179519,0.09529473214150708,0.19047619047619047,Sí,0.5691542288557214
GOLGICIDE-A (BRD:BRD-A57886255-001-01-1),GOLGICIDE-A,15.0,15.0,-0.010714285714285713,0.9697698761545686,0.9917954842683878,3.0,4.0,0.928549991878672,0.917776972131077,0.010773019747595036,0.8571428571428571,Sí,1.0
GOLVATINIB (BRD:BRD-K69001009-001-02-8),GOLVATINIB,16.0,16.0,0.1647058823529412,0.542148135201078,0.8343473658608532,3.0,3.0,0.9613081747065187,0.955463555474462,0.0058446192320567025,0.7,Sí,0.9268518518518518
GOSSYPOL (BRD:BRD-K19295594-015-14-3),GOSSYPOL,20.0,20.0,-0.23609022556390977,0.3162939707830972,0.7273113963580073,4.0,4.0,0.7996359534642046,0.8308952749979595,-0.03125932153375488,0.34285714285714286,Sí,0.7268978084688055
GSK 1904529A (BRD:BRD-K04833372-001-06-2),GSK 1904529A,11.0,11.0,-0.23636363636363636,0.4840911622253965,0.804321107938609,,,,,,,,
GSK 650394 (BRD:BRD-K14991967-001-02-6),GSK 650394,17.0,17.0,0.13235294117647062,0.6125925983674195,0.8599670339561709,4.0,5.0,0.893756543800311,0.885159883177642,0.00859666062266895,0.9047619047619049,Sí,1.0
GSK-1070916 (BRD:BRD-K36740062-001-06-6),GSK-1070916,17.0,17.0,0.34558823529411764,0.17425156925857005,0.5932199448549884,3.0,4.0,0.867566684306556,0.6942606901243296,0.17330599418222647,0.4,Sí,0.7268978084688055
GSK-2141795 (BRD:BRD-K38332599-001-01-3),GSK-2141795,20.0,20.0,-0.3383458646616541,0.14452609966359925,0.5572774934626994,5.0,5.0,0.794019338973553,0.8500508822995365,-0.05603154332598348,0.42063492063492064,Sí,0.7268978084688055
GSK-3-INHIBITOR-IX (BRD:BRD-K04923131-001-15-4),GSK-3-INHIBITOR-IX,12.0,12.0,-0.18881118881118883,0.5567370561768314,0.8346329721632294,,,,,,,,
GSK-J4 (BRD:BRD-K98203492-003-04-1),GSK-J4,21.0,21.0,0.2896103896103896,0.2028773165232885,0.6285637561054869,5.0,5.0,0.839739315474844,0.82496868392214,0.014770631552704083,0.5476190476190477,Sí,0.8635265700483092
GSK1292263 (BRD:BRD-K60341624-001-02-2),GSK1292263,15.0,15.0,-0.014285714285714282,0.9596997645989476,0.9893725661698659,,,,,,,,
GSK2656157 (BRD:BRD-K41104902-001-01-3),GSK2656157,14.0,14.0,0.1032967032967033,0.725282211088945,0.9212238582232287,,,,,,,,
GSK461364 (BRD:BRD-K92428232-001-10-6),GSK461364,18.0,18.0,0.3766769865841073,0.12337214538125062,0.5122689187573556,3.0,5.0,0.699234766025426,0.579525914479185,0.119708851546241,0.39285714285714285,Sí,0.7268978084688055
GSK923295 (BRD:BRD-K89015388-001-01-7),GSK923295,17.0,17.0,0.26960784313725494,0.29533579947140526,0.7113692473211594,3.0,3.0,0.896685435570825,0.828215106410122,0.06847032916070306,0.4,Sí,0.7268978084688055
GTP-14564 (BRD:BRD-K16664969-001-03-3),GTP-14564,13.0,13.0,-0.07142857142857142,0.8166280406760861,0.9492062708517403,4.0,3.0,0.8519525601636785,0.897001335233318,-0.04504877506963956,0.8571428571428571,Sí,1.0
GW-441756 (BRD:BRD-K41312087-001-02-7),GW-441756,10.0,10.0,0.2606060606060606,0.46708905438634024,0.7928869441992983,,,,,,,,
GW-583340 (BRD:BRD-K79930101-300-03-7),GW-583340,19.0,19.0,-0.4403508771929824,0.05917790378249743,0.3782528700529743,4.0,4.0,0.8337780477079595,0.9174911858805085,-0.083713138172549,0.2,Sí,0.5691542288557214
GW-843682X (BRD:BRD-K90382497-001-10-7),GW-843682X,21.0,21.0,0.2532467532467532,0.26801791447109463,0.6830530000476708,4.0,5.0,0.7871989920047845,0.718886004476273,0.06831298752851145,0.031746031746031744,Sí,0.38228905597326646
GX15-070 (BRD:BRD-K15600710-066-05-8),GX15-070,15.0,15.0,-0.08928571428571427,0.751672517350277,0.9308931736610022,,,,,,,,
HA14-1 (BRD:BRD-K18163608-001-05-6),HA14-1,19.0,19.0,0.16315789473684209,0.5045157208887769,0.8112598370610681,4.0,4.0,0.9303178115897559,0.8676770379130395,0.06264077367671639,0.05714285714285714,Sí,0.38228905597326646
HALOFANTRINE (BRD:BRD-A51964809-003-12-6),HALOFANTRINE,14.0,14.0,0.5604395604395604,0.0371044770040744,0.3270828544447713,3.0,3.0,0.946369778082959,0.839069674799418,0.107300103283541,0.2,Sí,0.5691542288557214
HALOFUGINONE (BRD:BRD-K54247840-004-01-3),HALOFUGINONE,20.0,20.0,0.4766917293233082,0.03358407951093335,0.31547598093781004,4.0,4.0,0.7010540687203359,0.5826192910396225,0.11843477768071342,0.11428571428571428,Sí,0.42448979591836733
HARRINGTONINE (BRD:BRD-K96358241-001-01-9),HARRINGTONINE,20.0,20.0,0.21954887218045113,0.3523456773115152,0.7508135123045486,4.0,4.0,0.88343489737649,0.7680015450449805,0.11543335233150942,0.2,Sí,0.5691542288557214
HESPERADIN (BRD:BRD-K58122457-001-02-2),HESPERADIN,16.0,16.0,0.29705882352941176,0.26386301461352274,0.6830530000476708,,,,,,,,
HEXACHLOROPHENE (BRD:BRD-K99792991-001-34-9),HEXACHLOROPHENE,18.0,18.0,-0.011351909184726523,0.9643420040748253,0.9917954842683878,3.0,4.0,0.854771879836697,0.8750024121963456,-0.020230532359648556,0.6285714285714286,Sí,0.8921658986175115
HEXAMINOLEVULINATE (BRD:BRD-K73753850-003-01-6),HEXAMINOLEVULINATE,20.0,20.0,0.4090225563909774,0.07334086574364806,0.4158424847475296,4.0,5.0,0.954546640461607,0.897865273093996,0.05668136736761098,0.06349206349206349,Sí,0.38228905597326646
HEXYLRESORCINOL (BRD:BRD-K99946902-001-07-5),HEXYLRESORCINOL,12.0,12.0,-0.3076923076923077,0.33058925941210965,0.7346111921701703,,,,,,,,
HMN-214 (BRD:BRD-K70511574-001-06-9),HMN-214,22.0,22.0,0.20271033314511577,0.3656032765874888,0.7573771421435671,5.0,5.0,0.750677488147322,0.698924125379414,0.051753362767908095,0.42063492063492064,Sí,0.7268978084688055
HOMOHARRINGTONINE (BRD:BRD-K76674262-001-03-3),HOMOHARRINGTONINE,14.0,14.0,0.0989010989010989,0.7365853699253173,0.9231732340606531,,,,,,,,
HYDROXYUREA (BRD:BRD-K51747290-001-13-1),HYDROXYUREA,12.0,12.0,0.35664335664335667,0.2551377517589572,0.6765364408503279,,,,,,,,
HYOSCYAMINE (BRD:BRD-K40530731-001-11-6),HYOSCYAMINE,19.0,19.0,-0.32105263157894737,0.18016885539408906,0.6049015183003066,3.0,5.0,0.788787148747851,0.87006945951447,-0.08128231076661896,1.0,Sí,1.0
HYPOESTOXIDE (BRD:BRD-A51571244-001-01-9),HYPOESTOXIDE,19.0,19.0,-0.14210526315789473,0.5616930467377018,0.8379312384400485,4.0,4.0,0.6975062423206775,0.7546637744441055,-0.057157532123428,0.6857142857142857,Sí,0.9268518518518518
IBUTILIDE (BRD:BRD-A74391928-051-01-3),IBUTILIDE,12.0,12.0,0.3916083916083916,0.20806346369535322,0.6306617630108551,,,,,,,,
ICG-001 (BRD:BRD-K94455792-001-01-8),ICG-001,17.0,17.0,0.5318627450980392,0.027987612204855013,0.28755148979330303,3.0,4.0,0.949789235309131,0.8385033988831445,0.11128583642598644,0.11428571428571428,Sí,0.42448979591836733
IDARUBICIN (BRD:BRD-K69650333-003-14-0),IDARUBICIN,19.0,19.0,0.5526315789473685,0.014134856843017749,0.24256264117551216,4.0,3.0,0.7152506650349926,0.55700228507418,0.15824837996081254,0.11428571428571428,Sí,0.42448979591836733
IDAZOXAN (BRD:BRD-A18696154-003-22-6),IDAZOXAN,15.0,15.0,0.4392857142857142,0.10136057119347246,0.466494998120727,,,,,,,,
IDOXURIDINE (BRD:BRD-K76634210-001-14-7),IDOXURIDINE,12.0,12.0,-0.1328671328671329,0.6805975082860817,0.9012497368630407,,,,,,,,
IDRA-21 (BRD:BRD-A14344385-001-03-2),IDRA-21,12.0,12.0,-0.4825174825174825,0.11210929146889187,0.4974497706886006,,,,,,,,
IDRONOXIL (BRD:BRD-K74671368-001-01-8),IDRONOXIL,17.0,17.0,0.24509803921568632,0.34304665309958526,0.7411956513828063,,,,,,,,
IEM1754 (BRD:BRD-K80060353-303-03-9),IEM1754,12.0,12.0,0.034965034965034975,0.9140933424107599,0.9779882166736967,,,,,,,,
IKK-16 (BRD:BRD-K14618467-001-04-6),IKK-16,21.0,21.0,-0.21688311688311687,0.3450003269824448,0.7412050820571746,4.0,5.0,0.9169429322084115,0.958719582255376,-0.041776650046964514,0.19047619047619047,Sí,0.5691542288557214
IKK-2-INHIBITOR-V (BRD:BRD-K74305673-001-06-2),IKK-2-INHIBITOR-V,21.0,21.0,0.05064935064935065,0.8274046658865746,0.9528091920805439,4.0,5.0,0.8533375971488095,0.820189625961337,0.03314797118747248,0.7301587301587302,Sí,0.9301799413157988
IMILOXAN (BRD:BRD-A10903566-003-07-7),IMILOXAN,10.0,10.0,-0.8060606060606059,0.004862061101964607,0.16434076220750218,,,,,,,,
INDIBULIN (BRD:BRD-K74057757-001-01-9),INDIBULIN,20.0,20.0,0.13533834586466165,0.5694186911507699,0.8395769081701513,4.0,4.0,0.805232183134298,0.6559987770754335,0.14923340605886448,0.2,Sí,0.5691542288557214
INDIRUBIN (BRD:BRD-K17894950-001-14-3),INDIRUBIN,13.0,13.0,0.03296703296703297,0.9148564744875124,0.9779882166736967,3.0,4.0,0.8666710215741832,0.8206002212431165,0.0460708003310667,0.8571428571428571,Sí,1.0
INDISULAM (BRD:BRD-K17610631-001-03-3),INDISULAM,14.0,14.0,0.2351648351648352,0.4183338961985915,0.7778704540120908,,,,,,,,
INDOPROFEN (BRD:BRD-A44090213-001-25-6),INDOPROFEN,15.0,15.0,0.10357142857142855,0.7133796306287293,0.9177426551750772,,,,,,,,
INOSINE (BRD:BRD-K79612754-001-19-1),INOSINE,18.0,18.0,-0.034055727554179564,0.8932828188388959,0.9746808320652924,4.0,3.0,0.838331581968731,0.836812604548979,0.0015189774197520434,0.8571428571428571,Sí,1.0
IODIPAMIDE (BRD:BRD-K67261995-001-11-7),IODIPAMIDE,13.0,13.0,0.10989010989010989,0.7208097995138618,0.9197616372409537,,,,,,,,
IPATASERTIB (BRD:BRD-K71480163-001-01-4),IPATASERTIB,18.0,18.0,-0.24664602683178533,0.3238088129377634,0.7331363636513977,5.0,3.0,0.782569993959765,0.78059912196786,0.0019708719919050433,1.0,Sí,1.0
IRINOTECAN (BRD:BRD-K08547377-001-04-4),IRINOTECAN,13.0,13.0,-0.054945054945054944,0.8585042942308734,0.9656166069742551,,,,,,,,
ISOFLOXYTHEPIN (BRD:BRD-A07704283-001-01-3),ISOFLOXYTHEPIN,16.0,16.0,-0.09411764705882353,0.7288144270239807,0.9212238582232287,3.0,4.0,0.937107050959595,0.9569189138104645,-0.019811862850869444,0.8571428571428571,Sí,1.0
ISOPROPYL-MYRISTATE (BRD:BRD-K13409143-001-01-9),ISOPROPYL-MYRISTATE,16.0,16.0,0.24705882352941175,0.35627504151257744,0.7508135123045486,3.0,4.0,0.925817918371313,0.887597223754271,0.03822069461704203,0.4,Sí,0.7268978084688055
ISPINESIB (BRD:BRD-K64881305-001-03-7),ISPINESIB,14.0,14.0,0.4813186813186813,0.08141829504280486,0.42359491437769387,,,,,,,,
IVERMECTIN (BRD:BRD-K85554912-001-06-3),IVERMECTIN,20.0,20.0,-0.11879699248120301,0.6178918280262936,0.8619249354616386,4.0,4.0,0.9248976734578565,0.8168278900604705,0.10806978339738593,0.6857142857142857,Sí,0.9268518518518518
IXABEPILONE (BRD:BRD-K03601870-001-01-2),IXABEPILONE,21.0,21.0,0.2987012987012987,0.18841842410537243,0.604994430854705,5.0,4.0,0.711281824028335,0.6121572380003795,0.09912458602795549,0.06349206349206349,Sí,0.38228905597326646
IXAZOMIB (BRD:BRD-K78659596-001-03-9),IXAZOMIB,22.0,22.0,0.24223602484472054,0.2774149543225629,0.6919700696802911,5.0,5.0,0.630006545302053,0.487504261563083,0.14250228373897,0.42063492063492064,Sí,0.7268978084688055
IXAZOMIB-CITRATE (BRD:BRD-A66419424-001-02-4),IXAZOMIB-CITRATE,21.0,21.0,0.34025974025974026,0.1312375765277249,0.5308699567441867,5.0,4.0,0.786264605684771,0.6848543760768651,0.10141022960790591,0.1111111111111111,Sí,0.42448979591836733
JIB04 (BRD:BRD-K76180386-001-01-6),JIB04,22.0,22.0,-0.2625635234330887,0.23780202752583146,0.6623949220987672,5.0,5.0,0.730814460547521,0.78949093586893,-0.05867647532140907,0.5476190476190477,Sí,0.8635265700483092
JK-184 (BRD:BRD-K38860038-001-01-2),JK-184,21.0,21.0,0.40129870129870127,0.07138262110690317,0.41196636887186605,5.0,4.0,0.673645300855512,0.579487914556201,0.09415738629931103,0.19047619047619047,Sí,0.5691542288557214
JNJ-26481585 (BRD:BRD-K83837640-001-04-8),JNJ-26481585,20.0,20.0,0.09624060150375939,0.6864870716570239,0.9051933284086526,4.0,4.0,0.4688954797467215,0.461162788546581,0.007732691200140529,1.0,Sí,1.0
JNJ-26854165 (BRD:BRD-K65924316-001-03-1),JNJ-26854165,14.0,14.0,-0.002197802197802198,0.9940505286658997,0.9972385248489288,3.0,3.0,0.865552173181733,0.831842964477607,0.03370920870412608,0.4,Sí,0.7268978084688055
JNJ-7706621 (BRD:BRD-K11636097-001-03-1),JNJ-7706621,19.0,19.0,0.3192982456140351,0.1826959462168638,0.604994430854705,4.0,4.0,0.912431699207512,0.849875911451867,0.06255578775564496,0.05714285714285714,Sí,0.38228905597326646
JTC-801 (BRD:BRD-K17705806-003-04-4),JTC-801,21.0,21.0,-0.28051948051948056,0.21806007395025545,0.6418234843269185,5.0,5.0,0.854432679970731,0.860533919262665,-0.0061012392919339575,0.30952380952380953,Sí,0.7081904761904761
JTE-607 (BRD:BRD-K81405859-300-01-4),JTE-607,17.0,17.0,-0.25980392156862747,0.31391716151942506,0.7273113963580073,,,,,,,,
K-858 (BRD:BRD-A67748489-001-10-0),K-858,17.0,17.0,0.3774509803921569,0.13527263903447564,0.5308699567441867,3.0,4.0,0.808680612376926,0.712460926170229,0.09621968620669696,0.05714285714285714,Sí,0.38228905597326646
K-RAS(G12C)-INHIBITOR-6 (BRD:BRD-K26305185-001-02-1),K-RAS(G12C)-INHIBITOR-6,11.0,11.0,0.10909090909090911,0.7495085962341481,0.9308243185298914,,,,,,,,
KD-023 (BRD:BRD-K71164191-001-01-0),KD-023,18.0,18.0,0.08771929824561403,0.7292587507339037,0.9212238582232287,,,,,,,,
KD025 (BRD:BRD-K88506063-001-01-8),KD025,16.0,16.0,-0.18529411764705883,0.492057050205944,0.8060971713021308,4.0,4.0,0.8662331724954535,0.8585097512161746,0.007723421279278941,1.0,Sí,1.0
KENPAULLONE (BRD:BRD-K37312348-001-15-0),KENPAULLONE,13.0,13.0,-0.2747252747252747,0.3636749816401782,0.7573771421435671,,,,,,,,
KETOPROFEN (BRD:BRD-A97739905-001-26-5),KETOPROFEN,12.0,12.0,-0.2867132867132868,0.36625146058358227,0.7573771421435671,,,,,,,,
KF-38789 (BRD:BRD-A54927599-001-16-9),KF-38789,20.0,20.0,0.13233082706766916,0.5781074593622942,0.841731368421053,4.0,5.0,0.7899371170136464,0.781328482726675,0.00860863428697145,0.4126984126984127,Sí,0.7268978084688055
KI-16425 (BRD:BRD-A25569250-001-03-3),KI-16425,14.0,14.0,0.4593406593406593,0.09846837616829024,0.46496030030267527,,,,,,,,
KIN001-167 (BRD:BRD-K63068307-001-08-9),KIN001-167,17.0,17.0,0.09313725490196079,0.7221860910253712,0.9201880496037558,5.0,4.0,0.82403974320475,0.8620835827586185,-0.038043839553868475,1.0,Sí,1.0
KP-1212 (BRD:BRD-K46690591-001-01-2),KP-1212,18.0,18.0,0.47368421052631576,0.047064111171724266,0.3525300458925629,4.0,4.0,0.9155719742911594,0.7465380820104195,0.16903389228073995,0.2,Sí,0.5691542288557214
KPT-185 (BRD:BRD-K71467466-001-02-3),KPT-185,21.0,21.0,0.5753246753246753,0.006358310845714959,0.1697360530283357,4.0,5.0,0.6960272816204225,0.580696801898283,0.1153304797221395,0.19047619047619047,Sí,0.5691542288557214
KPT-276 (BRD:BRD-K75352575-001-01-3),KPT-276,21.0,21.0,0.22467532467532467,0.3275102738815652,0.7339887610086854,5.0,5.0,0.766158508791067,0.6911542840876,0.0750042247034669,0.42063492063492064,Sí,0.7268978084688055
KU-0063794 (BRD:BRD-K67566344-001-07-5),KU-0063794,20.0,20.0,-0.14285714285714285,0.5479501508336089,0.8343473658608532,5.0,5.0,0.797031925075307,0.796706821843059,0.00032510323224799187,1.0,Sí,1.0
KW-2449 (BRD:BRD-K21718444-001-06-8),KW-2449,15.0,15.0,0.22142857142857136,0.42771371901637,0.7784837999874641,,,,,,,,
KW-2478 (BRD:BRD-K41213548-001-02-0),KW-2478,20.0,20.0,0.18345864661654135,0.438794886569103,0.780776068598229,3.0,5.0,0.77922660599875,0.734198673219776,0.04502793277897399,0.5714285714285714,Sí,0.8669950738916256
KX2-391 (BRD:BRD-K29968218-001-03-2),KX2-391,19.0,19.0,0.343859649122807,0.14944730840911596,0.5647263232076876,4.0,4.0,0.6597578369873195,0.5415175029247026,0.11824033406261691,0.11428571428571428,Sí,0.42448979591836733
"L-798,106 (BRD:BRD-K43905307-001-01-2)","L-798,106",15.0,15.0,0.21071428571428572,0.45095786521528514,0.780776068598229,,,,,,,,
LACITOL (BRD:BRD-K40787673-001-02-1),LACITOL,11.0,11.0,0.5454545454545455,0.08265095734417503,0.42678827681231907,,,,,,,,
LANATOSIDE-C (BRD:BRD-A64242993-001-05-6),LANATOSIDE-C,21.0,21.0,0.174025974025974,0.4505852392484295,0.780776068598229,5.0,4.0,0.714698368385405,0.7089673870538751,0.0057309813315299385,0.7301587301587302,Sí,0.9301799413157988
LAPATINIB (BRD:BRD-K19687926-001-04-1),LAPATINIB,18.0,18.0,-0.7069143446852425,0.001036757704756385,0.09724142871853086,,,,,,,,
LAPPACONITE (BRD:BRD-A05906449-004-01-1),LAPPACONITE,20.0,20.0,-0.0706766917293233,0.7671582206450904,0.9382281285728737,3.0,5.0,0.793258886874744,0.843782825668449,-0.05052393879370498,0.39285714285714285,Sí,0.7268978084688055
LASALOCID (BRD:BRD-A72711497-236-03-8),LASALOCID,20.0,20.0,0.20150375939849624,0.39426050476127356,0.771039618930644,4.0,4.0,0.8300037860162015,0.8102199287804945,0.01978385723570697,0.34285714285714286,Sí,0.7268978084688055
LATREPIRDINE (BRD:BRD-K55703048-001-07-7),LATREPIRDINE,10.0,10.0,-0.09090909090909088,0.8027717312071619,0.9463917739064406,,,,,,,,
LB42708 (BRD:BRD-K18834913-001-01-1),LB42708,21.0,21.0,0.42727272727272725,0.053370405215496956,0.3710714000416048,4.0,5.0,0.803351502761455,0.687350113215617,0.11600138954583794,0.4126984126984127,Sí,0.7268978084688055
LCL-161 (BRD:BRD-K08248804-001-01-8),LCL-161,18.0,18.0,-0.2260061919504644,0.3671777255550172,0.7575185319277574,3.0,4.0,0.823671024295898,0.8487827632728225,-0.025111738976924536,0.4,Sí,0.7268978084688055
LDN-212854 (BRD:BRD-K59831625-001-01-6),LDN-212854,22.0,22.0,0.3314511575381141,0.13184479008712227,0.5308699567441867,5.0,5.0,0.801060843188046,0.757464557352372,0.0435962858356741,0.2222222222222222,Sí,0.5889317889317889
LDN-57444 (BRD:BRD-K94485812-001-02-9),LDN-57444,21.0,21.0,0.22077922077922077,0.3361880870952679,0.7366106225933536,5.0,4.0,0.930076795566153,0.901520837321386,0.028555958244766977,0.4126984126984127,Sí,0.7268978084688055
LE-135 (BRD:BRD-K06593056-001-04-8),LE-135,19.0,19.0,0.13859649122807016,0.5714909256572165,0.8395769081701513,4.0,5.0,0.910584717272409,0.857736073740913,0.05284864353149599,0.4126984126984127,Sí,0.7268978084688055
LENALIDOMIDE (BRD:BRD-A17883755-001-06-1),LENALIDOMIDE,19.0,19.0,0.1,0.6837719442525738,0.9038482436751837,4.0,5.0,0.9489722970483749,0.892271993871816,0.05670030317655894,0.19047619047619047,Sí,0.5691542288557214
LENVATINIB (BRD:BRD-K39974922-001-04-3),LENVATINIB,11.0,11.0,0.39090909090909093,0.23454006709519437,0.6595505708441295,,,,,,,,
LEVOBUNOLOL (BRD:BRD-K31812033-003-11-0),LEVOBUNOLOL,10.0,10.0,0.5757575757575757,0.08155281477260244,0.42359491437769387,,,,,,,,
LEVOCETIRIZINE (BRD:BRD-K27184429-300-01-3),LEVOCETIRIZINE,10.0,10.0,-0.06666666666666665,0.8548130882487427,0.9639855930264206,,,,,,,,
LICOCHALCONE-A (BRD:BRD-K26011976-001-01-0),LICOCHALCONE-A,18.0,18.0,0.2528379772961816,0.31141340050989863,0.7273113963580073,,,,,,,,
LITRONESIB (BRD:BRD-K83029223-001-01-3),LITRONESIB,11.0,11.0,0.45454545454545453,0.16014543725525893,0.5701952463564259,,,,,,,,
LLL CPD (BRD:BRD-K60230970-001-17-5),LLL CPD,21.0,21.0,0.3077922077922078,0.17467404944767495,0.5932199448549884,5.0,4.0,0.550132236304948,0.508714416486028,0.04141781981892001,0.1111111111111111,Sí,0.42448979591836733
LOMEFLOXACIN (BRD:BRD-A75850590-213-01-0),LOMEFLOXACIN,16.0,16.0,-0.10588235294117648,0.6963341050381158,0.9086723568633107,3.0,4.0,0.808197438755474,0.8117445623271226,-0.003547123571648547,0.8571428571428571,Sí,1.0
LONAFARNIB (BRD:BRD-K41599323-001-02-3),LONAFARNIB,16.0,16.0,0.4294117647058823,0.09693648522272376,0.4626752240630545,3.0,4.0,0.855959897058983,0.751668370899636,0.104291526159347,0.22857142857142856,Sí,0.5889317889317889
LOVASTATIN (BRD:BRD-K09416995-001-39-9),LOVASTATIN,10.0,10.0,0.2121212121212121,0.5563057751029299,0.8346329721632294,,,,,,,,
LUCITANIB (BRD:BRD-K31309378-001-01-5),LUCITANIB,15.0,15.0,-0.23928571428571427,0.3903793119202356,0.7690332286281288,3.0,3.0,0.891299139649947,0.921551970580788,-0.030252830930840968,0.1,Sí,0.42448979591836733
LY2090314 (BRD:BRD-K78055238-001-01-8),LY2090314,21.0,21.0,0.2532467532467532,0.26801791447109463,0.6830530000476708,5.0,5.0,0.885886081471711,0.726821155553243,0.159064925918468,0.30952380952380953,Sí,0.7081904761904761
LY2183240 (BRD:BRD-K37865504-001-04-1),LY2183240,16.0,16.0,0.4323529411764706,0.09442103753478692,0.4531183486044394,,,,,,,,
LY2334737 (BRD:BRD-K04993719-001-01-7),LY2334737,20.0,20.0,0.362406015037594,0.1163446491875469,0.5051310020891897,4.0,4.0,0.8438329010789195,0.8208304175700536,0.023002483508865912,0.05714285714285714,Sí,0.38228905597326646
LY2603618 (BRD:BRD-K14109347-001-03-4),LY2603618,11.0,11.0,-0.08181818181818183,0.8109903943000459,0.948620796770868,,,,,,,,
LY2606368 (BRD:BRD-K20463415-300-01-4),LY2606368,17.0,17.0,0.13725490196078433,0.5993690521648235,0.8544481574931787,,,,,,,,
LY2608204 (BRD:BRD-K12068470-001-02-5),LY2608204,20.0,20.0,-0.21353383458646616,0.3660206383395141,0.7573771421435671,3.0,5.0,0.801630005987145,0.825119356938403,-0.023489350951258037,0.5714285714285714,Sí,0.8669950738916256
LY2784544 (BRD:BRD-K25630527-001-03-8),LY2784544,22.0,22.0,0.40824392998306047,0.05926851355254248,0.3782528700529743,5.0,5.0,0.88233346727984,0.735484940995058,0.14684852628478196,0.09523809523809523,Sí,0.42448979591836733
LY2801653 (BRD:BRD-K18961567-001-01-1),LY2801653,14.0,14.0,0.2351648351648352,0.4183338961985915,0.7778704540120908,,,,,,,,
LY2874455 (BRD:BRD-K17203476-001-01-9),LY2874455,21.0,21.0,0.23896103896103899,0.2968491826193771,0.7121442868379092,5.0,4.0,0.84797970134637,0.6550536444527545,0.19292605689361553,0.06349206349206349,Sí,0.38228905597326646
LY3023414 (BRD:BRD-K82967180-001-01-6),LY3023414,21.0,21.0,-0.2961038961038961,0.19247618519439216,0.6127453618317019,4.0,5.0,0.5515600996412285,0.601978735852983,-0.050418636211754464,0.5555555555555556,Sí,0.8635265700483092
LY456236 (BRD:BRD-K87696786-003-04-4),LY456236,19.0,19.0,0.18771929824561404,0.44154950238237817,0.780776068598229,3.0,5.0,0.859807233385741,0.844126820350281,0.015680413035460083,0.5714285714285714,Sí,0.8669950738916256
M-344 (BRD:BRD-K45528773-001-07-2),M-344,22.0,22.0,0.2433653303218521,0.27511168166940314,0.6901239060059176,5.0,5.0,0.749565364466503,0.731859003246215,0.017706361220288014,0.5476190476190477,Sí,0.8635265700483092
MARIMASTAT (BRD:BRD-K21396683-001-04-8),MARIMASTAT,19.0,19.0,0.1754385964912281,0.47250784114558503,0.7932023264858395,4.0,5.0,0.8615831666444824,0.851359254443877,0.010223912200605478,0.5555555555555556,Sí,0.8635265700483092
MAXACALCITOL (BRD:BRD-K81332461-001-01-4),MAXACALCITOL,13.0,13.0,-0.12637362637362637,0.6807854750709491,0.9012497368630407,,,,,,,,
MAYTANSINOL-ISOBUTYRATE (BRD:BRD-K15898725-001-01-7),MAYTANSINOL-ISOBUTYRATE,12.0,12.0,0.6573426573426573,0.020185498509854093,0.2588831710841135,3.0,3.0,0.417640650939626,0.104649965543965,0.312990685395661,0.1,Sí,0.42448979591836733
MEBENDAZOLE (BRD:BRD-K77987382-001-13-2),MEBENDAZOLE,13.0,13.0,-0.23076923076923078,0.4481273823153657,0.780776068598229,,,,,,,,
MECHLORETHAMINE (BRD:BRD-K12829205-003-02-8),MECHLORETHAMINE,10.0,10.0,0.5272727272727272,0.11730806555020232,0.5051310020891897,,,,,,,,
MECLIZINE (BRD:BRD-A50311610-300-10-4),MECLIZINE,16.0,16.0,0.1411764705882353,0.6020026838819792,0.8544481574931787,3.0,3.0,0.961752482363831,0.91788489135104,0.04386759101279103,0.7,Sí,0.9268518518518518
MEFEXAMIDE (BRD:BRD-K20655524-003-12-0),MEFEXAMIDE,21.0,21.0,0.1935064935064935,0.40065858838070295,0.7734882591591963,5.0,4.0,0.67813199302557,0.6456002724706615,0.032531720554908494,0.5555555555555556,Sí,0.8635265700483092
MEK1-2-INHIBITOR (BRD:BRD-K12244279-001-05-8),MEK1-2-INHIBITOR,18.0,18.0,0.2425180598555212,0.3322310909053101,0.7346111921701703,5.0,4.0,0.913022421936174,0.848271168666732,0.06475125326944198,0.5555555555555556,Sí,0.8635265700483092
MELPHALAN (BRD:BRD-K87827419-001-16-8),MELPHALAN,15.0,15.0,0.3857142857142856,0.15563079458596027,0.5677037801887282,,,,,,,,
MENADIONE (BRD:BRD-K78126613-001-28-5),MENADIONE,17.0,17.0,0.014705882352941176,0.9553274855428822,0.9893725661698659,4.0,4.0,0.893593452531121,0.9050812797793035,-0.011487827248182536,1.0,Sí,1.0
MERIMEPODIB (BRD:BRD-K09372874-001-01-0),MERIMEPODIB,15.0,15.0,-0.1928571428571428,0.4910487016052232,0.8059405269840373,,,,,,,,
METARAMINOL (BRD:BRD-K96253961-046-03-1),METARAMINOL,21.0,21.0,0.03766233766233767,0.8712435420745898,0.9697975468329533,5.0,4.0,0.80690012845014,0.7579875212281395,0.048912607222000526,0.7301587301587302,Sí,0.9301799413157988
METATINIB (BRD:BRD-K27182532-001-02-3),METATINIB,17.0,17.0,0.02696078431372549,0.9181909009189737,0.9785339457396024,3.0,5.0,0.797599097665542,0.819310891645623,-0.02171179398008094,0.7857142857142857,Sí,0.9834323226008127
METHACYCLINE (BRD:BRD-A49035384-003-28-9),METHACYCLINE,16.0,16.0,0.22058823529411767,0.41166643049796364,0.7778704540120908,,,,,,,,
METHIAZOLE (BRD:BRD-K02764365-001-13-6),METHIAZOLE,19.0,19.0,0.4929824561403509,0.03198157441535629,0.31032670559076486,4.0,5.0,0.8858072618405145,0.821789506405663,0.06401775543485155,0.06349206349206349,Sí,0.38228905597326646
METHOTREXATE (BRD:BRD-A55424491-001-19-9),METHOTREXATE,12.0,12.0,0.18881118881118883,0.5567370561768314,0.8346329721632294,,,,,,,,
METHOXYFLURANE (BRD:BRD-K06152156-001-01-8),METHOXYFLURANE,18.0,18.0,0.05882352941176471,0.816654203568489,0.9492062708517403,3.0,5.0,0.844765685385069,0.83174353637323,0.013022149011839068,0.7857142857142857,Sí,0.9834323226008127
MEVASTATIN (BRD:BRD-K94441233-001-13-0),MEVASTATIN,15.0,15.0,0.2285714285714285,0.4125661704963605,0.7778704540120908,,,,,,,,
MEXILETINE (BRD:BRD-A64092382-003-18-3),MEXILETINE,21.0,21.0,0.26233766233766237,0.2506256259413438,0.6747025234945323,5.0,5.0,0.765844814219121,0.737302537712594,0.028542276506526965,0.2222222222222222,Sí,0.5889317889317889
MGCD-265 (BRD:BRD-K56277358-001-07-5),MGCD-265,17.0,17.0,-0.1593137254901961,0.5413616326261632,0.8343473658608532,4.0,4.0,0.8790794437178555,0.9186214581438414,-0.03954201442598593,0.4857142857142857,Sí,0.8123642439431913
MIBAMPATOR (BRD:BRD-K42981054-001-01-9),MIBAMPATOR,14.0,14.0,-0.13406593406593406,0.6477195279851133,0.8799020664782387,,,,,,,,
MIDODRINE (BRD:BRD-A79981887-003-16-4),MIDODRINE,10.0,10.0,0.35757575757575755,0.31037609170568026,0.7273113963580073,,,,,,,,
MIFEPRISTONE (BRD:BRD-K37270826-001-27-6),MIFEPRISTONE,16.0,16.0,0.0588235294117647,0.8286807500332257,0.9528091920805439,5.0,4.0,0.916577753276827,0.9160492860836815,0.0005284671931454765,0.9047619047619049,Sí,1.0
MITOMYCIN-C (BRD:BRD-A48237631-001-04-8),MITOMYCIN-C,20.0,20.0,0.019548872180451125,0.9348031235214638,0.9826561405588721,4.0,4.0,0.7075532841810594,0.70816202008758,-0.0006087359065205522,0.8857142857142857,Sí,1.0
MITOXANTRONE (BRD:BRD-K21680192-300-14-4),MITOXANTRONE,19.0,19.0,0.243859649122807,0.31437156522355036,0.7273113963580073,4.0,3.0,0.536307407970614,0.435512570511376,0.10079483745923806,0.22857142857142856,Sí,0.5889317889317889
MK 2206 (BRD:BRD-K68065987-300-09-1),MK 2206,20.0,20.0,-0.5022556390977443,0.024024689465215566,0.2755039064647447,4.0,5.0,0.726530957781075,0.841269440478151,-0.11473848269707598,0.06349206349206349,Sí,0.38228905597326646
MK-2461 (BRD:BRD-K56405753-001-02-4),MK-2461,11.0,11.0,0.5818181818181819,0.06041989621564838,0.37837424367672,,,,,,,,
MK-5108 (BRD:BRD-K53665955-001-03-0),MK-5108,18.0,18.0,0.22187822497420018,0.37622542106556206,0.7641955766791809,3.0,5.0,0.808116139593736,0.756480156183251,0.05163598341048492,0.39285714285714285,Sí,0.7268978084688055
MK-8245 (BRD:BRD-K29656036-001-02-5),MK-8245,15.0,15.0,0.075,0.7905107941552679,0.9402289225394803,,,,,,,,
MK-8745 (BRD:BRD-K25279140-001-01-5),MK-8745,19.0,19.0,0.4140350877192982,0.0780194939845629,0.41825598861034996,3.0,4.0,0.867878261674072,0.7396705846024609,0.12820767707161107,0.4,Sí,0.7268978084688055
ML133 (BRD:BRD-K33743361-003-02-6),ML133,19.0,19.0,-0.03333333333333333,0.8922406862320765,0.9746808320652924,,,,,,,,
MLN-8054 (BRD:BRD-K83963101-001-06-9),MLN-8054,20.0,20.0,0.17593984962406017,0.4580986587024855,0.789039768533424,4.0,4.0,0.769841860866707,0.631198113660319,0.13864374720638806,0.34285714285714286,Sí,0.7268978084688055
MLN0128 (BRD:BRD-K59317601-001-05-5),MLN0128,20.0,20.0,-0.24511278195488717,0.2976005003886619,0.7121442868379092,5.0,5.0,0.6447808224653887,0.6985552188740546,-0.05377439640866588,0.42063492063492064,Sí,0.7268978084688055
"MNS-(3,4-METHYLENEDIOXY-NITROSTYRENE) (BRD:BRD-K42205652-001-02-7)","MNS-(3,4-METHYLENEDIOXY-NITROSTYRENE)",16.0,16.0,0.18235294117647058,0.4990748572458002,0.807040166382094,,,,,,,,
MOCETINOSTAT (BRD:BRD-K16485616-001-08-9),MOCETINOSTAT,12.0,12.0,0.1188811188811189,0.712884219214772,0.9177426551750772,,,,,,,,
MOLIBRESIB (BRD:BRD-K08109215-001-06-4),MOLIBRESIB,12.0,12.0,0.006993006993006993,0.9827917689028476,0.9951893714922184,,,,,,,,
MOMELOTINIB (BRD:BRD-K87737963-001-06-0),MOMELOTINIB,13.0,13.0,0.23626373626373626,0.43708354383118136,0.7799208652754643,3.0,3.0,0.9326811343720076,0.8340788718018434,0.09860226257016425,0.2,Sí,0.5691542288557214
MONENSIN (BRD:BRD-A06627858-236-03-0),MONENSIN,18.0,18.0,0.3085655314757482,0.21282870595868356,0.6327533581195878,3.0,5.0,0.848806560585744,0.790276361922611,0.058530198663133026,0.25,Sí,0.6327433628318584
MOZAVAPTAN (BRD:BRD-A31095847-001-02-3),MOZAVAPTAN,20.0,20.0,-0.5503759398496241,0.011919637001913336,0.22192498824595153,3.0,5.0,0.906498254277413,0.957326979933925,-0.050828725656511975,0.25,Sí,0.6327433628318584
MPI-0479605 (BRD:BRD-K45551181-001-02-1),MPI-0479605,18.0,18.0,0.20330237358101136,0.4184467334719627,0.7778704540120908,3.0,4.0,0.774483724840017,0.5657317915805296,0.2087519332594875,0.05714285714285714,Sí,0.38228905597326646
MRS-1220 (BRD:BRD-K37618799-001-03-0),MRS-1220,13.0,13.0,-0.4505494505494505,0.1223318876780357,0.5122689187573556,,,,,,,,
MUBRITINIB (BRD:BRD-K19061412-001-02-4),MUBRITINIB,20.0,20.0,0.1789473684210526,0.45032544160933996,0.780776068598229,4.0,4.0,0.6461509577043385,0.536516773602301,0.10963418410203751,0.2,Sí,0.5691542288557214
MYCOPHENOLATE-MOFETIL (BRD:BRD-K92428153-001-04-4),MYCOPHENOLATE-MOFETIL,13.0,13.0,0.03296703296703297,0.9148564744875124,0.9779882166736967,,,,,,,,
MYCOPHENOLIC-ACID (BRD:BRD-K63750851-001-20-7),MYCOPHENOLIC-ACID,13.0,13.0,-0.049450549450549455,0.8725444288811492,0.9697975468329533,,,,,,,,
N-ACETYLMANNOSAMINE (BRD:BRD-A92872453-001-01-8),N-ACETYLMANNOSAMINE,13.0,13.0,-0.24175824175824176,0.4261755195945088,0.7784837999874641,,,,,,,,
NALOXONE (BRD:BRD-K67511046-001-02-3),NALOXONE,15.0,15.0,0.2678571428571428,0.3344436005123539,0.7346111921701703,4.0,3.0,0.8275356981780445,0.772989153236518,0.054546544941526554,1.0,Sí,1.0
NANCHANGMYCIN (BRD:BRD-A73871920-236-03-6),NANCHANGMYCIN,22.0,22.0,0.24675324675324675,0.26827433942114864,0.6830530000476708,5.0,5.0,0.758088468863922,0.619562398217819,0.138526070646103,0.42063492063492064,Sí,0.7268978084688055
NAPABUCASIN (BRD:BRD-K22064724-001-01-8),NAPABUCASIN,22.0,22.0,-0.10897797854319595,0.6292681723906856,0.8680420365534922,5.0,5.0,0.7345078406704301,0.7440303945861937,-0.00952255391576362,0.5476190476190477,Sí,0.8635265700483092
NARASIN (BRD:BRD-A25608658-001-01-1),NARASIN,19.0,19.0,0.18596491228070175,0.44590627508518826,0.780776068598229,3.0,5.0,0.820740089391767,0.781677905970412,0.039062183421355035,0.39285714285714285,Sí,0.7268978084688055
NAVARIXIN (BRD:BRD-K82850175-001-01-1),NAVARIXIN,16.0,16.0,-0.10882352941176471,0.6882882939574141,0.9057504673090858,4.0,4.0,0.8949941865539659,0.888032494401244,0.00696169215272191,0.8857142857142857,Sí,1.0
NAVITOCLAX (BRD:BRD-K82746043-001-19-3),NAVITOCLAX,15.0,15.0,0.1357142857142857,0.6296204418728145,0.8680420365534922,,,,,,,,
NEMORUBICIN (BRD:BRD-K51911221-001-01-2),NEMORUBICIN,22.0,22.0,0.4409937888198759,0.0399399990443038,0.3391059534242332,5.0,5.0,0.410642695723177,0.398486740184365,0.012155955538812047,0.007936507936507936,Sí,0.38228905597326646
NERATINIB (BRD:BRD-K85606544-001-09-1),NERATINIB,18.0,18.0,-0.6119711042311662,0.006950274712161287,0.17047479363440046,5.0,5.0,0.6875432292406777,0.9327450620755304,-0.24520183283485275,0.031746031746031744,Sí,0.38228905597326646
NH125 (BRD:BRD-K31086665-005-04-6),NH125,22.0,22.0,0.06267645398080182,0.7817104249303759,0.9402289225394803,5.0,5.0,0.833690126458802,0.843794776276126,-0.010104649817323952,1.0,Sí,1.0
NIACIN (BRD:BRD-K60237333-001-27-1),NIACIN,10.0,10.0,-0.09090909090909088,0.8027717312071619,0.9463917739064406,,,,,,,,
NICLOSAMIDE (BRD:BRD-K35960502-001-20-0),NICLOSAMIDE,20.0,20.0,0.04661654135338346,0.8452698052894376,0.9638154883161442,4.0,5.0,0.8480556323295105,0.865363892275497,-0.017308259945986504,0.4126984126984127,Sí,0.7268978084688055
NILOTINIB (BRD:BRD-K81528515-001-13-8),NILOTINIB,15.0,15.0,-0.35,0.2009453508162933,0.6285637561054869,,,,,,,,
NIMORAZOLE (BRD:BRD-K79145628-001-05-5),NIMORAZOLE,11.0,11.0,0.21818181818181823,0.5192482475549817,0.8231529669498184,,,,,,,,
NIRAPARIB (BRD:BRD-K54955827-001-02-2),NIRAPARIB,15.0,15.0,0.3107142857142856,0.2596673973372181,0.6823997376451297,,,,,,,,
NITARSONE (BRD:BRD-K56707426-001-02-0),NITARSONE,13.0,13.0,0.22527472527472525,0.45930514272500556,0.789039768533424,3.0,3.0,0.84459446633204,0.809925188204913,0.03466927812712706,0.7,Sí,0.9268518518518518
NMS-1286937 (BRD:BRD-K83699324-001-01-1),NMS-1286937,20.0,20.0,0.5308270676691729,0.01603544437677618,0.2441677750204731,4.0,4.0,0.6275515518637085,0.5245158745592959,0.10303567730441254,0.02857142857142857,Sí,0.38228905597326646
NMS-873 (BRD:BRD-K26253904-001-01-5),NMS-873,21.0,21.0,0.20649350649350648,0.3691521306594588,0.758049607842563,5.0,4.0,0.694134993268389,0.631705587094675,0.062429406173714064,0.2857142857142857,Sí,0.6838015540944411
NMS-E973 (BRD:BRD-K58770988-001-01-8),NMS-E973,21.0,21.0,0.38571428571428573,0.08418819066159455,0.4304510523486097,5.0,4.0,0.706496440982181,0.581233467085293,0.125262973896888,0.031746031746031744,Sí,0.38228905597326646
NOCODAZOLE (BRD:BRD-K12539581-001-23-7),NOCODAZOLE,21.0,21.0,0.15974025974025974,0.4891511154734236,0.804321107938609,4.0,5.0,0.6985123892018774,0.618284879577332,0.08022750962454539,0.4126984126984127,Sí,0.7268978084688055
NONOXYNOL-9 (BRD:BRD-K88625236-001-04-2),NONOXYNOL-9,17.0,17.0,-0.37009803921568635,0.14367547273095146,0.5572774934626994,4.0,5.0,0.8448881033956215,0.861597592341599,-0.01670948894597757,0.4126984126984127,Sí,0.7268978084688055
NOREPINEPHRINE (BRD:BRD-K87349682-347-03-8),NOREPINEPHRINE,16.0,16.0,0.2823529411764706,0.2893498290632738,0.7077448727503345,,,,,,,,
NORETYNODREL (BRD:BRD-A00758722-001-04-9),NORETYNODREL,19.0,19.0,-0.03859649122807017,0.8753438786249873,0.9697975468329533,4.0,3.0,0.888795209412901,0.953326688368468,-0.06453147895556699,0.6285714285714286,Sí,0.8921658986175115
NORFLOXACIN (BRD:BRD-K11196887-001-22-0),NORFLOXACIN,14.0,14.0,0.39780219780219783,0.1589507745108346,0.5687870218257833,,,,,,,,
NOVOBIOCIN (BRD:BRD-K85307935-236-09-5),NOVOBIOCIN,14.0,14.0,0.4021978021978022,0.1539744295414035,0.5677037801887282,4.0,4.0,0.937087660220717,0.902654359482111,0.034433300738605954,0.34285714285714286,Sí,0.7268978084688055
NSC-23766 (BRD:BRD-A80213327-305-08-3),NSC-23766,10.0,10.0,0.11515151515151514,0.7514196523258485,0.9308931736610022,,,,,,,,
NSC-319726 (BRD:BRD-K99170882-001-04-3),NSC-319726,19.0,19.0,0.008771929824561405,0.9715689358029989,0.9917954842683878,4.0,4.0,0.3868339175447445,0.38566874215465097,0.0011651753900935313,0.6857142857142857,Sí,0.9268518518518518
NSC-3852 (BRD:BRD-K13169950-001-14-4),NSC-3852,17.0,17.0,0.625,0.007304262768989965,0.17431524391940917,4.0,4.0,0.9333886922732919,0.839305033546235,0.09408365872705693,0.02857142857142857,Sí,0.38228905597326646
NSC-632839 (BRD:BRD-K81197548-003-01-4),NSC-632839,19.0,19.0,0.5578947368421052,0.013059921195492315,0.2306382083123943,4.0,4.0,0.888833512757887,0.8537666864725479,0.03506682628533908,0.2,Sí,0.5691542288557214
NSC-663284 (BRD:BRD-K03109492-001-02-2),NSC-663284,20.0,20.0,0.4060150375939849,0.0756893721143978,0.4158424847475296,4.0,5.0,0.9485507574823424,0.890402509937663,0.0581482475446794,0.1111111111111111,Sí,0.42448979591836733
NSC-697923 (BRD:BRD-K20605374-001-05-4),NSC-697923,22.0,22.0,0.24788255223037836,0.2660193797824072,0.6830530000476708,5.0,5.0,0.825967745000688,0.799131263579576,0.026836481421112057,0.42063492063492064,Sí,0.7268978084688055
NVP-AEW541 (BRD:BRD-K24696047-001-02-3),NVP-AEW541,17.0,17.0,-0.18872549019607845,0.4681922842798525,0.7928869441992983,5.0,5.0,0.853016181961049,0.919300482549117,-0.066284300588068,0.42063492063492064,Sí,0.7268978084688055
NVP-TAE 684 (BRD:BRD-K50140147-001-10-1),NVP-TAE 684,16.0,16.0,0.1411764705882353,0.6020026838819792,0.8544481574931787,,,,,,,,
NVP-TAE226 (BRD:BRD-K21025364-001-05-6),NVP-TAE226,21.0,21.0,0.13766233766233765,0.551800840604731,0.8343473658608532,5.0,4.0,0.761505296279203,0.7729562296478445,-0.011450933368641447,1.0,Sí,1.0
OCTENIDINE (BRD:BRD-K04568635-300-01-4),OCTENIDINE,19.0,19.0,0.27543859649122804,0.2537237032890097,0.6765364408503279,4.0,3.0,0.8415521648948935,0.792919350711428,0.048632814183465434,0.22857142857142856,Sí,0.5889317889317889
ODANACATIB (BRD:BRD-K22822991-001-02-3),ODANACATIB,17.0,17.0,-0.19117647058823534,0.46232612062451384,0.7911510940144296,,,,,,,,
OLAPARIB (BRD:BRD-K02113016-001-19-6),OLAPARIB,14.0,14.0,0.5516483516483517,0.04084905835112285,0.343521128800395,3.0,4.0,0.9477736308799644,0.8336104713113958,0.1141631595685686,0.11428571428571428,Sí,0.42448979591836733
OLIGOMYCIN-A (BRD:BRD-A81541225-001-06-8),OLIGOMYCIN-A,16.0,16.0,-0.03823529411764706,0.8881976539853075,0.9746808320652924,3.0,3.0,0.1618373384393,0.20916738298205,-0.04733004454275,1.0,Sí,1.0
OLTIPRAZ (BRD:BRD-K86972824-001-01-4),OLTIPRAZ,14.0,14.0,0.3758241758241759,0.18541002869712306,0.604994430854705,,,,,,,,
OLVEREMBATINIB (BRD:BRD-K35329391-334-01-7),OLVEREMBATINIB,19.0,19.0,0.012280701754385965,0.9602038588720425,0.9893725661698659,5.0,4.0,0.776026210901352,0.7361097435783606,0.03991646732299148,1.0,Sí,1.0
OMEPRAZOLE (BRD:BRD-A55962179-001-22-1),OMEPRAZOLE,15.0,15.0,0.18214285714285713,0.5158816817070393,0.8207631080131814,,,,,,,,
ONC201 (BRD:BRD-K58529924-001-01-5),ONC201,15.0,15.0,-0.34642857142857136,0.2058959920935511,0.6306617630108551,4.0,4.0,0.8187705782621308,0.9197051383591257,-0.10093456009699486,0.34285714285714286,Sí,0.7268978084688055
ONCRASIN-1 (BRD:BRD-K43449605-001-01-0),ONCRASIN-1,15.0,15.0,-0.1607142857142857,0.5671967045803448,0.8389190789689187,,,,,,,,
ONX-0914 (BRD:BRD-K60446698-001-01-2),ONX-0914,21.0,21.0,-0.24155844155844156,0.291470754429199,0.7090046175233683,5.0,4.0,0.61630319531384,0.6408352552162291,-0.024532059902389047,0.4126984126984127,Sí,0.7268978084688055
OPROZOMIB (BRD:BRD-A36331462-001-02-1),OPROZOMIB,15.0,15.0,-0.06785714285714285,0.8101088187105132,0.948620796770868,3.0,4.0,0.397656156322874,0.484598004460592,-0.08694184813771799,0.8571428571428571,Sí,1.0
ORIDONIN (BRD:BRD-K23925186-001-02-8),ORIDONIN,21.0,21.0,0.43636363636363634,0.04796935978332507,0.3525300458925629,4.0,5.0,0.9524666294265115,0.826433298120337,0.12603333130617456,0.06349206349206349,Sí,0.38228905597326646
OSI 930 OSI930 (BRD:BRD-K25340465-001-11-1),OSI 930 OSI930,15.0,15.0,0.049999999999999996,0.859540943467457,0.9656166069742551,,,,,,,,
OSI-420 (BRD:BRD-K73309154-003-02-8),OSI-420,14.0,14.0,0.02857142857142857,0.9227613765698747,0.9805033640327309,3.0,3.0,0.873799041508207,0.883488788437725,-0.009689746929518073,1.0,Sí,1.0
OSIMERTINIB (BRD:BRD-K42805893-001-04-9),OSIMERTINIB,18.0,18.0,-0.6346749226006192,0.004662842748871135,0.16434076220750218,4.0,4.0,0.6791938456654438,0.9244276715179596,-0.24523382585251574,0.05714285714285714,Sí,0.38228905597326646
OTS167 (BRD:BRD-K53417444-003-03-1),OTS167,22.0,22.0,0.4195369847543761,0.051931713056619346,0.3639341478491657,5.0,5.0,0.552594813824468,0.344760020210571,0.20783479361389695,0.09523809523809523,Sí,0.42448979591836733
OUABAIN (BRD:BRD-K33277808-331-01-3),OUABAIN,19.0,19.0,0.40350877192982454,0.08668081166957645,0.4348815721831591,4.0,4.0,0.5573573507070035,0.503743080501833,0.05361427020517051,0.11428571428571428,Sí,0.42448979591836733
OXIBENDAZOLE (BRD:BRD-K52075715-001-06-7),OXIBENDAZOLE,22.0,22.0,0.5731225296442689,0.005300506147532188,0.16715524743824722,5.0,5.0,0.859592455334568,0.800545761224594,0.059046694109973985,0.007936507936507936,Sí,0.38228905597326646
OXIPEROMIDE (BRD:BRD-K78096648-001-05-7),OXIPEROMIDE,14.0,14.0,0.5076923076923077,0.06383915813376863,0.38609573035697053,5.0,3.0,0.93818965428251,0.839319812646402,0.09886984163610801,0.07142857142857142,Sí,0.42120765832106033
OXIRACETAM (BRD:BRD-K50677762-001-01-5),OXIRACETAM,18.0,18.0,0.4179566563467492,0.08435264811978462,0.4304510523486097,,,,,,,,
OXPRENOLOL (BRD:BRD-A43671941-003-11-9),OXPRENOLOL,14.0,14.0,0.15164835164835166,0.6047905984521367,0.8544481574931787,,,,,,,,
OXYPHENCYCLIMINE (BRD:BRD-A58193911-003-18-7),OXYPHENCYCLIMINE,18.0,18.0,0.2115583075335397,0.39938013616939916,0.7734882591591963,,,,,,,,
OXYQUINOLINE (BRD:BRD-K66808046-065-03-7),OXYQUINOLINE,19.0,19.0,-0.1789473684210526,0.46355363606350364,0.7914660040445836,5.0,4.0,0.953131594005008,0.9468608457945396,0.006270748210468469,0.7301587301587302,Sí,0.9301799413157988
P 22077 (BRD:BRD-K97714174-001-01-3),P 22077,11.0,11.0,-0.36363636363636365,0.27163754099382253,0.6853027105644152,,,,,,,,
P276-00 (BRD:BRD-K51791723-003-01-7),P276-00,20.0,20.0,0.08872180451127819,0.7099206278927328,0.9177426551750772,4.0,5.0,0.7810338255966949,0.7379033548489423,0.04313047074775256,0.9047619047619049,Sí,1.0
P5091 (BRD:BRD-K13606314-001-01-3),P5091,18.0,18.0,-0.3498452012383901,0.15469232181385817,0.5677037801887282,3.0,5.0,0.868212011270584,0.888140910952319,-0.019928899681734946,0.25,Sí,0.6327433628318584
PACLITAXEL (BRD:BRD-K62008436-001-23-9),PACLITAXEL,12.0,12.0,0.2517482517482518,0.4299187850328841,0.7784837999874641,,,,,,,,
PACRITINIB (BRD:BRD-K19034817-001-01-4),PACRITINIB,20.0,20.0,0.4766917293233082,0.03358407951093335,0.31547598093781004,5.0,4.0,0.901525973022079,0.86107245284161,0.040453520180468994,0.031746031746031744,Sí,0.38228905597326646
PALIPERIDONE (BRD:BRD-A99888680-001-03-8),PALIPERIDONE,13.0,13.0,0.5494505494505494,0.05177062555916278,0.3639341478491657,,,,,,,,
PANOBINOSTAT (BRD:BRD-K02130563-001-11-4),PANOBINOSTAT,20.0,20.0,-0.1609022556390977,0.4979744144247944,0.807040166382094,5.0,4.0,0.6448296288793659,0.7495237836695396,-0.10469415479017374,0.4126984126984127,Sí,0.7268978084688055
PAPAVERINE (BRD:BRD-K15567136-003-27-2),PAPAVERINE,18.0,18.0,-0.27554179566563464,0.268425131389062,0.6830530000476708,3.0,3.0,0.882479636962917,0.899306020503519,-0.016826383540602063,1.0,Sí,1.0
PARBENDAZOLE (BRD:BRD-K02407574-001-09-7),PARBENDAZOLE,20.0,20.0,0.4842105263157894,0.030508493550666576,0.3061249977868021,5.0,4.0,0.709267883217276,0.641521760780532,0.06774612243674394,0.19047619047619047,Sí,0.5691542288557214
PARDOPRUNOX (BRD:BRD-K11851476-003-01-7),PARDOPRUNOX,21.0,21.0,0.14415584415584418,0.5330058743165694,0.8321425717379879,4.0,5.0,0.8382230770674695,0.728444974804959,0.1097781022625105,0.5555555555555556,Sí,0.8635265700483092
PARICALCITOL (BRD:BRD-K60585088-001-01-5),PARICALCITOL,12.0,12.0,-0.1258741258741259,0.696683109395766,0.9086723568633107,,,,,,,,
PARTHENOLIDE (BRD:BRD-K98548675-001-05-9),PARTHENOLIDE,15.0,15.0,0.28928571428571426,0.2956653610043777,0.7113692473211594,3.0,4.0,0.847321510475426,0.8346407786451284,0.012680731830297609,0.6285714285714286,Sí,0.8921658986175115
PARTHENOLIDE-(-) (BRD:BRD-K34851558-001-02-3),PARTHENOLIDE-(-),19.0,19.0,0.15263157894736842,0.5327517272519823,0.8321425717379879,,,,,,,,
PAZOPANIB (BRD:BRD-K74514084-003-09-2),PAZOPANIB,18.0,18.0,-0.10629514963880288,0.6746395315456968,0.898501819539744,4.0,5.0,0.9403533763054478,0.948548154960436,-0.008194778654988188,0.9047619047619049,Sí,1.0
PCI-24781 (BRD:BRD-K12867552-001-04-7),PCI-24781,22.0,22.0,0.22303783173348396,0.31841675008781406,0.7302908839676359,5.0,5.0,0.77289646890119,0.708838809624503,0.06405765927668705,0.15079365079365079,Sí,0.5291654494108482
PD 0325901 (BRD:BRD-K49865102-001-08-4),PD 0325901,20.0,20.0,0.1609022556390977,0.4979744144247944,0.807040166382094,4.0,5.0,0.7964598109647235,0.83854553052257,-0.04208571955784646,0.9047619047619049,Sí,1.0
PD-153035 (BRD:BRD-K26603252-003-04-9),PD-153035,13.0,13.0,-0.2967032967032967,0.3249215884859749,0.7337743289849511,,,,,,,,
PD-168393 (BRD:BRD-K17702546-001-03-2),PD-168393,21.0,21.0,-0.43636363636363634,0.04796935978332507,0.3525300458925629,5.0,5.0,0.692022417998771,0.845949738432355,-0.15392732043358404,0.05555555555555555,Sí,0.38228905597326646
PD-198306 (BRD:BRD-K88677950-001-03-9),PD-198306,16.0,16.0,0.06470588235294117,0.8118214513105935,0.948620796770868,,,,,,,,
PD-318088 (BRD:BRD-A57798112-001-03-7),PD-318088,14.0,14.0,0.23956043956043957,0.4094298928517327,0.7778704540120908,3.0,3.0,0.853431943938332,0.858037485104131,-0.004605541165799032,1.0,Sí,1.0
PD-407824 (BRD:BRD-K82823804-001-04-1),PD-407824,20.0,20.0,0.07368421052631578,0.7575286998643431,0.9338387100159996,4.0,4.0,0.879613988868818,0.8659802050847656,0.013633783784052445,0.8857142857142857,Sí,1.0
PENFLURIDOL (BRD:BRD-K15409150-001-05-8),PENFLURIDOL,21.0,21.0,-0.0961038961038961,0.6785829571667291,0.9012497368630407,5.0,4.0,0.715070589535823,0.737491238085039,-0.022420648549215993,1.0,Sí,1.0
PENTAGASTRIN (BRD:BRD-K78789465-001-01-6),PENTAGASTRIN,16.0,16.0,-0.18823529411764706,0.4850866091454684,0.804321107938609,,,,,,,,
PENTAMIDINE (BRD:BRD-K13183738-317-10-2),PENTAMIDINE,19.0,19.0,-0.008771929824561405,0.9715689358029989,0.9917954842683878,4.0,4.0,0.868683272019424,0.8405325670437925,0.028150704975631435,0.6857142857142857,Sí,0.9268518518518518
PEPSTATIN (BRD:BRD-K13571841-001-14-4),PEPSTATIN,13.0,13.0,0.3736263736263736,0.20855405979520916,0.6306617630108551,,,,,,,,
PERUVOSIDE (BRD:BRD-A72716251-001-01-5),PERUVOSIDE,21.0,21.0,0.37792207792207794,0.09119661406939472,0.44489839902362177,5.0,4.0,0.636567084411532,0.5529684491660485,0.0835986352454835,0.06349206349206349,Sí,0.38228905597326646
PETCM (BRD:BRD-A93477898-001-04-2),PETCM,15.0,15.0,-0.06785714285714285,0.8101088187105132,0.948620796770868,,,,,,,,
PEVONEDISTAT (BRD:BRD-K67844266-003-01-9),PEVONEDISTAT,13.0,13.0,0.03846153846153846,0.9007243023389339,0.9746808320652924,,,,,,,,
PF-00562271 (BRD:BRD-K99545815-001-06-3),PF-00562271,20.0,20.0,0.22556390977443608,0.33897093917086674,0.7390403439206799,4.0,4.0,0.9020378684496355,0.8782881673912595,0.023749701058376038,0.4857142857142857,Sí,0.8123642439431913
PF-03758309 (BRD:BRD-K37764012-001-04-1),PF-03758309,16.0,16.0,0.5852941176470587,0.01722528661609483,0.24532142067760862,3.0,4.0,0.604099389543367,0.414790641598931,0.18930874794443597,0.05714285714285714,Sí,0.38228905597326646
PF-03814735 (BRD:BRD-K68747584-001-02-0),PF-03814735,14.0,14.0,0.4197802197802198,0.13510107382914258,0.5308699567441867,,,,,,,,
PF-04457845 (BRD:BRD-K86816506-001-01-8),PF-04457845,17.0,17.0,-0.6176470588235294,0.008242328912101944,0.1827542325058525,,,,,,,,
PF-04691502 (BRD:BRD-K07310275-001-02-5),PF-04691502,19.0,19.0,0.22456140350877193,0.35534598974510745,0.7508135123045486,4.0,4.0,0.691700523967442,0.67201502764911,0.01968549631833194,0.11428571428571428,Sí,0.42448979591836733
PF-05212384 (BRD:BRD-K07955840-001-02-3),PF-05212384,22.0,22.0,-0.4861660079051384,0.021783087892448556,0.2634858439593435,5.0,5.0,0.563653205928737,0.579785258821366,-0.01613205289262898,0.30952380952380953,Sí,0.7081904761904761
PF-477736 (BRD:BRD-K03063480-001-06-6),PF-477736,20.0,20.0,0.5097744360902255,0.02166896662153533,0.2634858439593435,4.0,4.0,0.864203295677032,0.5933876955653501,0.27081560011168193,0.11428571428571428,Sí,0.42448979591836733
PFI-1 (BRD:BRD-K13094524-001-07-5),PFI-1,20.0,20.0,-0.4526315789473684,0.045075688783048344,0.3525300458925629,3.0,5.0,0.758546255735922,0.826721219817033,-0.0681749640811109,0.25,Sí,0.6327433628318584
PFK-015 (BRD:BRD-K95573441-001-01-2),PFK-015,18.0,18.0,0.12899896800825592,0.6099496263278285,0.8589880702511523,3.0,4.0,0.852378736938079,0.8570226984735749,-0.004643961535495955,0.8571428571428571,Sí,1.0
PHA 665752 (BRD:BRD-K95435023-001-08-5),PHA 665752,17.0,17.0,0.21078431372549022,0.41674984855133407,0.7778704540120908,,,,,,,,
PHA 793887 (BRD:BRD-K64800655-001-07-4),PHA 793887,20.0,20.0,0.3684210526315789,0.10996436611637704,0.49039664283212586,4.0,5.0,0.8952612439103624,0.751553421164929,0.14370782274543348,0.19047619047619047,Sí,0.5691542288557214
PHA-680632 (BRD:BRD-K09443272-001-03-3),PHA-680632,20.0,20.0,0.21804511278195485,0.35573636611773696,0.7508135123045486,4.0,4.0,0.863274578326786,0.7999010859416635,0.06337349238512247,0.11428571428571428,Sí,0.42448979591836733
PHA-767491 (BRD:BRD-K50000283-001-04-4),PHA-767491,22.0,22.0,0.4285714285714286,0.04658379774023283,0.3525300458925629,5.0,5.0,0.901860902244737,0.860359604598509,0.04150129764622801,0.05555555555555555,Sí,0.38228905597326646
PHA-848125 (BRD:BRD-K60997853-001-02-3),PHA-848125,19.0,19.0,0.09473684210526316,0.6996571784752554,0.9098634589008109,4.0,5.0,0.9030573403442719,0.9193812964304874,-0.016323956086215508,0.9047619047619049,Sí,1.0
PHENIRAMINE (BRD:BRD-A23072235-050-18-5),PHENIRAMINE,10.0,10.0,-0.6969696969696969,0.02509667588225185,0.2777820489415888,,,,,,,,
PHENYLBUTAZONE (BRD:BRD-K10843433-001-22-7),PHENYLBUTAZONE,12.0,12.0,-0.5734265734265735,0.05126558978649151,0.3639341478491657,,,,,,,,
PHENYLMERCURIC-ACETATE (BRD:BRD-K74193284-001-04-8),PHENYLMERCURIC-ACETATE,21.0,21.0,0.40389610389610386,0.06939949544788349,0.40853169653654076,5.0,5.0,0.825033165005303,0.75679629234534,0.06823687265996303,0.15079365079365079,Sí,0.5291654494108482
PHLORIZIN (BRD:BRD-K24601397-001-01-1),PHLORIZIN,13.0,13.0,-0.21978021978021978,0.4706148514721425,0.7928869441992983,,,,,,,,
PI 103 (BRD:BRD-K67868012-001-07-6),PI 103,21.0,21.0,0.0935064935064935,0.6868397848627376,0.9051933284086526,5.0,5.0,0.927250097236147,0.891167798681755,0.036082298554392045,0.5476190476190477,Sí,0.8635265700483092
PI-828 (BRD:BRD-K97365803-001-02-1),PI-828,14.0,14.0,0.2571428571428571,0.3748119038799704,0.7641955766791809,4.0,3.0,0.9394282296792705,0.954157358704589,-0.014729129025318421,1.0,Sí,1.0
PI3K-IN-2 (BRD:BRD-K62374002-001-01-5),PI3K-IN-2,22.0,22.0,-0.1518915866741954,0.4998153235435795,0.807040166382094,5.0,5.0,0.713247352943389,0.680390515328736,0.03285683761465308,0.6904761904761905,Sí,0.9268518518518518
PICTILISIB (BRD:BRD-K52911425-001-09-8),PICTILISIB,18.0,18.0,0.2982456140350877,0.22932241176613294,0.6595505708441295,4.0,3.0,0.830053322200996,0.773183046361961,0.056870275839035034,0.6285714285714286,Sí,0.8921658986175115
PIDNARULEX (BRD:BRD-K12787259-001-04-3),PIDNARULEX,21.0,21.0,0.5025974025974026,0.020229828771012266,0.2588831710841135,5.0,4.0,0.819837309457967,0.733435621086163,0.08640168837180395,0.1111111111111111,Sí,0.42448979591836733
PIK-75 (BRD:BRD-K49371609-003-03-8),PIK-75,22.0,22.0,0.2862789384528515,0.19648801204618047,0.6204300847061154,5.0,5.0,0.588011815939687,0.566039730752255,0.02197208518743199,0.42063492063492064,Sí,0.7268978084688055
PILARALISIB (BRD:BRD-K49456274-001-01-9),PILARALISIB,10.0,10.0,0.0303030303030303,0.9337729580941466,0.9826561405588721,,,,,,,,
PIRENPERONE (BRD:BRD-K25224017-001-25-0),PIRENPERONE,21.0,21.0,0.26103896103896107,0.2530648119666416,0.6765364408503279,5.0,5.0,0.778668786302717,0.729748864624165,0.04891992167855197,0.05555555555555555,Sí,0.38228905597326646
PITAVASTATIN (BRD:BRD-K75958547-238-01-0),PITAVASTATIN,12.0,12.0,0.2867132867132868,0.36625146058358227,0.7573771421435671,,,,,,,,
PKI-179 (BRD:BRD-A28467416-002-01-0),PKI-179,21.0,21.0,-0.15584415584415584,0.49994447453114993,0.807040166382094,5.0,4.0,0.666638841884404,0.6435523996967529,0.0230864421876511,0.9047619047619049,Sí,1.0
PLINABULIN (BRD:BRD-K99498722-001-02-6),PLINABULIN,22.0,22.0,0.21852060982495766,0.3285693596146497,0.7344980874423689,5.0,5.0,0.530035527130966,0.484608191906359,0.04542733522460701,0.30952380952380953,Sí,0.7081904761904761
PLX 4720 (BRD:BRD-K16478699-001-09-2),PLX 4720,20.0,20.0,0.37744360902255636,0.10087319118710483,0.466494998120727,4.0,5.0,0.886991821457509,0.844576998483287,0.042414822974221944,0.19047619047619047,Sí,0.5691542288557214
PODOPHYLLOTOXIN (BRD:BRD-K47869605-001-32-0),PODOPHYLLOTOXIN,22.0,22.0,0.43083003952569177,0.04531612548785277,0.3525300458925629,5.0,5.0,0.618436485529126,0.458305319436066,0.16013116609306,0.05555555555555555,Sí,0.38228905597326646
POLYDATIN (BRD:BRD-K43236057-001-07-1),POLYDATIN,19.0,19.0,-0.0543859649122807,0.8249897141619514,0.9522430295490236,4.0,4.0,0.7880088254506905,0.8464865753801155,-0.058477749929425005,0.2,Sí,0.5691542288557214
POSACONAZOLE (BRD:BRD-K06222852-001-03-2),POSACONAZOLE,11.0,11.0,-0.44545454545454555,0.16973260492681183,0.5932199448549884,,,,,,,,
POZIOTINIB (BRD:BRD-K50010139-001-01-5),POZIOTINIB,13.0,13.0,-0.8131868131868131,0.0007236077236996981,0.09127794571811906,3.0,3.0,0.3462074136206009,0.9328161423435136,-0.5866087287229127,0.1,Sí,0.42448979591836733
PP-121 (BRD:BRD-K81801188-001-02-8),PP-121,22.0,22.0,0.13043478260869568,0.5628843446021313,0.8379312384400485,5.0,5.0,0.637887409405379,0.57379484376604,0.06409256563933907,0.30952380952380953,Sí,0.7081904761904761
PP-2 (BRD:BRD-K95785537-001-23-1),PP-2,11.0,11.0,-0.05454545454545456,0.8734465775233149,0.9697975468329533,,,,,,,,
PP242 (BRD:BRD-K87112191-001-04-5),PP242,20.0,20.0,-0.22556390977443608,0.33897093917086674,0.7390403439206799,5.0,4.0,0.776706008313852,0.826983198354053,-0.050277190040201036,0.2857142857142857,Sí,0.6838015540944411
PPT (BRD:BRD-K00312224-001-09-5),PPT,14.0,14.0,0.5120879120879122,0.0611984861564584,0.3805511498320618,3.0,3.0,0.943847783269078,0.883656467629303,0.06019131563977498,0.1,Sí,0.42448979591836733
PR-619 (BRD:BRD-K54395039-001-01-7),PR-619,21.0,21.0,0.15454545454545454,0.5035678584762259,0.8112598370610681,5.0,4.0,0.847217508784643,0.829980029500704,0.017237479283938928,0.19047619047619047,Sí,0.5691542288557214
PRACTOLOL (BRD:BRD-A41304429-001-14-8),PRACTOLOL,13.0,13.0,-0.6153846153846153,0.025167116551899325,0.2777820489415888,,,,,,,,
PRAZOSIN (BRD:BRD-K49111258-003-29-7),PRAZOSIN,13.0,13.0,-0.2857142857142857,0.3440002182586698,0.7411956513828063,3.0,3.0,0.931121667476365,0.940342932782586,-0.009221265306220916,0.7,Sí,0.9268518518518518
PREDNISOLONE-HEMISUCCINATE (BRD:BRD-A78391468-001-02-8),PREDNISOLONE-HEMISUCCINATE,11.0,11.0,0.009090909090909092,0.9788365001441937,0.9951893714922184,,,,,,,,
PROFLAVINE-HEMISULFATE (BRD:BRD-K68408467-065-01-8),PROFLAVINE-HEMISULFATE,13.0,13.0,0.03296703296703297,0.9148564744875124,0.9779882166736967,3.0,4.0,0.817809266240602,0.8333965609834204,-0.015587294742818392,1.0,Sí,1.0
PROPOXYCAINE (BRD:BRD-K18250272-003-11-0),PROPOXYCAINE,11.0,11.0,-0.28181818181818186,0.40114489796047825,0.7734882591591963,,,,,,,,
PROPRANOLOL (BRD:BRD-A10070317-003-28-3),PROPRANOLOL,10.0,10.0,-0.5878787878787878,0.07387770688865808,0.4158424847475296,,,,,,,,
PROSCILLARIDIN-A (BRD:BRD-A11815689-001-01-1),PROSCILLARIDIN-A,13.0,13.0,0.39010989010989006,0.18757411613383787,0.604994430854705,,,,,,,,
PRT062070 (BRD:BRD-K25835157-001-01-4),PRT062070,13.0,13.0,0.34065934065934067,0.25470646075412523,0.6765364408503279,4.0,4.0,0.937780837790491,0.8726504331504334,0.0651304046400576,0.6857142857142857,Sí,0.9268518518518518
PSI-7976 (BRD:BRD-K05674516-001-01-7),PSI-7976,15.0,15.0,0.017857142857142853,0.9496353041738619,0.9893725661698659,,,,,,,,
PTC-209 (BRD:BRD-K83834509-001-01-1),PTC-209,14.0,14.0,0.3406593406593406,0.23331605103682382,0.6595505708441295,,,,,,,,
PTEROSTILBENE (BRD:BRD-K53097745-001-01-5),PTEROSTILBENE,15.0,15.0,0.24285714285714283,0.38312834183934164,0.7663692375297371,3.0,3.0,0.898528728672366,0.693968180481939,0.20456054819042702,0.2,Sí,0.5691542288557214
PU-H71 (BRD:BRD-K36529613-001-02-6),PU-H71,21.0,21.0,0.5753246753246753,0.006358310845714959,0.1697360530283357,5.0,4.0,0.752516279284335,0.6766688813012015,0.07584739798313345,0.19047619047619047,Sí,0.5691542288557214
PUROMYCIN (BRD:BRD-A28970875-300-04-9),PUROMYCIN,21.0,21.0,0.44285714285714284,0.04437704849154563,0.3525300458925629,5.0,4.0,0.771845461240158,0.6846782741318005,0.08716718710835747,0.19047619047619047,Sí,0.5691542288557214
PYRITHIONE-ZINC (BRD:BRD-K16136380-001-01-7),PYRITHIONE-ZINC,21.0,21.0,0.3103896103896104,0.17087682060108259,0.5932199448549884,5.0,5.0,0.678350743803903,0.605031764815242,0.07331897898866102,0.2222222222222222,Sí,0.5889317889317889
PYROXAMIDE (BRD:BRD-K11663430-001-02-3),PYROXAMIDE,17.0,17.0,0.22549019607843138,0.3841966507618189,0.7663692375297371,3.0,3.0,0.929168852802629,0.831585648555174,0.09758320424745492,0.2,Sí,0.5691542288557214
R306465 (BRD:BRD-K86687746-001-01-3),R306465,15.0,15.0,0.08214285714285713,0.7710285652881773,0.9382723639905493,3.0,4.0,0.694263428777094,0.690492885075747,0.0037705437013469956,0.8571428571428571,Sí,1.0
R406 (BRD:BRD-K20285085-074-04-5),R406,16.0,16.0,-0.12058823529411765,0.6564245147485953,0.8849203763710071,,,,,,,,
R547 (BRD:BRD-K52233191-001-02-4),R547,19.0,19.0,-0.03333333333333333,0.8922406862320765,0.9746808320652924,4.0,4.0,0.7923873141470555,0.7177144111640366,0.07467290298301898,0.2,Sí,0.5691542288557214
RADEZOLID (BRD:BRD-K84683831-001-01-0),RADEZOLID,15.0,15.0,-0.05714285714285713,0.8396998687415759,0.9601174438217321,,,,,,,,
RAF265 (BRD:BRD-K93123848-001-04-1),RAF265,16.0,16.0,-0.07647058823529412,0.778340980960703,0.9382723639905493,,,,,,,,
RALTITREXED (BRD:BRD-K89839824-001-05-3),RALTITREXED,21.0,21.0,0.38311688311688313,0.0864783097986004,0.4348815721831591,5.0,5.0,0.661146030816401,0.53745474719539,0.123691283621011,0.031746031746031744,Sí,0.38228905597326646
RAPAMYCIN (BRD:BRD-K84937637-001-09-9),RAPAMYCIN,22.0,22.0,-0.35855448898927167,0.10129346168754431,0.466494998120727,5.0,5.0,0.496787690664175,0.607361260990438,-0.11057357032626297,0.2222222222222222,Sí,0.5889317889317889
REGORAFENIB (BRD:BRD-K16730910-001-10-7),REGORAFENIB,16.0,16.0,-0.06176470588235294,0.8202418775044894,0.949244531895759,4.0,4.0,0.9328846668058066,0.9782953685054023,-0.04541070169959571,0.4857142857142857,Sí,0.8123642439431913
REPSOX (BRD:BRD-K80480517-001-02-4),REPSOX,15.0,15.0,-0.33928571428571425,0.2160289253419548,0.6379717092874452,3.0,5.0,0.830762766759584,0.891648367941597,-0.060885601182012916,0.7857142857142857,Sí,0.9834323226008127
RESMINOSTAT (BRD:BRD-K28822270-001-03-7),RESMINOSTAT,17.0,17.0,-0.16666666666666669,0.5226031535880373,0.8235977272609553,4.0,3.0,0.8757579201915598,0.904700717657152,-0.02894279746559214,0.8571428571428571,Sí,1.0
RHEOCHRYSIDIN (BRD:BRD-K67772619-001-05-1),RHEOCHRYSIDIN,15.0,15.0,0.2678571428571428,0.3344436005123539,0.7346111921701703,,,,,,,,
RIBOCICLIB (BRD:BRD-K36788280-001-01-2),RIBOCICLIB,14.0,14.0,-0.3450549450549451,0.2269486800417004,0.6591963305158601,,,,,,,,
RIFAMPIN (BRD:BRD-K01507359-001-22-9),RIFAMPIN,15.0,15.0,0.37499999999999994,0.16843274984674547,0.5925343351182322,3.0,4.0,0.94134674967924,0.90518733572188,0.03615941395736,0.4,Sí,0.7268978084688055
RIGOSERTIB (BRD:BRD-K55187425-236-05-2),RIGOSERTIB,13.0,13.0,0.576923076923077,0.038992623432448296,0.334276567872348,,,,,,,,
RITA (BRD:BRD-K00317371-001-06-1),RITA,18.0,18.0,-0.25902992776057787,0.29930484205263064,0.7142869608985752,3.0,4.0,0.766271117659985,0.8538251484557056,-0.08755403079572055,0.4,Sí,0.7268978084688055
RN-1734 (BRD:BRD-K95581532-001-01-5),RN-1734,20.0,20.0,-0.12932330827067667,0.586852724489982,0.8494933700404166,5.0,5.0,0.804256036050657,0.796652067799248,0.007603968251408966,0.8412698412698413,Sí,1.0
RO-106-9920 (BRD:BRD-A53134341-001-03-2),RO-106-9920,22.0,22.0,-0.014116318464144554,0.9502846499817856,0.9893725661698659,5.0,5.0,0.783920931203682,0.776203857053211,0.0077170741504709595,0.6904761904761905,Sí,0.9268518518518518
RO-4987655 (BRD:BRD-K64538373-001-01-4),RO-4987655,19.0,19.0,0.03859649122807017,0.8753438786249873,0.9697975468329533,4.0,4.0,0.7838827195443789,0.8123906131749841,-0.02850789363060513,0.4857142857142857,Sí,0.8123642439431913
RO-9187 (BRD:BRD-K57284066-001-01-6),RO-9187,18.0,18.0,-0.21362229102167182,0.3946884572555505,0.771039618930644,4.0,4.0,0.8720898863668275,0.8988057458266661,-0.026715859459838565,0.4857142857142857,Sí,0.8123642439431913
ROCILETINIB (BRD:BRD-K33610132-001-02-9),ROCILETINIB,13.0,13.0,-0.16483516483516483,0.590478988652005,0.853343612078102,4.0,3.0,0.8782780908051292,0.9339958189763942,-0.05571772817126497,0.6285714285714286,Sí,0.8921658986175115
ROMIDEPSIN (BRD:BRD-K61397605-001-03-4),ROMIDEPSIN,21.0,21.0,0.18051948051948052,0.433594674982858,0.7797639470669321,5.0,4.0,0.224766156296047,0.2024738037082015,0.022292352587845482,0.7301587301587302,Sí,0.9301799413157988
RS-16566 (BRD:BRD-K80725821-300-02-9),RS-16566,17.0,17.0,0.25490196078431376,0.3234600340651103,0.7331363636513977,3.0,3.0,0.941512608817418,0.926764139963881,0.014748468853537089,0.7,Sí,0.9268518518518518
RS-17053 (BRD:BRD-K76840893-003-02-5),RS-17053,21.0,21.0,-0.22987012987012984,0.3161498376663409,0.7273113963580073,5.0,5.0,0.884691495542101,0.913284912500934,-0.028593416958832996,0.6904761904761905,Sí,0.9268518518518518
RS-504393 (BRD:BRD-K87510569-001-02-8),RS-504393,12.0,12.0,-0.20979020979020982,0.512840943181826,0.8207631080131814,,,,,,,,
RU-58841 (BRD:BRD-K62762455-001-01-3),RU-58841,10.0,10.0,-0.35757575757575755,0.31037609170568026,0.7273113963580073,,,,,,,,
RUBITECAN (BRD:BRD-K79821389-001-03-5),RUBITECAN,22.0,22.0,0.4477696216826652,0.03664259102857066,0.3270828544447713,5.0,5.0,0.612031342469924,0.352580052073241,0.25945129039668297,0.007936507936507936,Sí,0.38228905597326646
RUTIN (BRD:BRD-K20482099-001-09-4),RUTIN,18.0,18.0,-0.20330237358101136,0.4184467334719627,0.7778704540120908,5.0,4.0,0.831237584674524,0.8639235427350775,-0.03268595806055352,0.9047619047619049,Sí,1.0
RUXOLITINIB (BRD:BRD-K53972329-001-07-0),RUXOLITINIB,16.0,16.0,0.1411764705882353,0.6020026838819792,0.8544481574931787,3.0,3.0,0.9514711642585104,0.9637742494260952,-0.012303085167584826,1.0,Sí,1.0
RYUVIDINE (BRD:BRD-K06426971-001-02-7),RYUVIDINE,22.0,22.0,0.31451157538114066,0.1539966672539892,0.5677037801887282,5.0,5.0,0.856080592766053,0.82899399448347,0.027086598282582974,0.2222222222222222,Sí,0.5889317889317889
SALINOMYCIN (BRD:BRD-A28301258-001-03-0),SALINOMYCIN,15.0,15.0,0.3285714285714285,0.23180969720615963,0.6595505708441295,3.0,4.0,0.871886900594688,0.7951506850343935,0.07673621556029453,0.11428571428571428,Sí,0.42448979591836733
SANGIVAMYCIN (BRD:BRD-A64064900-001-02-3),SANGIVAMYCIN,16.0,16.0,0.6970588235294117,0.0026905894025605944,0.14848690265381279,3.0,4.0,0.032114079194371,0.0101880955334512,0.0219259836609198,0.05714285714285714,Sí,0.38228905597326646
SAR131675 (BRD:BRD-K38904395-001-02-3),SAR131675,14.0,14.0,0.367032967032967,0.19673887170748847,0.6204300847061154,,,,,,,,
SAR245409 (BRD:BRD-K56291712-001-01-0),SAR245409,16.0,16.0,-0.13823529411764704,0.6096659407501827,0.8589880702511523,,,,,,,,
SARAFLOXACIN (BRD:BRD-K08525451-003-05-2),SARAFLOXACIN,13.0,13.0,0.1758241758241758,0.5655798619595344,0.8379312384400485,3.0,3.0,0.849251168827295,0.850808520221114,-0.001557351393818962,1.0,Sí,1.0
SATRAPLATIN (BRD:BRD-K42497885-001-01-1),SATRAPLATIN,14.0,14.0,0.745054945054945,0.002230037316742074,0.14848690265381279,3.0,3.0,0.924330490678627,0.847760918693244,0.07656957198538306,0.1,Sí,0.42448979591836733
SB-200646 (BRD:BRD-K77677632-003-02-6),SB-200646,15.0,15.0,0.014285714285714282,0.9596997645989476,0.9893725661698659,3.0,4.0,0.886748371181103,0.8677392457816995,0.01900912539940347,0.8571428571428571,Sí,1.0
SB-205384 (BRD:BRD-A22707317-001-10-8),SB-205384,15.0,15.0,-0.010714285714285713,0.9697698761545686,0.9917954842683878,,,,,,,,
SB-216641 (BRD:BRD-K30867024-003-03-3),SB-216641,18.0,18.0,0.09184726522187822,0.7170028416617739,0.9197616372409537,4.0,4.0,0.9223174648308955,0.919270263417153,0.003047201413742484,0.8857142857142857,Sí,1.0
SB-218078 (BRD:BRD-A06352508-001-03-7),SB-218078,13.0,13.0,0.20329670329670327,0.5053147342962485,0.8112598370610681,,,,,,,,
SB-218795 (BRD:BRD-K61097567-001-08-5),SB-218795,14.0,14.0,0.2967032967032967,0.302966723838702,0.720518171075762,,,,,,,,
SB-225002 (BRD:BRD-K61323504-001-04-0),SB-225002,14.0,14.0,-0.054945054945054944,0.8520077036323678,0.9639855930264206,,,,,,,,
SB-2343 (BRD:BRD-K98795921-001-01-7),SB-2343,22.0,22.0,-0.3709768492377189,0.08918063289216062,0.4396312173203439,5.0,5.0,0.676073970900704,0.74382061532736,-0.06774664442665601,0.15079365079365079,Sí,0.5291654494108482
SB-239063 (BRD:BRD-K82091397-001-03-0),SB-239063,16.0,16.0,0.1411764705882353,0.6020026838819792,0.8544481574931787,4.0,3.0,0.8758157333251799,0.855040569643666,0.020775163681513886,0.6285714285714286,Sí,0.8921658986175115
SB-431542 (BRD:BRD-K67298865-001-09-0),SB-431542,21.0,21.0,-0.14285714285714285,0.5367409296165598,0.8343473658608532,4.0,5.0,0.786928913714001,0.843283856733389,-0.05635494301938804,0.7301587301587302,Sí,0.9301799413157988
SB-505124 (BRD:BRD-K40109029-001-02-9),SB-505124,16.0,16.0,-0.4441176470588235,0.08482274417741573,0.4304510523486097,3.0,4.0,0.893306556563459,0.91282547552129,-0.019518918957830977,0.4,Sí,0.7268978084688055
SB-525334 (BRD:BRD-K37720887-001-07-8),SB-525334,13.0,13.0,-0.12087912087912088,0.6940473279966857,0.9086723568633107,,,,,,,,
SB-939 (BRD:BRD-K86797399-001-05-1),SB-939,22.0,22.0,0.4138904573687183,0.05550702963051303,0.3741428027766642,5.0,5.0,0.646394971832881,0.520455584082882,0.12593938774999902,0.42063492063492064,Sí,0.7268978084688055
SC-144 (BRD:BRD-K55305701-001-01-2),SC-144,10.0,10.0,0.16363636363636364,0.6514773427962428,0.882292168234789,,,,,,,,
SCH-900776 (BRD:BRD-K75009076-001-02-1),SCH-900776,14.0,14.0,0.16483516483516483,0.5733464050131384,0.8395769081701513,,,,,,,,
SCRIPTAID (BRD:BRD-K22503835-001-11-0),SCRIPTAID,20.0,20.0,-0.3278195488721804,0.1582438682640637,0.5687870218257833,5.0,4.0,0.856423492484096,0.8889614512011175,-0.032537958717021476,0.5555555555555556,Sí,0.8635265700483092
SCS (BRD:BRD-K78496197-001-03-9),SCS,10.0,10.0,0.01818181818181818,0.9602404181286242,0.9893725661698659,,,,,,,,
SDZ-WAG-994 (BRD:BRD-K39558284-001-01-2),SDZ-WAG-994,17.0,17.0,0.08088235294117649,0.7576329086921563,0.9338387100159996,3.0,4.0,0.961512302866341,0.9458583526072606,0.01565395025908045,0.6285714285714286,Sí,0.8921658986175115
SECNIDAZOLE (BRD:BRD-A70083328-001-23-5),SECNIDAZOLE,13.0,13.0,-0.24175824175824176,0.4261755195945088,0.7784837999874641,,,,,,,,
SELINEXOR (BRD:BRD-K21361524-001-01-1),SELINEXOR,21.0,21.0,0.4948051948051948,0.022583594997581564,0.26718639931158167,4.0,5.0,0.6057468967724705,0.523277949546691,0.08246894722577947,0.06349206349206349,Sí,0.38228905597326646
SEMAXANIB (BRD:BRD-K63504947-001-14-7),SEMAXANIB,12.0,12.0,0.0,1.0,1.0,3.0,3.0,0.9122854925238274,0.856479707423765,0.0558057851000624,0.7,Sí,0.9268518518518518
SEPANTRONIUM BROMIDE (BRD:BRD-K76703230-004-04-1),SEPANTRONIUM BROMIDE,22.0,22.0,0.5821569734613213,0.004475556134260241,0.16434076220750218,5.0,5.0,0.431122393535902,0.129887348005173,0.301235045530729,0.007936507936507936,Sí,0.38228905597326646
SERTINDOLE (BRD:BRD-K69116396-001-04-1),SERTINDOLE,16.0,16.0,0.10294117647058824,0.7044103818167708,0.912015201091215,3.0,3.0,0.924803536618372,0.914045108938432,0.010758427679939953,0.4,Sí,0.7268978084688055
SEVOFLURANE (BRD:BRD-K05638300-001-01-2),SEVOFLURANE,18.0,18.0,0.3519091847265222,0.15210693918997698,0.5677037801887282,3.0,5.0,0.888772551683949,0.859542281741689,0.029230269942259968,0.39285714285714285,Sí,0.7268978084688055
SGI-1027 (BRD:BRD-K61228301-001-01-2),SGI-1027,21.0,21.0,0.13766233766233765,0.551800840604731,0.8343473658608532,5.0,5.0,0.836396388134065,0.814634209933041,0.021762178201023996,0.30952380952380953,Sí,0.7081904761904761
SID-7969543 (BRD:BRD-A43885598-001-08-1),SID-7969543,10.0,10.0,0.49090909090909085,0.1496556734208368,0.5647263232076876,,,,,,,,
SIMVASTATIN (BRD:BRD-K22134346-001-24-9),SIMVASTATIN,17.0,17.0,0.21568627450980393,0.4057406886339276,0.7737991966819828,5.0,5.0,0.956257424387717,0.915698336985501,0.04055908740221603,0.5476190476190477,Sí,0.8635265700483092
SKF-96365 (BRD:BRD-A72703248-003-04-9),SKF-96365,19.0,19.0,0.22807017543859648,0.3476780092350395,0.7451448595983977,4.0,4.0,0.8212306976066235,0.7933849131180855,0.027845784488538028,0.2,Sí,0.5691542288557214
SKI-II (BRD:BRD-K20755323-001-05-9),SKI-II,12.0,12.0,-0.15384615384615385,0.6330906812462617,0.8680420365534922,,,,,,,,
SN38 (BRD:BRD-K89561498-001-01-7),SN38,16.0,16.0,0.6088235294117647,0.012315203198246461,0.22192498824595153,5.0,3.0,0.501360615378125,0.169698476465036,0.33166213891308904,0.03571428571428571,Sí,0.38228905597326646
SNS-314 (BRD:BRD-K71512533-066-02-8),SNS-314,16.0,16.0,-0.014705882352941175,0.9568919240316421,0.9893725661698659,3.0,4.0,0.852696915620405,0.751876740344701,0.10082017527570397,0.6285714285714286,Sí,0.8921658986175115
SNX 2112 (BRD:BRD-K71281111-001-04-3),SNX 2112,21.0,21.0,0.287012987012987,0.20714101817766592,0.6306617630108551,5.0,4.0,0.505839707010125,0.42600093675239303,0.079838770257732,0.06349206349206349,Sí,0.38228905597326646
SNX-5422 (BRD:BRD-K73197500-001-02-2),SNX-5422,15.0,15.0,-0.03214285714285714,0.9094621170945906,0.9779882166736967,3.0,4.0,0.624080325540159,0.633066462244532,-0.008986136704372982,1.0,Sí,1.0
SODIUM-STIBOGLUCONATE (BRD:BRD-A60786380-412-01-5),SODIUM-STIBOGLUCONATE,15.0,15.0,0.16785714285714282,0.5498555542278021,0.8343473658608532,4.0,4.0,0.88827108041693,0.8923539269397505,-0.004082846522820427,0.8857142857142857,Sí,1.0
SPARFLOXACIN (BRD:BRD-K07612980-001-05-3),SPARFLOXACIN,15.0,15.0,-0.24285714285714283,0.38312834183934164,0.7663692375297371,3.0,3.0,0.912832652918587,0.946407571865728,-0.03357491894714104,0.7,Sí,0.9268518518518518
SPERMIDINE (BRD:BRD-K40438880-305-06-6),SPERMIDINE,16.0,16.0,-0.4705882352941176,0.06581947250108111,0.3953645865200994,3.0,5.0,0.819458307722705,0.964503599919343,-0.14504529219663798,0.07142857142857142,Sí,0.42120765832106033
SPERMINE (BRD:BRD-K18375018-376-02-3),SPERMINE,16.0,16.0,0.0058823529411764705,0.9827505044191351,0.9951893714922184,4.0,5.0,0.9291784149727169,0.934663459189356,-0.00548504421663909,1.0,Sí,1.0
SPIRADOLINE (BRD:BRD-K28192623-066-08-1),SPIRADOLINE,18.0,18.0,0.6429308565531475,0.004002006540262527,0.15757362130174973,4.0,3.0,0.8763139950728035,0.738682049003092,0.13763194606971152,0.05714285714285714,Sí,0.38228905597326646
SPIRONOLACTONE (BRD:BRD-K90027355-001-13-3),SPIRONOLACTONE,20.0,20.0,0.6240601503759398,0.0032741072368306203,0.15190769301653867,4.0,4.0,0.83425343423875,0.80559695202089,0.02865648221785999,0.11428571428571428,Sí,0.42448979591836733
SR-33805 (BRD:BRD-K43002771-034-01-6),SR-33805,15.0,15.0,-0.05357142857142857,0.8496099367776072,0.9639855930264206,3.0,4.0,0.708282694280764,0.7993475146406555,-0.0910648203598915,1.0,Sí,1.0
SRT1720 (BRD:BRD-K95926480-003-03-6),SRT1720,19.0,19.0,0.13508771929824562,0.5813619464266702,0.8429270914527911,4.0,5.0,0.9604587871655086,0.947587482693048,0.012871304472460543,0.5555555555555556,Sí,0.8635265700483092
STATTIC (BRD:BRD-K17061841-001-03-5),STATTIC,21.0,21.0,0.3090909090909091,0.17276827264194697,0.5932199448549884,5.0,4.0,0.932352789839546,0.8680446095696335,0.06430818026991247,0.2857142857142857,Sí,0.6838015540944411
STF-118804 (BRD:BRD-K39171998-001-01-1),STF-118804,21.0,21.0,0.04025974025974026,0.8624424916554133,0.9666466640636846,5.0,4.0,0.692244181227428,0.6785307887725945,0.013713392454833495,0.7301587301587302,Sí,0.9301799413157988
SU014813 (BRD:BRD-K75911534-001-01-6),SU014813,15.0,15.0,-0.039285714285714285,0.8894459296739486,0.9746808320652924,,,,,,,,
SU3327 (BRD:BRD-K32730239-001-01-0),SU3327,22.0,22.0,0.07622811970638058,0.7359946162262682,0.9231732340606531,5.0,5.0,0.864304949853215,0.879899362607472,-0.015594412754256992,0.5476190476190477,Sí,0.8635265700483092
SULCONAZOLE (BRD:BRD-A70649075-008-30-8),SULCONAZOLE,22.0,22.0,0.14398644833427443,0.5226413445457572,0.8235977272609553,5.0,5.0,0.909861816166308,0.904067449162025,0.005794367004283041,0.8412698412698413,Sí,1.0
SULFABENZAMIDE (BRD:BRD-K59983611-001-21-9),SULFABENZAMIDE,12.0,12.0,0.2657342657342658,0.4038330883147116,0.7734882591591963,,,,,,,,
SULFANILAMIDE (BRD:BRD-K02594908-001-16-4),SULFANILAMIDE,14.0,14.0,-0.06813186813186813,0.8169838797817922,0.9492062708517403,,,,,,,,
SUXIBUZONE (BRD:BRD-K78815826-001-14-6),SUXIBUZONE,11.0,11.0,-0.29090909090909095,0.3854569696913654,0.7663692375297371,,,,,,,,
TACEDINALINE (BRD:BRD-K52313696-001-12-3),TACEDINALINE,17.0,17.0,0.17647058823529413,0.49806765732373415,0.807040166382094,3.0,4.0,0.931152355801447,0.9234510915881153,0.007701264213331616,0.8571428571428571,Sí,1.0
TAK-285 (BRD:BRD-K80343549-001-02-6),TAK-285,19.0,19.0,0.08596491228070174,0.7263970439793996,0.9212238582232287,5.0,3.0,0.871098710616536,0.891176965159757,-0.020078254543220986,1.0,Sí,1.0
TAK-632 (BRD:BRD-K31866293-001-01-6),TAK-632,21.0,21.0,0.27662337662337666,0.22479050345941629,0.6550825562860216,5.0,4.0,0.857167777028559,0.804120941175769,0.05304683585278991,0.7301587301587302,Sí,0.9301799413157988
TAK-733 (BRD:BRD-K26667523-001-02-5),TAK-733,18.0,18.0,0.2961816305469556,0.23271685741068446,0.6595505708441295,3.0,4.0,0.772246408936714,0.6781029308156026,0.09414347812111146,0.6285714285714286,Sí,0.8921658986175115
TAK-901 (BRD:BRD-K01683783-001-02-6),TAK-901,22.0,22.0,0.2377188029361943,0.2867488375178757,0.7068166923000795,5.0,5.0,0.885967659000781,0.722483970096204,0.16348368890457698,0.05555555555555555,Sí,0.38228905597326646
TALAZOPARIB (BRD:BRD-K95142244-001-01-5),TALAZOPARIB,11.0,11.0,0.33636363636363636,0.31182431390038634,0.7273113963580073,,,,,,,,
TALMAPIMOD (BRD:BRD-K17555800-003-02-3),TALMAPIMOD,10.0,10.0,0.05454545454545454,0.8810361811618526,0.9736607609085305,,,,,,,,
TALTOBULIN (BRD:BRD-K87512222-019-01-7),TALTOBULIN,15.0,15.0,0.18214285714285713,0.5158816817070393,0.8207631080131814,3.0,4.0,0.544680817281105,0.35287184463737853,0.19180897264372643,0.6285714285714286,Sí,0.8921658986175115
TAMIBAROTENE (BRD:BRD-K36627727-001-05-4),TAMIBAROTENE,12.0,12.0,-0.41958041958041964,0.1745190081300594,0.5932199448549884,,,,,,,,
TANAPROGET (BRD:BRD-K99604664-001-01-1),TANAPROGET,16.0,16.0,0.5235294117647059,0.037412648130149384,0.3270828544447713,4.0,4.0,0.9223073190359334,0.801059627453832,0.12124769158210147,0.05714285714285714,Sí,0.38228905597326646
TANSHINONE-I (BRD:BRD-K34073885-001-09-3),TANSHINONE-I,17.0,17.0,0.05392156862745098,0.8371514461082936,0.9587609946999005,4.0,4.0,0.897728041081771,0.876695874927323,0.021032166154447918,0.34285714285714286,Sí,0.7268978084688055
TAS-103 (BRD:BRD-K09426783-300-01-0),TAS-103,19.0,19.0,-0.07017543859649124,0.7752817747006227,0.9382723639905493,3.0,4.0,0.760436018091428,0.7255188257516201,0.034917192339807945,0.6285714285714286,Sí,0.8921658986175115
TASELISIB (BRD:BRD-K44844162-001-01-6),TASELISIB,19.0,19.0,-0.5280701754385965,0.020124315761969946,0.2588831710841135,5.0,4.0,0.699177234847594,0.84208654449127,-0.14290930964367599,0.06349206349206349,Sí,0.38228905597326646
TASISULAM (BRD:BRD-K42495768-001-01-7),TASISULAM,14.0,14.0,0.09010989010989012,0.7593388378159543,0.9338387100159996,3.0,4.0,0.9219725261632288,0.9082320673477927,0.013740458815436063,0.6285714285714286,Sí,0.8921658986175115
TEDIZOLID (BRD:BRD-K59436580-001-01-7),TEDIZOLID,16.0,16.0,0.19117647058823528,0.47816401281702847,0.8011742377939964,5.0,4.0,0.871394381784707,0.82397417857204,0.047420203212666934,0.7301587301587302,Sí,0.9301799413157988
TEDIZOLID-PHOSPHATE (BRD:BRD-K89121095-001-01-7),TEDIZOLID-PHOSPHATE,20.0,20.0,-0.003007518796992481,0.989959729518499,0.9970679177476885,3.0,5.0,0.855506664987436,0.809324536534638,0.04618212845279801,1.0,Sí,1.0
TEMAZEPAM (BRD:BRD-A93093700-001-02-9),TEMAZEPAM,15.0,15.0,0.25,0.3688462917839305,0.758049607842563,,,,,,,,
TEMSIROLIMUS (BRD:BRD-K42898655-001-01-8),TEMSIROLIMUS,15.0,15.0,-0.22142857142857136,0.42771371901637,0.7784837999874641,4.0,3.0,0.77061400279904,0.8671091504568661,-0.09649514765782607,0.6285714285714286,Sí,0.8921658986175115
TENIPOSIDE (BRD:BRD-A35588707-001-05-5),TENIPOSIDE,18.0,18.0,0.13106295149638802,0.6041941281040611,0.8544481574931787,,,,,,,,
TENOVIN-6 (BRD:BRD-K13949769-001-01-7),TENOVIN-6,21.0,21.0,0.287012987012987,0.20714101817766592,0.6306617630108551,5.0,4.0,0.879167715104804,0.8658245586018765,0.0133431565029275,0.2857142857142857,Sí,0.6838015540944411
TEPOXALIN (BRD:BRD-K89714990-001-01-5),TEPOXALIN,10.0,10.0,0.28484848484848485,0.4250381548921454,0.7784837999874641,,,,,,,,
TEPRENONE (BRD:BRD-K11510141-001-01-8),TEPRENONE,14.0,14.0,0.03736263736263736,0.8990930969739669,0.9746808320652924,,,,,,,,
TERFENADINE (BRD:BRD-A06352418-001-25-9),TERFENADINE,16.0,16.0,-0.2058823529411765,0.4442846410521442,0.780776068598229,,,,,,,,
TERIFLUNOMIDE (BRD:BRD-A42699921-001-03-6),TERIFLUNOMIDE,16.0,16.0,0.09705882352941177,0.7206513082372035,0.9197616372409537,3.0,5.0,0.938869825610675,0.855677020567765,0.08319280504291005,0.14285714285714285,Sí,0.5271889400921659
TEROXIRONE (BRD:BRD-A39935389-001-05-9),TEROXIRONE,21.0,21.0,0.30129870129870134,0.18441900148730597,0.604994430854705,4.0,5.0,0.821463163115016,0.719336038028659,0.10212712508635702,0.1111111111111111,Sí,0.42448979591836733
TETRAMETHYLTHIURAM-MONOSULFIDE (BRD:BRD-K36889451-001-01-1),TETRAMETHYLTHIURAM-MONOSULFIDE,16.0,16.0,0.2058823529411765,0.4442846410521442,0.780776068598229,4.0,4.0,0.8497493906047751,0.7849943819907259,0.06475500861404915,0.34285714285714286,Sí,0.7268978084688055
TETRANDRINE (BRD:BRD-K08078237-001-19-8),TETRANDRINE,19.0,19.0,0.18947368421052632,0.43721498110006213,0.7799208652754643,4.0,4.0,0.9321497673153515,0.8541954071812741,0.07795436013407742,0.11428571428571428,Sí,0.42448979591836733
TG-02 (BRD:BRD-K14560436-001-01-4),TG-02,22.0,22.0,0.3867871259175608,0.07536283227083158,0.4158424847475296,5.0,5.0,0.823399044312566,0.7827151001063,0.04068394420626609,0.30952380952380953,Sí,0.7081904761904761
TG-100572 (BRD:BRD-K18424115-003-01-3),TG-100572,21.0,21.0,-0.13376623376623376,0.5632192812726847,0.8379312384400485,5.0,5.0,0.828725724191512,0.844429319593062,-0.015703595401549975,0.5476190476190477,Sí,0.8635265700483092
TG-100713 (BRD:BRD-K46392623-001-02-5),TG-100713,19.0,19.0,-0.07543859649122807,0.7588868686262759,0.9338387100159996,4.0,4.0,0.8399090329448404,0.8954177545224196,-0.055508721577579134,0.8857142857142857,Sí,1.0
TG-101209 (BRD:BRD-K39841531-001-02-1),TG-101209,15.0,15.0,0.24642857142857136,0.37595051597380513,0.7641955766791809,3.0,3.0,0.947130144858016,0.862648824832287,0.08448132002572906,0.4,Sí,0.7268978084688055
TH-302 (BRD:BRD-K20958582-001-01-4),TH-302,15.0,15.0,0.2285714285714285,0.4125661704963605,0.7778704540120908,3.0,4.0,0.849317782721041,0.818262239897674,0.031055542823366977,0.6285714285714286,Sí,0.8921658986175115
THEOPHYLLINE (BRD:BRD-K97799481-001-16-0),THEOPHYLLINE,17.0,17.0,0.002450980392156863,0.9925511887884692,0.9970679177476885,3.0,4.0,0.891701888935013,0.884231918154568,0.007469970780444979,0.4,Sí,0.7268978084688055
THIAMINE (BRD:BRD-K95785345-300-14-8),THIAMINE,16.0,16.0,-0.31764705882352945,0.2305734636218452,0.6595505708441295,,,,,,,,
THIOMERSAL (BRD:BRD-K61443650-236-13-1),THIOMERSAL,22.0,22.0,-0.12817617165443254,0.569722895073283,0.8395769081701513,5.0,5.0,0.808123943210263,0.909829370959147,-0.10170542774888391,0.5476190476190477,Sí,0.8635265700483092
THIOSTREPTON (BRD:BRD-K58049875-001-04-7),THIOSTREPTON,19.0,19.0,0.3666666666666667,0.12256059977421578,0.5122689187573556,4.0,4.0,0.824706654762845,0.7876042786112465,0.037102376151598504,0.2,Sí,0.5691542288557214
THIRAM (BRD:BRD-K29254801-001-14-7),THIRAM,19.0,19.0,-0.07368421052631578,0.7643412715216654,0.9360795322519148,4.0,3.0,0.561257743073584,0.531043506360365,0.03021423671321899,1.0,Sí,1.0
THONZONIUM (BRD:BRD-K13387373-004-14-5),THONZONIUM,20.0,20.0,0.5729323308270676,0.008278787429483691,0.1827542325058525,4.0,4.0,0.8660144615252225,0.8112856370495525,0.05472882447567007,0.05714285714285714,Sí,0.38228905597326646
TIDEGLUSIB (BRD:BRD-K81330143-001-04-8),TIDEGLUSIB,15.0,15.0,0.11071428571428568,0.6944626472070964,0.9086723568633107,,,,,,,,
TIOGUANINE (BRD:BRD-K75649340-001-13-1),TIOGUANINE,13.0,13.0,-0.03296703296703297,0.9148564744875124,0.9779882166736967,,,,,,,,
TIOTIDINE (BRD:BRD-K15071410-001-01-1),TIOTIDINE,15.0,15.0,0.08214285714285713,0.7710285652881773,0.9382723639905493,,,,,,,,
TIPIFARNIB (BRD:BRD-K62965247-001-04-9),TIPIFARNIB,19.0,19.0,0.4350877192982456,0.06263930438145028,0.3841007345056986,4.0,3.0,0.8618159706591051,0.662278042252559,0.19953792840654605,0.05714285714285714,Sí,0.38228905597326646
TIPIRACIL (BRD:BRD-K11973162-003-01-8),TIPIRACIL,21.0,21.0,-0.10259740259740259,0.6580970577075416,0.8858227163959744,5.0,5.0,0.83459571145395,0.826909002177011,0.00768670927693893,1.0,Sí,1.0
TIPRANAVIR (BRD:BRD-A10039652-001-01-2),TIPRANAVIR,10.0,10.0,0.06666666666666665,0.8548130882487427,0.9639855930264206,,,,,,,,
TIVANTINIB (BRD:BRD-K33379087-001-07-5),TIVANTINIB,18.0,18.0,0.5583075335397317,0.01603820039772077,0.2441677750204731,3.0,5.0,0.9664301581172592,0.812899038901454,0.1535311192158052,0.03571428571428571,Sí,0.38228905597326646
TMC-353121 (BRD:BRD-K66097663-001-01-8),TMC-353121,20.0,20.0,-0.306766917293233,0.18832319847855758,0.604994430854705,5.0,4.0,0.852975724372025,0.8855460867534275,-0.03257036238140254,0.5555555555555556,Sí,0.8635265700483092
TOFOGLIFLOZIN (BRD:BRD-K96344439-002-02-7),TOFOGLIFLOZIN,10.0,10.0,-0.17575757575757575,0.6271883447764846,0.8680420365534922,,,,,,,,
TOPOTECAN (BRD:BRD-K55696337-003-24-4),TOPOTECAN,22.0,22.0,0.5652173913043479,0.006122602001517651,0.1697360530283357,5.0,5.0,0.726965324979557,0.489008464271443,0.237956860708114,0.007936507936507936,Sí,0.38228905597326646
TOREMIFENE (BRD:BRD-K51350053-048-16-5),TOREMIFENE,21.0,21.0,0.2324675324675325,0.31055989862791317,0.7273113963580073,4.0,5.0,0.932524450241391,0.905869408763809,0.02665504147758202,0.2857142857142857,Sí,0.6838015540944411
TORIN-1 (BRD:BRD-K40175214-001-11-6),TORIN-1,22.0,22.0,-0.383399209486166,0.07817838660087374,0.41825598861034996,5.0,5.0,0.575784801737212,0.629873193387972,-0.05408839165075996,0.2222222222222222,Sí,0.5889317889317889
TORIN-2 (BRD:BRD-K68174511-001-06-6),TORIN-2,21.0,21.0,-0.24545454545454545,0.28351670883126684,0.7032170053314849,5.0,4.0,0.616453430773658,0.6367206064355015,-0.02026717566184355,0.7301587301587302,Sí,0.9301799413157988
TOSEDOSTAT (BRD:BRD-K92241597-001-06-0),TOSEDOSTAT,21.0,21.0,0.4051948051948052,0.0684236454174195,0.4082302628620367,4.0,5.0,0.6353692214899225,0.491966107653084,0.14340311383683846,0.19047619047619047,Sí,0.5691542288557214
TPCA-1 (BRD:BRD-K51575138-001-13-2),TPCA-1,16.0,16.0,0.37941176470588234,0.1472271338628926,0.5647263232076876,,,,,,,,
TRANILAST (BRD:BRD-K17849083-001-32-9),TRANILAST,21.0,21.0,0.43636363636363634,0.04796935978332507,0.3525300458925629,4.0,5.0,0.884850163842965,0.820163473767765,0.0646866900752,0.19047619047619047,Sí,0.5691542288557214
TRAPIDIL (BRD:BRD-K95763993-001-19-3),TRAPIDIL,14.0,14.0,0.24835164835164836,0.3919195389384575,0.7690332286281288,,,,,,,,
TREMORINE (BRD:BRD-K08619838-300-05-7),TREMORINE,18.0,18.0,-0.29411764705882354,0.23614329729664102,0.6598561123827026,4.0,3.0,0.8356174576176905,0.847893505309186,-0.012276047691495484,0.6285714285714286,Sí,0.8921658986175115
TRIAPINE (BRD:BRD-K01669786-001-02-2),TRIAPINE,20.0,20.0,0.27368421052631575,0.24296636906130653,0.6680064625656237,3.0,5.0,0.867464828757633,0.800624954759516,0.06683987399811697,0.03571428571428571,Sí,0.38228905597326646
TRICHOSTATIN-A (BRD:BRD-K68202742-001-16-5),TRICHOSTATIN-A,19.0,19.0,0.1701754385964912,0.4860995397874448,0.804321107938609,4.0,4.0,0.590258622731274,0.564754326268657,0.025504296462617093,0.4857142857142857,Sí,0.8123642439431913
TRICIRIBINE (BRD:BRD-K80431395-001-07-3),TRICIRIBINE,21.0,21.0,-0.04155844155844156,0.858047776266044,0.9656166069742551,4.0,5.0,0.8419805943423551,0.822697853545893,0.019282740796462083,1.0,Sí,1.0
TRICLABENDAZOLE (BRD:BRD-K81916719-001-13-9),TRICLABENDAZOLE,20.0,20.0,-0.03609022556390977,0.8799311955207729,0.9736582025624593,4.0,5.0,0.800837688827708,0.773152434800301,0.027685254027406958,0.4126984126984127,Sí,0.7268978084688055
TRIFLURIDINE (BRD:BRD-K03243820-001-23-8),TRIFLURIDINE,19.0,19.0,0.1456140350877193,0.5519696732095334,0.8343473658608532,3.0,4.0,0.871182551720275,0.776908298096491,0.09427425362378405,0.4,Sí,0.7268978084688055
TRIPTOLIDE (BRD:BRD-K39484304-001-16-5),TRIPTOLIDE,21.0,21.0,0.34155844155844156,0.12967786415595978,0.530118305785706,5.0,4.0,0.3209062551448,0.0462173268722442,0.27468892827255575,0.06349206349206349,Sí,0.38228905597326646
TROVAFLOXACIN (BRD:BRD-K00494077-066-01-9),TROVAFLOXACIN,14.0,14.0,0.07692307692307693,0.7938058883554534,0.9402289225394803,3.0,4.0,0.859009563895067,0.8674834085552581,-0.008473844660191077,1.0,Sí,1.0
TRYPTANTHRIN (BRD:BRD-K76973696-001-12-6),TRYPTANTHRIN,20.0,20.0,-0.013533834586466165,0.9548397533571387,0.9893725661698659,5.0,4.0,0.850327213879982,0.8182895068600865,0.0320377070198955,0.9047619047619049,Sí,1.0
TU-2100 (BRD:BRD-K44590731-001-01-7),TU-2100,10.0,10.0,0.13939393939393938,0.7009318849100584,0.9101806681993847,,,,,,,,
TUCATINIB (BRD:BRD-K26026438-001-01-0),TUCATINIB,21.0,21.0,-0.6597402597402597,0.0011382402645393446,0.09724142871853086,5.0,5.0,0.6912884420880188,0.906733126252985,-0.2154446841649662,0.09523809523809523,Sí,0.42448979591836733
TW 37 (BRD:BRD-K28360340-001-08-3),TW 37,20.0,20.0,0.0015037593984962405,0.9949797739432688,0.9972385248489288,4.0,4.0,0.712749499667179,0.7095279516053434,0.0032215480618356107,0.6857142857142857,Sí,0.9268518518518518
TWS-119 (BRD:BRD-K94176593-001-09-4),TWS-119,11.0,11.0,-0.14545454545454548,0.6695786456420787,0.8944648353238998,,,,,,,,
TYRPHOSTIN-A9 (BRD:BRD-K40255344-001-17-6),TYRPHOSTIN-A9,21.0,21.0,0.08311688311688312,0.7202033241160488,0.9197616372409537,5.0,5.0,0.821049228563024,0.824419288305156,-0.0033700597421320033,1.0,Sí,1.0
TYRPHOSTIN-AG-1296 (BRD:BRD-K76064317-001-07-3),TYRPHOSTIN-AG-1296,18.0,18.0,0.3766769865841073,0.12337214538125062,0.5122689187573556,,,,,,,,
TYRPHOSTIN-AG-1478 (BRD:BRD-K68336408-001-10-9),TYRPHOSTIN-AG-1478,20.0,20.0,-0.009022556390977442,0.9698849998123449,0.9917954842683878,4.0,4.0,0.7547090351503221,0.76681683352048,-0.012107798370157963,0.8857142857142857,Sí,1.0
TYRPHOSTIN-AG-99 (BRD:BRD-K60184833-001-05-6),TYRPHOSTIN-AG-99,20.0,20.0,0.08120300751879699,0.733607630478017,0.9231732340606531,4.0,4.0,0.8648874497920405,0.8308916025774244,0.033995847214616015,0.6857142857142857,Sí,0.9268518518518518
U-0126 (BRD:BRD-K18787491-001-08-6),U-0126,16.0,16.0,0.4088235294117647,0.11588783814878345,0.5051310020891897,4.0,4.0,0.9623716766809736,0.8664813942581184,0.09589028242285513,0.11428571428571428,Sí,0.42448979591836733
U-0126 (BRD:BRD-K91701654-001-03-1),U-0126,14.0,14.0,-0.07692307692307693,0.7938058883554534,0.9402289225394803,,,,,,,,
UK-383367 (BRD:BRD-K06294530-001-01-5),UK-383367,10.0,10.0,-0.07878787878787878,0.8287173946974606,0.9528091920805439,,,,,,,,
UNBS-5162 (BRD:BRD-K30933884-001-01-0),UNBS-5162,16.0,16.0,-0.0029411764705882353,0.9913748045563624,0.9970679177476885,,,,,,,,
UNC0631 (BRD:BRD-K13060017-001-01-3),UNC0631,21.0,21.0,0.2558441558441559,0.26297294224172296,0.6830530000476708,4.0,5.0,0.9617205533651041,0.897646501225521,0.06407405213958306,0.1111111111111111,Sí,0.42448979591836733
UNC2250 (BRD:BRD-K01773560-001-02-4),UNC2250,10.0,10.0,-0.5757575757575757,0.08155281477260244,0.42359491437769387,,,,,,,,
VALNEMULIN (BRD:BRD-K33813875-003-01-8),VALNEMULIN,15.0,15.0,0.24285714285714283,0.38312834183934164,0.7663692375297371,,,,,,,,
VALRUBICIN (BRD:BRD-K72951360-001-01-4),VALRUBICIN,21.0,21.0,0.2,0.38472423043145215,0.7663692375297371,5.0,4.0,0.753330420795353,0.653318390801982,0.100012029993371,0.06349206349206349,Sí,0.38228905597326646
VANDETANIB (BRD:BRD-K77625799-001-07-7),VANDETANIB,18.0,18.0,-0.5397316821465429,0.020782714646741186,0.2593858020170157,5.0,4.0,0.8710481665112173,0.9484389158304679,-0.0773907493192506,0.1111111111111111,Sí,0.42448979591836733
VANOXERINE (BRD:BRD-K32501161-300-06-2),VANOXERINE,21.0,21.0,-0.033766233766233764,0.8844723124673912,0.9746808320652924,4.0,5.0,0.8133959265341115,0.813608010280539,-0.00021208374642744943,0.9047619047619049,Sí,1.0
VATALANIB (BRD:BRD-K70163715-300-05-7),VATALANIB,17.0,17.0,0.18382352941176472,0.4800344013399135,0.8027848037559537,,,,,,,,
VE 821 (BRD:BRD-K26756394-001-02-2),VE 821,12.0,12.0,0.04195804195804196,0.8969858708195542,0.9746808320652924,,,,,,,,
VELBAN (BRD:BRD-K06519765-065-01-6),VELBAN,21.0,21.0,0.7142857142857142,0.00027542157748998224,0.06918380437820139,5.0,5.0,0.68065142152417,0.309593249505525,0.371058172018645,0.007936507936507936,Sí,0.38228905597326646
VENETOCLAX (BRD:BRD-K62391742-001-09-7),VENETOCLAX,16.0,16.0,-0.28823529411764703,0.27898445973708325,0.6939247266136465,4.0,4.0,0.8965971193911575,0.9245024302479017,-0.027905310856744192,0.6857142857142857,Sí,0.9268518518518518
VER-49009 (BRD:BRD-K38548312-001-01-0),VER-49009,19.0,19.0,0.29298245614035084,0.22348375285394131,0.6534309727484443,3.0,5.0,0.846385325457754,0.816908913915949,0.029476411541805025,0.39285714285714285,Sí,0.7268978084688055
VERUBULIN (BRD:BRD-K42673188-001-01-1),VERUBULIN,21.0,21.0,0.548051948051948,0.010108159690260715,0.20756988387209793,4.0,5.0,0.578130457995207,0.281035019342229,0.297095438652978,0.031746031746031744,Sí,0.38228905597326646
VIDARABINE (BRD:BRD-K72093121-001-16-3),VIDARABINE,16.0,16.0,-0.1323529411764706,0.6251064291516133,0.8678757499070354,,,,,,,,
VINCRISTINE (BRD:BRD-K12251893-065-04-7),VINCRISTINE,20.0,20.0,0.4060150375939849,0.0756893721143978,0.4158424847475296,4.0,5.0,0.6131438400857194,0.213902227713162,0.3992416123725574,0.06349206349206349,Sí,0.38228905597326646
VINDESINE (BRD:BRD-K59753975-001-02-6),VINDESINE,21.0,21.0,0.6038961038961038,0.0037439776277835356,0.15742534501585057,5.0,5.0,0.768388722091438,0.363532465527401,0.40485625656403706,0.007936507936507936,Sí,0.38228905597326646
VINFLUNINE (BRD:BRD-K64120610-001-01-4),VINFLUNINE,22.0,22.0,0.5008469791078487,0.017583589103802363,0.24644935204218232,5.0,5.0,0.878981810962553,0.546445708489661,0.332536102472892,0.031746031746031744,Sí,0.38228905597326646
VISMODEGIB (BRD:BRD-K44827188-001-06-0),VISMODEGIB,17.0,17.0,0.004901960784313726,0.9851029592703197,0.9957645606687721,4.0,5.0,0.9702279360730848,0.9339016724912486,0.036326263581836216,0.5555555555555556,Sí,0.8635265700483092
VISTUSERTIB (BRD:BRD-K99113996-001-02-0),VISTUSERTIB,15.0,15.0,-0.028571428571428564,0.9194899083821858,0.9785339457396024,4.0,3.0,0.7369864168558349,0.7163615145865281,0.0206249022693068,0.6285714285714286,Sí,0.8921658986175115
VLX-600 (BRD:BRD-K89053832-001-01-0),VLX-600,17.0,17.0,0.4852941176470589,0.048308194284258345,0.3525300458925629,4.0,4.0,0.827245498452311,0.73049469493783,0.09675080351448095,0.11428571428571428,Sí,0.42448979591836733
VOLASERTIB (BRD:BRD-K69776681-001-03-8),VOLASERTIB,11.0,11.0,0.5181818181818182,0.1024915397909638,0.466494998120727,,,,,,,,
VORELOXIN (BRD:BRD-K23677682-003-01-2),VORELOXIN,18.0,18.0,0.20123839009287925,0.42328766928815764,0.7784837999874641,,,,,,,,
VORINOSTAT (BRD:BRD-K81418486-001-44-2),VORINOSTAT,19.0,19.0,0.11754385964912278,0.631764158507994,0.8680420365534922,4.0,5.0,0.9207422740668163,0.8703322912044589,0.05040998286235743,0.4126984126984127,Sí,0.7268978084688055
VTP-27999 (BRD:BRD-K81694556-003-01-9),VTP-27999,16.0,16.0,-0.011764705882352941,0.9655081698956275,0.9917954842683878,,,,,,,,
VU0238429 (BRD:BRD-K24187789-001-01-7),VU0238429,21.0,21.0,-0.08311688311688312,0.7202033241160488,0.9197616372409537,4.0,5.0,0.8202344112112445,0.775155085321406,0.04507932588983854,0.4126984126984127,Sí,0.7268978084688055
VU0364770 (BRD:BRD-K66527818-001-02-6),VU0364770,16.0,16.0,0.07647058823529412,0.778340980960703,0.9382723639905493,,,,,,,,
VX-765 (BRD:BRD-K26712974-001-01-5),VX-765,14.0,14.0,0.47252747252747257,0.0879674246125423,0.4388431408636997,3.0,4.0,0.987702524614251,0.858499545731952,0.12920297888229904,0.05714285714285714,Sí,0.38228905597326646
WAY-170523 (BRD:BRD-K36198571-001-02-0),WAY-170523,19.0,19.0,-0.3175438596491228,0.18524679262954077,0.604994430854705,5.0,4.0,0.844423010386539,0.8802505434081616,-0.03582753302162256,0.2857142857142857,Sí,0.6838015540944411
WAY-600 (BRD:BRD-K85920262-001-02-1),WAY-600,18.0,18.0,-0.4716202270381837,0.048168976789553265,0.3525300458925629,5.0,4.0,0.793864904928453,0.8660616186378496,-0.07219671370939662,0.06349206349206349,Sí,0.38228905597326646
WP1066 (BRD:BRD-K05445342-001-05-3),WP1066,22.0,22.0,-0.17108977978543197,0.4464902890766695,0.780776068598229,5.0,5.0,0.756312445679561,0.774012108875336,-0.017699663195774984,0.30952380952380953,Sí,0.7081904761904761
WP1130 (BRD:BRD-K43644456-001-04-0),WP1130,22.0,22.0,0.6442687747035574,0.0012113881267314152,0.09724142871853086,5.0,5.0,0.796624469247416,0.698229436110131,0.09839503313728504,0.031746031746031744,Sí,0.38228905597326646
WYE-125132 (BRD:BRD-A45498368-001-07-1),WYE-125132,19.0,19.0,-0.1456140350877193,0.5519696732095334,0.8343473658608532,5.0,4.0,0.730599633631029,0.7055363382027785,0.025063295428250476,0.9047619047619049,Sí,1.0
WYE-354 (BRD:BRD-K77008974-001-03-2),WYE-354,19.0,19.0,-0.23508771929824557,0.33263189836380036,0.7346111921701703,5.0,5.0,0.843834723912661,0.889795049291205,-0.045960325378544,0.6904761904761905,Sí,0.9268518518518518
WZ-3146 (BRD:BRD-K73293050-001-03-1),WZ-3146,18.0,18.0,0.2961816305469556,0.23271685741068446,0.6595505708441295,4.0,4.0,0.842177447381261,0.792198853366628,0.049978594014633004,0.2,Sí,0.5691542288557214
WZ-4002 (BRD:BRD-K72420232-001-12-3),WZ-4002,12.0,12.0,0.09090909090909093,0.7787253962454419,0.9382723639905493,3.0,3.0,0.932626800411023,0.927417560205216,0.005209240205806931,1.0,Sí,1.0
WZ8040 (BRD:BRD-K81728688-001-04-4),WZ8040,19.0,19.0,-0.5350877192982456,0.018239096545756575,0.2477711115369701,4.0,4.0,0.8412554945657945,0.9207083713613584,-0.0794528767955639,0.11428571428571428,Sí,0.42448979591836733
XANOMELINE (BRD:BRD-K72815923-034-01-2),XANOMELINE,20.0,20.0,0.19849624060150375,0.4015036070038972,0.7734882591591963,3.0,5.0,0.832425813647571,0.82753997696266,0.004885836684910938,0.7857142857142857,Sí,0.9834323226008127
XILOBAM (BRD:BRD-K79633074-001-01-8),XILOBAM,14.0,14.0,0.3494505494505495,0.22068999774644735,0.6474062060136645,3.0,4.0,0.894467541799216,0.8496133154859105,0.04485422631330549,0.22857142857142856,Sí,0.5889317889317889
XL-647 (BRD:BRD-K03765900-001-01-9),XL-647,22.0,22.0,-0.3156408808582722,0.15244364055052628,0.5677037801887282,5.0,5.0,0.7219965063494845,0.8824142365993136,-0.16041773024982908,0.15079365079365079,Sí,0.5291654494108482
XL388 (BRD:BRD-K03549949-001-01-0),XL388,17.0,17.0,-0.3382352941176471,0.18421188285210155,0.604994430854705,3.0,4.0,0.783560337791784,0.784111425550758,-0.0005510877589739449,0.8571428571428571,Sí,1.0
XL888 (BRD:BRD-A03506276-001-01-5),XL888,21.0,21.0,0.1922077922077922,0.4038885272768977,0.7734882591591963,5.0,4.0,0.61569637169961,0.581442870999249,0.03425350070036104,0.7301587301587302,Sí,0.9301799413157988
Y-27632 (BRD:BRD-K44084986-300-08-4),Y-27632,15.0,15.0,0.2571428571428571,0.3548603636506092,0.7508135123045486,3.0,4.0,0.888416232686072,0.8552481436484025,0.033168089037669435,0.4,Sí,0.7268978084688055
YM 201636 (BRD:BRD-K48488978-001-05-3),YM 201636,17.0,17.0,0.49509803921568635,0.04331441650993542,0.3525300458925629,3.0,3.0,0.947114731922182,0.899262890640726,0.04785184128145603,0.2,Sí,0.5691542288557214
YO-01027 (BRD:BRD-K04622161-001-02-3),YO-01027,11.0,11.0,0.09090909090909091,0.7903727377532903,0.9402289225394803,,,,,,,,
ZALEPLON (BRD:BRD-K92657060-001-05-7),ZALEPLON,13.0,13.0,0.2087912087912088,0.493621819356885,0.807040166382094,,,,,,,,
ZARDAVERINE (BRD:BRD-K37561857-001-15-5),ZARDAVERINE,17.0,17.0,0.2132352941176471,0.4112256782090655,0.7778704540120908,3.0,4.0,0.887723223873559,0.8247249383640896,0.0629982855094694,0.4,Sí,0.7268978084688055
ZIPRASIDONE (BRD:BRD-K29582115-066-01-2),ZIPRASIDONE,16.0,16.0,0.36764705882352944,0.1612323576755898,0.570562502447072,,,,,,,,
ZK-811752 (BRD:BRD-K91825936-001-01-2),ZK-811752,19.0,19.0,0.45964912280701753,0.04770770316578596,0.3525300458925629,4.0,4.0,0.877868592441009,0.836347901181465,0.04152069125954405,0.11428571428571428,Sí,0.42448979591836733
ZK-93423 (BRD:BRD-K33882852-003-02-8),ZK-93423,21.0,21.0,-0.18181818181818182,0.43023793249590314,0.7784837999874641,4.0,5.0,0.8039132057934235,0.838046395400614,-0.03413318960719047,0.9047619047619049,Sí,1.0
ZK-93426 (BRD:BRD-K68392338-003-02-0),ZK-93426,12.0,12.0,-0.44055944055944063,0.1517350357167303,0.5677037801887282,,,,,,,,
ZM 447439 (BRD:BRD-K72703948-001-10-1),ZM 447439,18.0,18.0,0.3126934984520124,0.2064536417438368,0.6306617630108551,3.0,4.0,0.891873532475712,0.8208162182241555,0.07105731425155648,0.05714285714285714,Sí,0.38228905597326646
ZM-306416 (BRD:BRD-K41337261-001-03-0),ZM-306416,11.0,11.0,0.07272727272727274,0.831716405381337,0.9537734882489877,,,,,,,,
