Compuesto completo,Compuesto,n,Líneas celulares,Rho de Spearman,p-valor,FDR
DINACICLIB (BRD:BRD-K13662825-001-07-5),DINACICLIB,21,21,0.7779220779220779,3.305455558896248e-05,0.02918717258505387
ALPELISIB (BRD:BRD-K54997624-001-06-0),ALPELISIB,15,15,-0.8107142857142855,0.0002460079779722061,0.06918380437820139
VELBAN (BRD:BRD-K06519765-065-01-6),VELBAN,21,21,0.7142857142857142,0.00027542157748998224,0.06918380437820139
EMETINE (BRD:BRD-A25687296-300-04-3),EMETINE,20,20,0.7233082706766917,0.00031340341734179564,0.06918380437820139
CANERTINIB (BRD:BRD-K50168500-001-07-9),CANERTINIB,20,20,-0.706766917293233,0.0004940441153149171,0.08724819076461438
CLONAZEPAM (BRD:BRD-K38183498-001-02-0),CLONAZEPAM,20,20,0.6947368421052631,0.0006752714633826033,0.09127794571811906
POZIOTINIB (BRD:BRD-K50010139-001-01-5),POZIOTINIB,13,13,-0.8131868131868131,0.0007236077236996981,0.09127794571811906
BETULINIC-ACID (BRD:BRD-K45401373-001-20-9),BETULINIC-ACID,12,12,0.8251748251748254,0.0009513628555555001,0.09724142871853086
LAPATINIB (BRD:BRD-K19687926-001-04-1),LAPATINIB,18,18,-0.7069143446852425,0.001036757704756385,0.09724142871853086
TUCATINIB (BRD:BRD-K26026438-001-01-0),TUCATINIB,21,21,-0.6597402597402597,0.0011382402645393446,0.09724142871853086
WP1130 (BRD:BRD-K43644456-001-04-0),WP1130,22,22,0.6442687747035574,0.0012113881267314152,0.09724142871853086
CARFILZOMIB (BRD:BRD-K15179879-001-03-2),CARFILZOMIB,21,21,0.6350649350649351,0.001980984234047954,0.14576742322202862
SATRAPLATIN (BRD:BRD-K42497885-001-01-1),SATRAPLATIN,14,14,0.745054945054945,0.002230037316742074,0.14848690265381279
GENZ-644282 (BRD:BRD-K99475619-001-01-2),GENZ-644282,21,21,0.6246753246753247,0.002467394475033326,0.14848690265381279
BNC105 (BRD:BRD-K20468903-001-01-6),BNC105,21,21,0.6220779220779221,0.002603522985558966,0.14848690265381279
SANGIVAMYCIN (BRD:BRD-A64064900-001-02-3),SANGIVAMYCIN,16,16,0.6970588235294117,0.0026905894025605944,0.14848690265381279
BMS-690514 (BRD:BRD-K76239644-001-02-6),BMS-690514,15,15,-0.7107142857142856,0.002978994886802742,0.15190769301653867
SPIRONOLACTONE (BRD:BRD-K90027355-001-13-3),SPIRONOLACTONE,20,20,0.6240601503759398,0.0032741072368306203,0.15190769301653867
AZD8931 (BRD:BRD-K98572433-001-02-9),AZD8931,15,15,-0.7035714285714285,0.0034243370890839593,0.15190769301653867
ARRY-334543 (BRD:BRD-K46386702-001-02-1),ARRY-334543,22,22,-0.5957086391869001,0.003440717848619222,0.15190769301653867
VINDESINE (BRD:BRD-K59753975-001-02-6),VINDESINE,21,21,0.6038961038961038,0.0037439776277835356,0.15742534501585057
SPIRADOLINE (BRD:BRD-K28192623-066-08-1),SPIRADOLINE,18,18,0.6429308565531475,0.004002006540262527,0.15757362130174973
CH5132799 (BRD:BRD-K28352084-001-02-3),CH5132799,14,14,-0.7142857142857143,0.004104409161880231,0.15757362130174973
SEPANTRONIUM BROMIDE (BRD:BRD-K76703230-004-04-1),SEPANTRONIUM BROMIDE,22,22,0.5821569734613213,0.004475556134260241,0.16434076220750218
OSIMERTINIB (BRD:BRD-K42805893-001-04-9),OSIMERTINIB,18,18,-0.6346749226006192,0.004662842748871135,0.16434076220750218
IMILOXAN (BRD:BRD-A10903566-003-07-7),IMILOXAN,10,10,-0.8060606060606059,0.004862061101964607,0.16434076220750218
DCEBIO (BRD:BRD-K89299012-001-06-0),DCEBIO,18,18,0.6305469556243549,0.005025142219255446,0.16434076220750218
OXIBENDAZOLE (BRD:BRD-K52075715-001-06-7),OXIBENDAZOLE,22,22,0.5731225296442689,0.005300506147532188,0.16715524743824722
GEMCITABINE (BRD:BRD-K15108141-001-06-6),GEMCITABINE,17,17,0.6397058823529412,0.005684790088863981,0.1697360530283357
TOPOTECAN (BRD:BRD-K55696337-003-24-4),TOPOTECAN,22,22,0.5652173913043479,0.006122602001517651,0.1697360530283357
KPT-185 (BRD:BRD-K71467466-001-02-3),KPT-185,21,21,0.5753246753246753,0.006358310845714959,0.1697360530283357
PU-H71 (BRD:BRD-K36529613-001-02-6),PU-H71,21,21,0.5753246753246753,0.006358310845714959,0.1697360530283357
CLOFARABINE (BRD:BRD-K34022604-001-06-6),CLOFARABINE,21,21,0.574025974025974,0.006506006572823369,0.1697360530283357
ESTRAMUSTINE (BRD:BRD-A70858459-001-01-7),ESTRAMUSTINE,12,12,0.7342657342657343,0.006543490146837884,0.1697360530283357
DAPIVIRINE (BRD:BRD-K12885236-001-02-7),DAPIVIRINE,17,17,0.6299019607843138,0.00672792962173471,0.1697360530283357
NERATINIB (BRD:BRD-K85606544-001-09-1),NERATINIB,18,18,-0.6119711042311662,0.006950274712161287,0.17047479363440046
NSC-3852 (BRD:BRD-K13169950-001-14-4),NSC-3852,17,17,0.625,0.007304262768989965,0.17431524391940917
CYT-997 (BRD:BRD-K23363278-001-02-1),CYT-997,20,20,0.5759398496240601,0.007870940177445083,0.1827542325058525
PF-04457845 (BRD:BRD-K86816506-001-01-8),PF-04457845,17,17,-0.6176470588235294,0.008242328912101944,0.1827542325058525
THONZONIUM (BRD:BRD-K13387373-004-14-5),THONZONIUM,20,20,0.5729323308270676,0.008278787429483691,0.1827542325058525
CRENOLANIB (BRD:BRD-K22127577-001-03-7),CRENOLANIB,21,21,0.5532467532467533,0.009281014982756764,0.19988137145790788
CRA-032765 (BRD:BRD-K70301465-001-05-9),CRA-032765,15,15,-0.6428571428571428,0.009739944695595268,0.20477074205263385
VERUBULIN (BRD:BRD-K42673188-001-01-1),VERUBULIN,21,21,0.548051948051948,0.010108159690260715,0.20756988387209793
EPOTHILONE-D (BRD:BRD-K52762805-001-01-2),EPOTHILONE-D,20,20,0.5548872180451127,0.011103504265934592,0.22192498824595153
BMS-387032 (BRD:BRD-K43389698-001-09-9),BMS-387032,20,20,0.5533834586466165,0.011370353471172339,0.22192498824595153
MOZAVAPTAN (BRD:BRD-A31095847-001-02-3),MOZAVAPTAN,20,20,-0.5503759398496241,0.011919637001913336,0.22192498824595153
A-154475 (BRD:BRD-A27376179-001-01-3),A-154475,15,15,0.6285714285714286,0.012079539175905755,0.22192498824595153
ABT-751 (BRD:BRD-K91623615-001-05-0),ABT-751,20,20,0.5488721804511278,0.012202217962291389,0.22192498824595153
SN38 (BRD:BRD-K89561498-001-01-7),SN38,16,16,0.6088235294117647,0.012315203198246461,0.22192498824595153
NSC-632839 (BRD:BRD-K81197548-003-01-4),NSC-632839,19,19,0.5578947368421052,0.013059921195492315,0.2306382083123943
IDARUBICIN (BRD:BRD-K69650333-003-14-0),IDARUBICIN,19,19,0.5526315789473685,0.014134856843017749,0.24256264117551216
FEXINIDAZOLE (BRD:BRD-K37069697-001-01-3),FEXINIDAZOLE,11,11,0.7090909090909092,0.014552051953727713,0.24256264117551216
FILANESIB (BRD:BRD-K37379014-001-02-0),FILANESIB,14,14,0.6351648351648352,0.014657881327289134,0.24256264117551216
BROXYQUINOLINE (BRD:BRD-K23301018-001-11-7),BROXYQUINOLINE,15,15,0.6142857142857142,0.01483395540597696,0.24256264117551216
DICLAZURIL (BRD:BRD-A06426627-001-03-5),DICLAZURIL,20,20,0.5338345864661653,0.015337046800217394,0.2441677750204731
NMS-1286937 (BRD:BRD-K83699324-001-01-1),NMS-1286937,20,20,0.5308270676691729,0.01603544437677618,0.2441677750204731
GEFITINIB (BRD:BRD-K64052750-001-22-5),GEFITINIB,18,18,-0.5583075335397317,0.01603820039772077,0.2441677750204731
TIVANTINIB (BRD:BRD-K33379087-001-07-5),TIVANTINIB,18,18,0.5583075335397317,0.01603820039772077,0.2441677750204731
BUTYLSCOPOLAMINE-BROMIDE (BRD:BRD-A53951045-004-01-6),BUTYLSCOPOLAMINE-BROMIDE,12,12,0.6713286713286714,0.016831456186893416,0.24532142067760862
BI-2536 (BRD:BRD-K64890080-001-13-8),BI-2536,19,19,0.5403508771929825,0.01691948997160229,0.24532142067760862
AZD5438 (BRD:BRD-K72414522-001-06-7),AZD5438,21,21,0.5142857142857142,0.017071353141816504,0.24532142067760862
PF-03758309 (BRD:BRD-K37764012-001-04-1),PF-03758309,16,16,0.5852941176470587,0.01722528661609483,0.24532142067760862
VINFLUNINE (BRD:BRD-K64120610-001-01-4),VINFLUNINE,22,22,0.5008469791078487,0.017583589103802363,0.24644935204218232
AV-412 (BRD:BRD-K23190681-001-01-1),AV-412,21,21,0.5103896103896104,0.018076642193560668,0.2477711115369701
WZ8040 (BRD:BRD-K81728688-001-04-4),WZ8040,19,19,-0.5350877192982456,0.018239096545756575,0.2477711115369701
10-HYDROXYCAMPTOTHECIN (BRD:BRD-K63784565-001-06-2),10-HYDROXYCAMPTOTHECIN,21,21,0.5064935064935064,0.01912895113475244,0.2559221795755516
TASELISIB (BRD:BRD-K44844162-001-01-6),TASELISIB,19,19,-0.5280701754385965,0.020124315761969946,0.2588831710841135
MAYTANSINOL-ISOBUTYRATE (BRD:BRD-K15898725-001-01-7),MAYTANSINOL-ISOBUTYRATE,12,12,0.6573426573426573,0.020185498509854093,0.2588831710841135
PIDNARULEX (BRD:BRD-K12787259-001-04-3),PIDNARULEX,21,21,0.5025974025974026,0.020229828771012266,0.2588831710841135
VANDETANIB (BRD:BRD-K77625799-001-07-7),VANDETANIB,18,18,-0.5397316821465429,0.020782714646741186,0.2593858020170157
BEXAROTENE (BRD:BRD-K92441787-001-04-1),BEXAROTENE,14,14,-0.6087912087912088,0.020856616017223235,0.2593858020170157
PF-477736 (BRD:BRD-K03063480-001-06-6),PF-477736,20,20,0.5097744360902255,0.02166896662153533,0.2634858439593435
PF-05212384 (BRD:BRD-K07955840-001-02-3),PF-05212384,22,22,-0.4861660079051384,0.021783087892448556,0.2634858439593435
SELINEXOR (BRD:BRD-K21361524-001-01-1),SELINEXOR,21,21,0.4948051948051948,0.022583594997581564,0.26718639931158167
A-674563 (BRD:BRD-K78177893-001-02-4),A-674563,19,19,0.519298245614035,0.022694201527031287,0.26718639931158167
DAUNORUBICIN (BRD:BRD-K43389675-001-02-1),DAUNORUBICIN,19,19,0.5157894736842105,0.02379180877011268,0.2755039064647447
MK 2206 (BRD:BRD-K68065987-300-09-1),MK 2206,20,20,-0.5022556390977443,0.024024689465215566,0.2755039064647447
AZD1480 (BRD:BRD-K65928735-001-04-3),AZD1480,10,10,0.6969696969696969,0.02509667588225185,0.2777820489415888
PHENIRAMINE (BRD:BRD-A23072235-050-18-5),PHENIRAMINE,10,10,-0.6969696969696969,0.02509667588225185,0.2777820489415888
PRACTOLOL (BRD:BRD-A41304429-001-14-8),PRACTOLOL,13,13,-0.6153846153846153,0.025167116551899325,0.2777820489415888
AZ-10353926 (BRD:BRD-K19540840-001-09-4),AZ-10353926,17,17,-0.5392156862745099,0.025503680315881874,0.27802160146819377
EMBELIC ACID (BRD:BRD-K86727142-001-12-4),EMBELIC ACID,17,17,0.5343137254901961,0.027139775804459698,0.28755148979330303
ANISOMYCIN (BRD:BRD-K91370081-001-25-1),ANISOMYCIN,22,22,0.4703557312252965,0.027168310320796737,0.28755148979330303
AFURESERTIB (BRD:BRD-K25412176-001-01-9),AFURESERTIB,20,20,-0.4917293233082706,0.027658227513046155,0.28755148979330303
ICG-001 (BRD:BRD-K94455792-001-01-8),ICG-001,17,17,0.5318627450980392,0.027987612204855013,0.28755148979330303
CP-724714 (BRD:BRD-K76908866-001-07-6),CP-724714,18,18,-0.5170278637770898,0.02800614736378716,0.28755148979330303
ER-27319 (BRD:BRD-K11927976-050-02-9),ER-27319,22,22,0.4669678147939018,0.028449501046477796,0.28874608533379187
PARBENDAZOLE (BRD:BRD-K02407574-001-09-7),PARBENDAZOLE,20,20,0.4842105263157894,0.030508493550666576,0.3061249977868021
BNTX (BRD:BRD-A55484088-050-02-5),BNTX,21,21,0.4714285714285714,0.030978075295294817,0.307344275120734
BX-912 (BRD:BRD-K49669041-001-08-4),BX-912,18,18,0.5067079463364293,0.03187313226051144,0.31032670559076486
METHIAZOLE (BRD:BRD-K02764365-001-13-6),METHIAZOLE,19,19,0.4929824561403509,0.03198157441535629,0.31032670559076486
CMPD-1 (BRD:BRD-K54095730-001-03-1),CMPD-1,22,22,0.45454545454545453,0.033562881866437376,0.31547598093781004
HALOFUGINONE (BRD:BRD-K54247840-004-01-3),HALOFUGINONE,20,20,0.4766917293233082,0.03358407951093335,0.31547598093781004
PACRITINIB (BRD:BRD-K19034817-001-01-4),PACRITINIB,20,20,0.4766917293233082,0.03358407951093335,0.31547598093781004
BALAPIRAVIR (BRD:BRD-K47976015-001-01-2),BALAPIRAVIR,17,17,0.5147058823529412,0.03450769883204253,0.3204443395250724
AZD7762 (BRD:BRD-K86525559-001-07-8),AZD7762,21,21,0.4623376623376624,0.0348387956901551,0.3204443395250724
CYCLOCYTIDINE (BRD:BRD-K67536197-003-11-4),CYCLOCYTIDINE,18,18,0.49638802889576883,0.03614032375695943,0.3270828544447713
RUBITECAN (BRD:BRD-K79821389-001-03-5),RUBITECAN,22,22,0.4477696216826652,0.03664259102857066,0.3270828544447713
AST-1306 (BRD:BRD-K26838195-075-04-9),AST-1306,14,14,-0.5604395604395604,0.0371044770040744,0.3270828544447713
HALOFANTRINE (BRD:BRD-A51964809-003-12-6),HALOFANTRINE,14,14,0.5604395604395604,0.0371044770040744,0.3270828544447713
TANAPROGET (BRD:BRD-K99604664-001-01-1),TANAPROGET,16,16,0.5235294117647059,0.037412648130149384,0.3270828544447713
CHLORAMBUCIL (BRD:BRD-K29458283-001-29-9),CHLORAMBUCIL,12,12,0.6013986013986015,0.03858845292201946,0.3340549404915999
RIGOSERTIB (BRD:BRD-K55187425-236-05-2),RIGOSERTIB,13,13,0.576923076923077,0.038992623432448296,0.334276567872348
NEMORUBICIN (BRD:BRD-K51911221-001-01-2),NEMORUBICIN,22,22,0.4409937888198759,0.0399399990443038,0.3391059534242332
OLAPARIB (BRD:BRD-K02113016-001-19-6),OLAPARIB,14,14,0.5516483516483517,0.04084905835112285,0.343521128800395
YM 201636 (BRD:BRD-K48488978-001-05-3),YM 201636,17,17,0.49509803921568635,0.04331441650993542,0.3525300458925629
BERZOSERTIB (BRD:BRD-K04701033-001-03-9),BERZOSERTIB,22,22,0.4330886504799548,0.044075426333464486,0.3525300458925629
PUROMYCIN (BRD:BRD-A28970875-300-04-9),PUROMYCIN,21,21,0.44285714285714284,0.04437704849154563,0.3525300458925629
CIS-DDP (BRD:BRD-K69172251-001-08-9),CIS-DDP,17,17,-0.4926470588235295,0.0445245262088992,0.3525300458925629
PFI-1 (BRD:BRD-K13094524-001-07-5),PFI-1,20,20,-0.4526315789473684,0.045075688783048344,0.3525300458925629
PODOPHYLLOTOXIN (BRD:BRD-K47869605-001-32-0),PODOPHYLLOTOXIN,22,22,0.43083003952569177,0.04531612548785277,0.3525300458925629
GENIPIN (BRD:BRD-K28824103-001-02-8),GENIPIN,18,18,0.4757481940144479,0.0459785720312123,0.3525300458925629
PHA-767491 (BRD:BRD-K50000283-001-04-4),PHA-767491,22,22,0.4285714285714286,0.04658379774023283,0.3525300458925629
KP-1212 (BRD:BRD-K46690591-001-01-2),KP-1212,18,18,0.47368421052631576,0.047064111171724266,0.3525300458925629
ZK-811752 (BRD:BRD-K91825936-001-01-2),ZK-811752,19,19,0.45964912280701753,0.04770770316578596,0.3525300458925629
ORIDONIN (BRD:BRD-K23925186-001-02-8),ORIDONIN,21,21,0.43636363636363634,0.04796935978332507,0.3525300458925629
PD-168393 (BRD:BRD-K17702546-001-03-2),PD-168393,21,21,-0.43636363636363634,0.04796935978332507,0.3525300458925629
TRANILAST (BRD:BRD-K17849083-001-32-9),TRANILAST,21,21,0.43636363636363634,0.04796935978332507,0.3525300458925629
WAY-600 (BRD:BRD-K85920262-001-02-1),WAY-600,18,18,-0.4716202270381837,0.048168976789553265,0.3525300458925629
DOLUTEGRAVIR (BRD:BRD-K36386086-001-01-1),DOLUTEGRAVIR,17,17,-0.4852941176470589,0.048308194284258345,0.3525300458925629
VLX-600 (BRD:BRD-K89053832-001-01-0),VLX-600,17,17,0.4852941176470589,0.048308194284258345,0.3525300458925629
DACLATASVIR (BRD:BRD-K82861010-001-02-5),DACLATASVIR,14,14,-0.5340659340659341,0.04915991637198507,0.3558049684955969
CABAZITAXEL (BRD:BRD-K06858286-001-01-3),CABAZITAXEL,22,22,0.4217955957086392,0.05055239993921572,0.36290869224656486
PHENYLBUTAZONE (BRD:BRD-K10843433-001-22-7),PHENYLBUTAZONE,12,12,-0.5734265734265735,0.05126558978649151,0.3639341478491657
PALIPERIDONE (BRD:BRD-A99888680-001-03-8),PALIPERIDONE,13,13,0.5494505494505494,0.05177062555916278,0.3639341478491657
OTS167 (BRD:BRD-K53417444-003-03-1),OTS167,22,22,0.4195369847543761,0.051931713056619346,0.3639341478491657
LB42708 (BRD:BRD-K18834913-001-01-1),LB42708,21,21,0.42727272727272725,0.053370405215496956,0.3710714000416048
GALETERONE (BRD:BRD-A07986123-001-02-8),GALETERONE,20,20,-0.4360902255639097,0.05458409967322206,0.3741428027766642
CYCLOHEXIMIDE (BRD:BRD-K36055864-001-19-2),CYCLOHEXIMIDE,17,17,0.4730392156862746,0.055144481799935384,0.3741428027766642
EPOTHILONE-A (BRD:BRD-K71823332-001-03-7),EPOTHILONE-A,22,22,0.4138904573687183,0.05550702963051303,0.3741428027766642
SB-939 (BRD:BRD-K86797399-001-05-1),SB-939,22,22,0.4138904573687183,0.05550702963051303,0.3741428027766642
3-DEAZANEPLANOCIN-A (BRD:BRD-K77791657-003-01-7),3-DEAZANEPLANOCIN-A,21,21,0.4207792207792207,0.05750513790191279,0.3782528700529743
DANUSERTIB (BRD:BRD-K07881437-001-04-6),DANUSERTIB,21,21,0.4207792207792207,0.05750513790191279,0.3782528700529743
DOMIPHEN (BRD:BRD-K30431096-004-01-3),DOMIPHEN,17,17,0.46813725490196084,0.058071924895836145,0.3782528700529743
BIX-01294 (BRD:BRD-K26818574-305-04-3),BIX-01294,21,21,0.4194805194805195,0.05836062913446332,0.3782528700529743
CEPHALOMANNINE (BRD:BRD-K68904758-001-03-5),CEPHALOMANNINE,22,22,0.409373235460192,0.05850104223477929,0.3782528700529743
GW-583340 (BRD:BRD-K79930101-300-03-7),GW-583340,19,19,-0.4403508771929824,0.05917790378249743,0.3782528700529743
LY2784544 (BRD:BRD-K25630527-001-03-8),LY2784544,22,22,0.40824392998306047,0.05926851355254248,0.3782528700529743
ELACRIDAR (BRD:BRD-K88807631-001-01-3),ELACRIDAR,15,15,-0.4964285714285714,0.05979741374992394,0.3782528700529743
AVN-944 (BRD:BRD-K62196610-001-01-6),AVN-944,10,10,0.6121212121212121,0.05997214247725527,0.3782528700529743
MK-2461 (BRD:BRD-K56405753-001-02-4),MK-2461,11,11,0.5818181818181819,0.06041989621564838,0.37837424367672
PPT (BRD:BRD-K00312224-001-09-5),PPT,14,14,0.5120879120879122,0.0611984861564584,0.3805511498320618
DOLASTATIN-10 (BRD:BRD-K78567475-001-01-4),DOLASTATIN-10,21,21,0.4142857142857143,0.061879942683025164,0.38209782789588265
TIPIFARNIB (BRD:BRD-K62965247-001-04-9),TIPIFARNIB,19,19,0.4350877192982456,0.06263930438145028,0.3841007345056986
DEXRAZOXANE (BRD:BRD-K07265709-003-05-6),DEXRAZOXANE,19,19,0.4333333333333333,0.06382621222101989,0.38609573035697053
OXIPEROMIDE (BRD:BRD-K78096648-001-05-7),OXIPEROMIDE,14,14,0.5076923076923077,0.06383915813376863,0.38609573035697053
SPERMIDINE (BRD:BRD-K40438880-305-06-6),SPERMIDINE,16,16,-0.4705882352941176,0.06581947250108111,0.3953645865200994
TOSEDOSTAT (BRD:BRD-K92241597-001-06-0),TOSEDOSTAT,21,21,0.4051948051948052,0.0684236454174195,0.4082302628620367
9-AMINOACRIDINE (BRD:BRD-K00535541-001-06-3),9-AMINOACRIDINE,21,21,0.40389610389610386,0.06939949544788349,0.40853169653654076
PHENYLMERCURIC-ACETATE (BRD:BRD-K74193284-001-04-8),PHENYLMERCURIC-ACETATE,21,21,0.40389610389610386,0.06939949544788349,0.40853169653654076
CPI-1189 (BRD:BRD-K11073688-001-01-6),CPI-1189,11,11,0.5636363636363637,0.07095173447637551,0.41196636887186605
FLOXURIDINE (BRD:BRD-K47832606-001-30-1),FLOXURIDINE,20,20,0.4120300751879699,0.07104721866412453,0.41196636887186605
JK-184 (BRD:BRD-K38860038-001-01-2),JK-184,21,21,0.40129870129870127,0.07138262110690317,0.41196636887186605
GIVINOSTAT (BRD:BRD-K13810148-311-03-2),GIVINOSTAT,21,21,0.4,0.07239002577225485,0.4150674854344223
HEXAMINOLEVULINATE (BRD:BRD-K73753850-003-01-6),HEXAMINOLEVULINATE,20,20,0.4090225563909774,0.07334086574364806,0.4158424847475296
PROPRANOLOL (BRD:BRD-A10070317-003-28-3),PROPRANOLOL,10,10,-0.5878787878787878,0.07387770688865808,0.4158424847475296
BENDAMUSTINE (BRD:BRD-K17068645-003-04-2),BENDAMUSTINE,14,14,0.4901098901098901,0.07522006672685848,0.4158424847475296
TG-02 (BRD:BRD-K14560436-001-01-4),TG-02,22,22,0.3867871259175608,0.07536283227083158,0.4158424847475296
NSC-663284 (BRD:BRD-K03109492-001-02-2),NSC-663284,20,20,0.4060150375939849,0.0756893721143978,0.4158424847475296
VINCRISTINE (BRD:BRD-K12251893-065-04-7),VINCRISTINE,20,20,0.4060150375939849,0.0756893721143978,0.4158424847475296
EXATECAN-MESYLATE (BRD:BRD-K92150287-066-01-2),EXATECAN-MESYLATE,15,15,0.47142857142857136,0.07607042915033116,0.4158424847475296
EXELBINE (BRD:BRD-K69280563-001-01-8),EXELBINE,22,22,0.38565782044042923,0.07629273219603601,0.4158424847475296
MK-8745 (BRD:BRD-K25279140-001-01-5),MK-8745,19,19,0.4140350877192982,0.0780194939845629,0.41825598861034996
8-HYDROXY-PIPAT (BRD:BRD-A60594020-034-01-1),8-HYDROXY-PIPAT,16,16,-0.45294117647058824,0.07809874141672499,0.41825598861034996
TORIN-1 (BRD:BRD-K40175214-001-11-6),TORIN-1,22,22,-0.383399209486166,0.07817838660087374,0.41825598861034996
AT13387 (BRD:BRD-K58435339-001-03-0),AT13387,15,15,0.4678571428571427,0.07863023115438063,0.41825598861034996
BENZOYLSTAUROSPORINE (BRD:BRD-K13646352-001-03-8),BENZOYLSTAUROSPORINE,20,20,0.39999999999999997,0.08055387210850923,0.42359491437769387
ISPINESIB (BRD:BRD-K64881305-001-03-7),ISPINESIB,14,14,0.4813186813186813,0.08141829504280486,0.42359491437769387
LEVOBUNOLOL (BRD:BRD-K31812033-003-11-0),LEVOBUNOLOL,10,10,0.5757575757575757,0.08155281477260244,0.42359491437769387
UNC2250 (BRD:BRD-K01773560-001-02-4),UNC2250,10,10,-0.5757575757575757,0.08155281477260244,0.42359491437769387
LACITOL (BRD:BRD-K40787673-001-02-1),LACITOL,11,11,0.5454545454545455,0.08265095734417503,0.42678827681231907
NMS-E973 (BRD:BRD-K58770988-001-01-8),NMS-E973,21,21,0.38571428571428573,0.08418819066159455,0.4304510523486097
OXIRACETAM (BRD:BRD-K50677762-001-01-5),OXIRACETAM,18,18,0.4179566563467492,0.08435264811978462,0.4304510523486097
SB-505124 (BRD:BRD-K40109029-001-02-9),SB-505124,16,16,-0.4441176470588235,0.08482274417741573,0.4304510523486097
RALTITREXED (BRD:BRD-K89839824-001-05-3),RALTITREXED,21,21,0.38311688311688313,0.0864783097986004,0.4348815721831591
OUABAIN (BRD:BRD-K33277808-331-01-3),OUABAIN,19,19,0.40350877192982454,0.08668081166957645,0.4348815721831591
VX-765 (BRD:BRD-K26712974-001-01-5),VX-765,14,14,0.47252747252747257,0.0879674246125423,0.4388431408636997
SB-2343 (BRD:BRD-K98795921-001-01-7),SB-2343,22,22,-0.3709768492377189,0.08918063289216062,0.4396312173203439
AR-12 (BRD:BRD-K90497590-001-04-2),AR-12,20,20,0.38947368421052625,0.08961904769837135,0.4396312173203439
DACOMITINIB (BRD:BRD-K57169635-001-04-5),DACOMITINIB,20,20,-0.38947368421052625,0.08961904769837135,0.4396312173203439
PERUVOSIDE (BRD:BRD-A72716251-001-01-5),PERUVOSIDE,21,21,0.37792207792207794,0.09119661406939472,0.44489839902362177
COMBRETASTATIN-A-4 (BRD:BRD-K61195623-001-01-4),COMBRETASTATIN-A-4,21,21,0.3766233766233766,0.092405309430575,0.4483180671824051
BETA-LAPACHONE (BRD:BRD-K28061410-001-06-6),BETA-LAPACHONE,22,22,-0.36645962732919257,0.09345377564913727,0.450927234416329
LY2183240 (BRD:BRD-K37865504-001-04-1),LY2183240,16,16,0.4323529411764706,0.09442103753478692,0.4531183486044394
LONAFARNIB (BRD:BRD-K41599323-001-02-3),LONAFARNIB,16,16,0.4294117647058823,0.09693648522272376,0.4626752240630545
BIRABRESIB (BRD:BRD-K43471985-001-03-0),BIRABRESIB,10,10,-0.5515151515151515,0.09840117666963498,0.46496030030267527
KI-16425 (BRD:BRD-A25569250-001-03-3),KI-16425,14,14,0.4593406593406593,0.09846837616829024,0.46496030030267527
PLX 4720 (BRD:BRD-K16478699-001-09-2),PLX 4720,20,20,0.37744360902255636,0.10087319118710483,0.466494998120727
CHOLECALCIFEROL (BRD:BRD-K62779383-001-05-5),CHOLECALCIFEROL,21,21,0.3675324675324675,0.10119902708769574,0.466494998120727
RAPAMYCIN (BRD:BRD-K84937637-001-09-9),RAPAMYCIN,22,22,-0.35855448898927167,0.10129346168754431,0.466494998120727
IDAZOXAN (BRD:BRD-A18696154-003-22-6),IDAZOXAN,15,15,0.4392857142857142,0.10136057119347246,0.466494998120727
AFATINIB (BRD:BRD-K66175015-001-12-4),AFATINIB,14,14,-0.45494505494505494,0.10215352669182919,0.466494998120727
BENZYLDIMETHYLHEXADECYLAMMONIUM (BRD:BRD-K23403298-003-01-9),BENZYLDIMETHYLHEXADECYLAMMONIUM,11,11,0.5181818181818182,0.1024915397909638,0.466494998120727
VOLASERTIB (BRD:BRD-K69776681-001-03-8),VOLASERTIB,11,11,0.5181818181818182,0.1024915397909638,0.466494998120727
AT-7519 (BRD:BRD-K13390322-001-06-3),AT-7519,22,22,0.3551665725578769,0.10479718977207556,0.4737083652396287
CETRIMONIUM (BRD:BRD-K47079459-004-04-6),CETRIMONIUM,21,21,0.36363636363636365,0.10514930870551215,0.4737083652396287
BARDOXOLONE-METHYL (BRD:BRD-K69694239-001-02-2),BARDOXOLONE-METHYL,21,21,0.35974025974025975,0.10921076405040113,0.48950814546448834
PHA 793887 (BRD:BRD-K64800655-001-07-4),PHA 793887,20,20,0.3684210526315789,0.10996436611637704,0.49039664283212586
IDRA-21 (BRD:BRD-A14344385-001-03-2),IDRA-21,12,12,-0.4825174825174825,0.11210929146889187,0.4974497706886006
U-0126 (BRD:BRD-K18787491-001-08-6),U-0126,16,16,0.4088235294117647,0.11588783814878345,0.5051310020891897
LY2334737 (BRD:BRD-K04993719-001-01-7),LY2334737,20,20,0.362406015037594,0.1163446491875469,0.5051310020891897
AZ 960 (BRD:BRD-K64888243-001-03-7),AZ 960,19,19,0.3719298245614035,0.11687923396377863,0.5051310020891897
CHLORPYRIFOS (BRD:BRD-K08303368-001-10-0),CHLORPYRIFOS,11,11,-0.5,0.11730680301423817,0.5051310020891897
FLUDARA (BRD:BRD-K66788707-001-14-3),FLUDARA,11,11,0.5,0.11730680301423817,0.5051310020891897
MECHLORETHAMINE (BRD:BRD-K12829205-003-02-8),MECHLORETHAMINE,10,10,0.5272727272727272,0.11730806555020232,0.5051310020891897
17-AAG (BRD:BRD-K81473043-001-19-5),17-AAG,14,14,-0.43736263736263736,0.11784483174447688,0.5051310020891897
CUDC-907 (BRD:BRD-K77638923-001-02-0),CUDC-907,22,22,0.34161490683229817,0.11970214821095865,0.5106135114506111
MRS-1220 (BRD:BRD-K37618799-001-03-0),MRS-1220,13,13,-0.4505494505494505,0.1223318876780357,0.5122689187573556
THIOSTREPTON (BRD:BRD-K58049875-001-04-7),THIOSTREPTON,19,19,0.3666666666666667,0.12256059977421578,0.5122689187573556
ALBENDAZOLE (BRD:BRD-K79131256-001-17-9),ALBENDAZOLE,18,18,0.3766769865841073,0.12337214538125062,0.5122689187573556
GSK461364 (BRD:BRD-K92428232-001-10-6),GSK461364,18,18,0.3766769865841073,0.12337214538125062,0.5122689187573556
TYRPHOSTIN-AG-1296 (BRD:BRD-K76064317-001-07-3),TYRPHOSTIN-AG-1296,18,18,0.3766769865841073,0.12337214538125062,0.5122689187573556
DEOXYCORTICOSTERONE-ACETATE (BRD:BRD-K24556098-001-16-7),DEOXYCORTICOSTERONE-ACETATE,21,21,0.34675324675324676,0.12357109818269166,0.5122689187573556
BRIGATINIB (BRD:BRD-K56032964-001-02-1),BRIGATINIB,15,15,-0.4142857142857142,0.12471544223657087,0.5145968948359443
10-DEACETYLBACCATIN (BRD:BRD-K96631475-001-02-4),10-DEACETYLBACCATIN,18,18,0.37254901960784315,0.12787268607330352,0.5251701479196605
TRIPTOLIDE (BRD:BRD-K39484304-001-16-5),TRIPTOLIDE,21,21,0.34155844155844156,0.12967786415595978,0.530118305785706
IXAZOMIB-CITRATE (BRD:BRD-A66419424-001-02-4),IXAZOMIB-CITRATE,21,21,0.34025974025974026,0.1312375765277249,0.5308699567441867
LDN-212854 (BRD:BRD-K59831625-001-01-6),LDN-212854,22,22,0.3314511575381141,0.13184479008712227,0.5308699567441867
ACIVICIN (BRD:BRD-K13050541-001-01-9),ACIVICIN,17,17,-0.37990196078431376,0.13254890262758853,0.5308699567441867
ENTINOSTAT (BRD:BRD-K77908580-001-09-6),ENTINOSTAT,21,21,0.33896103896103896,0.1328105963995839,0.5308699567441867
284461-73-0 (BRD:BRD-K23984367-001-07-5),284461-73-0,11,11,0.48181818181818187,0.13343383825682875,0.5308699567441867
CCG-50014 (BRD:BRD-K08893438-001-04-9),CCG-50014,21,21,0.33766233766233766,0.13439697248841173,0.5308699567441867
FLUVASTATIN (BRD:BRD-K66296774-236-11-3),FLUVASTATIN,21,21,0.33766233766233766,0.13439697248841173,0.5308699567441867
PF-03814735 (BRD:BRD-K68747584-001-02-0),PF-03814735,14,14,0.4197802197802198,0.13510107382914258,0.5308699567441867
K-858 (BRD:BRD-A67748489-001-10-0),K-858,17,17,0.3774509803921569,0.13527263903447564,0.5308699567441867
EX-8678 (BRD:BRD-K07972848-001-02-0),EX-8678,15,15,-0.39999999999999997,0.13959512937214466,0.5454092886531138
NONOXYNOL-9 (BRD:BRD-K88625236-001-04-2),NONOXYNOL-9,17,17,-0.37009803921568635,0.14367547273095146,0.5572774934626994
AZD-8055 (BRD:BRD-K69932463-001-10-6),AZD-8055,21,21,-0.32987012987012987,0.14419837372344504,0.5572774934626994
GSK-2141795 (BRD:BRD-K38332599-001-01-3),GSK-2141795,20,20,-0.3383458646616541,0.14452609966359925,0.5572774934626994
TPCA-1 (BRD:BRD-K51575138-001-13-2),TPCA-1,16,16,0.37941176470588234,0.1472271338628926,0.5647263232076876
KX2-391 (BRD:BRD-K29968218-001-03-2),KX2-391,19,19,0.343859649122807,0.14944730840911596,0.5647263232076876
CHIR-124 (BRD:BRD-K02241333-001-02-7),CHIR-124,17,17,0.3651960784313726,0.14947236965165778,0.5647263232076876
DABRAFENIB (BRD:BRD-K09951645-001-11-8),DABRAFENIB,10,10,0.49090909090909085,0.1496556734208368,0.5647263232076876
SID-7969543 (BRD:BRD-A43885598-001-08-1),SID-7969543,10,10,0.49090909090909085,0.1496556734208368,0.5647263232076876
ZK-93426 (BRD:BRD-K68392338-003-02-0),ZK-93426,12,12,-0.44055944055944063,0.1517350357167303,0.5677037801887282
SEVOFLURANE (BRD:BRD-K05638300-001-01-2),SEVOFLURANE,18,18,0.3519091847265222,0.15210693918997698,0.5677037801887282
XL-647 (BRD:BRD-K03765900-001-01-9),XL-647,22,22,-0.3156408808582722,0.15244364055052628,0.5677037801887282
NOVOBIOCIN (BRD:BRD-K85307935-236-09-5),NOVOBIOCIN,14,14,0.4021978021978022,0.1539744295414035,0.5677037801887282
RYUVIDINE (BRD:BRD-K06426971-001-02-7),RYUVIDINE,22,22,0.31451157538114066,0.1539966672539892,0.5677037801887282
P5091 (BRD:BRD-K13606314-001-01-3),P5091,18,18,-0.3498452012383901,0.15469232181385817,0.5677037801887282
MELPHALAN (BRD:BRD-K87827419-001-16-8),MELPHALAN,15,15,0.3857142857142856,0.15563079458596027,0.5677037801887282
ANGUIDINE (BRD:BRD-K45724504-001-01-6),ANGUIDINE,20,20,0.3293233082706767,0.15623105162611658,0.5677037801887282
BRILLIANT-GREEN (BRD:BRD-K60348325-065-09-9),BRILLIANT-GREEN,20,20,0.3293233082706767,0.15623105162611658,0.5677037801887282
SCRIPTAID (BRD:BRD-K22503835-001-11-0),SCRIPTAID,20,20,-0.3278195488721804,0.1582438682640637,0.5687870218257833
AMSACRINE (BRD:BRD-K68346641-001-01-4),AMSACRINE,19,19,0.3368421052631579,0.1584830429639541,0.5687870218257833
NORFLOXACIN (BRD:BRD-K11196887-001-22-0),NORFLOXACIN,14,14,0.39780219780219783,0.1589507745108346,0.5687870218257833
ACDPP (BRD:BRD-K68633617-003-02-9),ACDPP,12,12,-0.43356643356643365,0.15910576941219534,0.5687870218257833
LITRONESIB (BRD:BRD-K83029223-001-01-3),LITRONESIB,11,11,0.45454545454545453,0.16014543725525893,0.5701952463564259
ZIPRASIDONE (BRD:BRD-K29582115-066-01-2),ZIPRASIDONE,16,16,0.36764705882352944,0.1612323576755898,0.570562502447072
ELOXATIN (BRD:BRD-K78960041-001-05-7),ELOXATIN,17,17,0.35539215686274517,0.16154091235760815,0.570562502447072
RIFAMPIN (BRD:BRD-K01507359-001-22-9),RIFAMPIN,15,15,0.37499999999999994,0.16843274984674547,0.5925343351182322
POSACONAZOLE (BRD:BRD-K06222852-001-03-2),POSACONAZOLE,11,11,-0.44545454545454555,0.16973260492681183,0.5932199448549884
AK-55409 (BRD:BRD-K58772419-001-07-0),AK-55409,21,21,0.3103896103896104,0.17087682060108259,0.5932199448549884
PYRITHIONE-ZINC (BRD:BRD-K16136380-001-01-7),PYRITHIONE-ZINC,21,21,0.3103896103896104,0.17087682060108259,0.5932199448549884
ASYMMETRICAL-DIMETHYLARGININE (BRD:BRD-K36269323-300-02-6),ASYMMETRICAL-DIMETHYLARGININE,19,19,0.32631578947368417,0.17272947700679211,0.5932199448549884
STATTIC (BRD:BRD-K17061841-001-03-5),STATTIC,21,21,0.3090909090909091,0.17276827264194697,0.5932199448549884
GSK-1070916 (BRD:BRD-K36740062-001-06-6),GSK-1070916,17,17,0.34558823529411764,0.17425156925857005,0.5932199448549884
ACIPIMOX (BRD:BRD-K63736853-001-04-8),ACIPIMOX,12,12,0.41958041958041964,0.1745190081300594,0.5932199448549884
TAMIBAROTENE (BRD:BRD-K36627727-001-05-4),TAMIBAROTENE,12,12,-0.41958041958041964,0.1745190081300594,0.5932199448549884
LLL CPD (BRD:BRD-K60230970-001-17-5),LLL CPD,21,21,0.3077922077922078,0.17467404944767495,0.5932199448549884
BAY-11-7085 (BRD:BRD-K48684885-001-04-2),BAY-11-7085,21,21,0.3064935064935065,0.17659418586665693,0.5974431652117167
CYCLOVIROBUXIN-D (BRD:BRD-K27799744-001-02-8),CYCLOVIROBUXIN-D,14,14,0.3802197802197802,0.17990614630608132,0.6049015183003066
HYOSCYAMINE (BRD:BRD-K40530731-001-11-6),HYOSCYAMINE,19,19,-0.32105263157894737,0.18016885539408906,0.6049015183003066
JNJ-7706621 (BRD:BRD-K11636097-001-03-1),JNJ-7706621,19,19,0.3192982456140351,0.1826959462168638,0.604994430854705
CGS-15943 (BRD:BRD-K49049886-001-08-7),CGS-15943,20,20,-0.30977443609022554,0.1838064324119103,0.604994430854705
CEFDITOREN-PIVOXIL (BRD:BRD-K72167406-001-02-1),CEFDITOREN-PIVOXIL,17,17,-0.3382352941176471,0.18421188285210155,0.604994430854705
XL388 (BRD:BRD-K03549949-001-01-0),XL388,17,17,-0.3382352941176471,0.18421188285210155,0.604994430854705
TEROXIRONE (BRD:BRD-A39935389-001-05-9),TEROXIRONE,21,21,0.30129870129870134,0.18441900148730597,0.604994430854705
WAY-170523 (BRD:BRD-K36198571-001-02-0),WAY-170523,19,19,-0.3175438596491228,0.18524679262954077,0.604994430854705
OLTIPRAZ (BRD:BRD-K86972824-001-01-4),OLTIPRAZ,14,14,0.3758241758241759,0.18541002869712306,0.604994430854705
CRIZOTINIB-(S) (BRD:BRD-K40308497-001-01-2),CRIZOTINIB-(S),20,20,0.3082706766917293,0.18605556077810143,0.604994430854705
DIOSCIN (BRD:BRD-K37723606-001-01-5),DIOSCIN,21,21,0.3,0.18641143545847969,0.604994430854705
PROSCILLARIDIN-A (BRD:BRD-A11815689-001-01-1),PROSCILLARIDIN-A,13,13,0.39010989010989006,0.18757411613383787,0.604994430854705
TMC-353121 (BRD:BRD-K66097663-001-01-8),TMC-353121,20,20,-0.306766917293233,0.18832319847855758,0.604994430854705
IXABEPILONE (BRD:BRD-K03601870-001-01-2),IXABEPILONE,21,21,0.2987012987012987,0.18841842410537243,0.604994430854705
ERASTIN (BRD:BRD-A25004090-001-08-4),ERASTIN,11,11,-0.4272727272727273,0.18994372496542714,0.6076822795089571
LY3023414 (BRD:BRD-K82967180-001-01-6),LY3023414,21,21,-0.2961038961038961,0.19247618519439216,0.6127453618317019
BORTEZOMIB (BRD:BRD-K88510285-001-17-8),BORTEZOMIB,20,20,0.3037593984962406,0.19291416827770458,0.6127453618317019
PIK-75 (BRD:BRD-K49371609-003-03-8),PIK-75,22,22,0.2862789384528515,0.19648801204618047,0.6204300847061154
SAR131675 (BRD:BRD-K38904395-001-02-3),SAR131675,14,14,0.367032967032967,0.19673887170748847,0.6204300847061154
CETYLPYRIDINIUM (BRD:BRD-K87700323-003-05-1),CETYLPYRIDINIUM,20,20,0.2992481203007519,0.19994045290488688,0.6282826331495199
NILOTINIB (BRD:BRD-K81528515-001-13-8),NILOTINIB,15,15,-0.35,0.2009453508162933,0.6285637561054869
CYTOCHLOR (BRD:BRD-K48988407-001-01-2),CYTOCHLOR,17,17,0.32598039215686275,0.20163694355296405,0.6285637561054869
AEE788 (BRD:BRD-K40718343-001-02-6),AEE788,14,14,-0.3626373626373627,0.2025645438172416,0.6285637561054869
GSK-J4 (BRD:BRD-K98203492-003-04-1),GSK-J4,21,21,0.2896103896103896,0.2028773165232885,0.6285637561054869
ONC201 (BRD:BRD-K58529924-001-01-5),ONC201,15,15,-0.34642857142857136,0.2058959920935511,0.6306617630108551
ZM 447439 (BRD:BRD-K72703948-001-10-1),ZM 447439,18,18,0.3126934984520124,0.2064536417438368,0.6306617630108551
SNX 2112 (BRD:BRD-K71281111-001-04-3),SNX 2112,21,21,0.287012987012987,0.20714101817766592,0.6306617630108551
TENOVIN-6 (BRD:BRD-K13949769-001-01-7),TENOVIN-6,21,21,0.287012987012987,0.20714101817766592,0.6306617630108551
IBUTILIDE (BRD:BRD-A74391928-051-01-3),IBUTILIDE,12,12,0.3916083916083916,0.20806346369535322,0.6306617630108551
ASP-7487 (BRD:BRD-K86118762-001-01-8),ASP-7487,14,14,0.35824175824175825,0.20849812479076704,0.6306617630108551
PEPSTATIN (BRD:BRD-K13571841-001-14-4),PEPSTATIN,13,13,0.3736263736263736,0.20855405979520916,0.6306617630108551
DACINOSTAT (BRD:BRD-K56957086-001-06-3),DACINOSTAT,21,21,0.2857142857142857,0.2092950927335546,0.6307425490912243
BAM7 (BRD:BRD-K07442505-001-03-6),BAM7,11,11,0.4090909090909091,0.21154501034209602,0.632497173542649
EPIRUBICIN (BRD:BRD-K04548931-003-16-5),EPIRUBICIN,11,11,-0.4090909090909091,0.21154501034209602,0.632497173542649
AZD8330 (BRD:BRD-K37687095-001-06-9),AZD8330,20,20,0.29172932330827067,0.21202623258054826,0.632497173542649
MONENSIN (BRD:BRD-A06627858-236-03-0),MONENSIN,18,18,0.3085655314757482,0.21282870595868356,0.6327533581195878
7-HYDROXYSTAUROSPORINE (BRD:BRD-K45293975-001-02-0),7-HYDROXYSTAUROSPORINE,15,15,0.33928571428571425,0.2160289253419548,0.6379717092874452
REPSOX (BRD:BRD-K80480517-001-02-4),REPSOX,15,15,-0.33928571428571425,0.2160289253419548,0.6379717092874452
JTC-801 (BRD:BRD-K17705806-003-04-4),JTC-801,21,21,-0.28051948051948056,0.21806007395025545,0.6418234843269185
XILOBAM (BRD:BRD-K79633074-001-01-8),XILOBAM,14,14,0.3494505494505495,0.22068999774644735,0.6474062060136645
VER-49009 (BRD:BRD-K38548312-001-01-0),VER-49009,19,19,0.29298245614035084,0.22348375285394131,0.6534309727484443
TAK-632 (BRD:BRD-K31866293-001-01-6),TAK-632,21,21,0.27662337662337666,0.22479050345941629,0.6550825562860216
RIBOCICLIB (BRD:BRD-K36788280-001-01-2),RIBOCICLIB,14,14,-0.3450549450549451,0.2269486800417004,0.6591963305158601
PICTILISIB (BRD:BRD-K52911425-001-09-8),PICTILISIB,18,18,0.2982456140350877,0.22932241176613294,0.6595505708441295
ENDO-IWR-1 (BRD:BRD-K61314889-001-04-4),ENDO-IWR-1,19,19,0.28947368421052627,0.22933513423022364,0.6595505708441295
THIAMINE (BRD:BRD-K95785345-300-14-8),THIAMINE,16,16,-0.31764705882352945,0.2305734636218452,0.6595505708441295
SALINOMYCIN (BRD:BRD-A28301258-001-03-0),SALINOMYCIN,15,15,0.3285714285714285,0.23180969720615963,0.6595505708441295
TAK-733 (BRD:BRD-K26667523-001-02-5),TAK-733,18,18,0.2961816305469556,0.23271685741068446,0.6595505708441295
WZ-3146 (BRD:BRD-K73293050-001-03-1),WZ-3146,18,18,0.2961816305469556,0.23271685741068446,0.6595505708441295
DARIFENACIN (BRD:BRD-K95773607-004-03-8),DARIFENACIN,14,14,-0.3406593406593406,0.23331605103682382,0.6595505708441295
PTC-209 (BRD:BRD-K83834509-001-01-1),PTC-209,14,14,0.3406593406593406,0.23331605103682382,0.6595505708441295
ABT-702 (BRD:BRD-K36021395-300-02-4),ABT-702,11,11,0.39090909090909093,0.23454006709519437,0.6595505708441295
LENVATINIB (BRD:BRD-K39974922-001-04-3),LENVATINIB,11,11,0.39090909090909093,0.23454006709519437,0.6595505708441295
BINIMETINIB (BRD:BRD-K82244583-001-01-3),BINIMETINIB,18,18,0.29411764705882354,0.23614329729664102,0.6598561123827026
TREMORINE (BRD:BRD-K08619838-300-05-7),TREMORINE,18,18,-0.29411764705882354,0.23614329729664102,0.6598561123827026
JIB04 (BRD:BRD-K76180386-001-01-6),JIB04,22,22,-0.2625635234330887,0.23780202752583146,0.6623949220987672
CLOMIFENE (BRD:BRD-K29950728-048-17-4),CLOMIFENE,16,16,-0.31176470588235294,0.23980004767411275,0.6658598808057911
BIIB-057 (BRD:BRD-K53734668-003-02-0),BIIB-057,21,21,0.2675324675324675,0.24102003675627295,0.667149506131
TRIAPINE (BRD:BRD-K01669786-001-02-2),TRIAPINE,20,20,0.27368421052631575,0.24296636906130653,0.6680064625656237
BGT226 (BRD:BRD-K29415052-050-04-8),BGT226,21,21,-0.2662337662337662,0.2433987795806379,0.6680064625656237
COSTUNOLIDE (BRD:BRD-K26833429-001-02-8),COSTUNOLIDE,10,10,0.406060606060606,0.24428229408662647,0.6680064625656237
AURORA-A-INHIBITOR-I (BRD:BRD-K53561341-001-07-5),AURORA-A-INHIBITOR-I,21,21,0.26493506493506497,0.24579261871540742,0.6680064625656237
DOXORUBICIN (BRD:BRD-K92093830-003-30-8),DOXORUBICIN,21,21,0.26493506493506497,0.24579261871540742,0.6680064625656237
BITOPERTIN (BRD:BRD-K13756951-001-01-4),BITOPERTIN,14,14,-0.3318681318681319,0.24637718314961166,0.6680064625656237
CLADRIBINE (BRD:BRD-K93034159-001-25-8),CLADRIBINE,13,13,-0.34615384615384615,0.24662526251007172,0.6680064625656237
FENBENDAZOLE (BRD:BRD-K51318897-001-15-3),FENBENDAZOLE,19,19,0.2789473684210526,0.24747875892631568,0.6682683306787056
MEXILETINE (BRD:BRD-A64092382-003-18-3),MEXILETINE,21,21,0.26233766233766237,0.2506256259413438,0.6747025234945323
PIRENPERONE (BRD:BRD-K25224017-001-25-0),PIRENPERONE,21,21,0.26103896103896107,0.2530648119666416,0.6765364408503279
OCTENIDINE (BRD:BRD-K04568635-300-01-4),OCTENIDINE,19,19,0.27543859649122804,0.2537237032890097,0.6765364408503279
CIPROFIBRATE (BRD:BRD-A49358627-001-14-6),CIPROFIBRATE,16,16,-0.3029411764705882,0.25406688060961136,0.6765364408503279
PRT062070 (BRD:BRD-K25835157-001-01-4),PRT062070,13,13,0.34065934065934067,0.25470646075412523,0.6765364408503279
HYDROXYUREA (BRD:BRD-K51747290-001-13-1),HYDROXYUREA,12,12,0.35664335664335667,0.2551377517589572,0.6765364408503279
D-64131 (BRD:BRD-K26997899-001-02-2),D-64131,18,18,0.281733746130031,0.2573753757323143,0.6800117094722046
ECHINOMYCIN (BRD:BRD-A68969091-001-12-7),ECHINOMYCIN,21,21,0.2584415584415584,0.2579885873988545,0.6800117094722046
NIRAPARIB (BRD:BRD-K54955827-001-02-2),NIRAPARIB,15,15,0.3107142857142856,0.2596673973372181,0.6823997376451297
AJMALINE (BRD:BRD-A48300215-001-04-8),AJMALINE,13,13,-0.33516483516483514,0.26294314035936023,0.6830530000476708
BKM120 (BRD:BRD-K42191735-001-05-3),BKM120,21,21,0.2558441558441559,0.26297294224172296,0.6830530000476708
UNC0631 (BRD:BRD-K13060017-001-01-3),UNC0631,21,21,0.2558441558441559,0.26297294224172296,0.6830530000476708
CCT129202 (BRD:BRD-K57136142-001-02-4),CCT129202,16,16,0.29705882352941176,0.26386301461352274,0.6830530000476708
HESPERADIN (BRD:BRD-K58122457-001-02-2),HESPERADIN,16,16,0.29705882352941176,0.26386301461352274,0.6830530000476708
NSC-697923 (BRD:BRD-K20605374-001-05-4),NSC-697923,22,22,0.24788255223037836,0.2660193797824072,0.6830530000476708
FOSBRETABULIN (BRD:BRD-K06814349-304-02-7),FOSBRETABULIN,14,14,0.3186813186813187,0.26678496081136144,0.6830530000476708
GW-843682X (BRD:BRD-K90382497-001-10-7),GW-843682X,21,21,0.2532467532467532,0.26801791447109463,0.6830530000476708
LY2090314 (BRD:BRD-K78055238-001-01-8),LY2090314,21,21,0.2532467532467532,0.26801791447109463,0.6830530000476708
NANCHANGMYCIN (BRD:BRD-A73871920-236-03-6),NANCHANGMYCIN,22,22,0.24675324675324675,0.26827433942114864,0.6830530000476708
PAPAVERINE (BRD:BRD-K15567136-003-27-2),PAPAVERINE,18,18,-0.27554179566563464,0.268425131389062,0.6830530000476708
ARTEMISININ (BRD:BRD-K13112821-001-17-4),ARTEMISININ,11,11,-0.36363636363636365,0.27163754099382253,0.6853027105644152
FUDOSTEINE (BRD:BRD-K54838207-001-03-8),FUDOSTEINE,11,11,0.36363636363636365,0.27163754099382253,0.6853027105644152
P 22077 (BRD:BRD-K97714174-001-01-3),P 22077,11,11,-0.36363636363636365,0.27163754099382253,0.6853027105644152
CAPIVASERTIB (BRD:BRD-K99023089-001-03-7),CAPIVASERTIB,19,19,-0.26491228070175443,0.27305117556176156,0.6869065185784486
M-344 (BRD:BRD-K45528773-001-07-2),M-344,22,22,0.2433653303218521,0.27511168166940314,0.6901239060059176
BAY-87-2243 (BRD:BRD-K70463136-001-01-5),BAY-87-2243,18,18,-0.2714138286893705,0.27595238461589006,0.6902718289400309
IXAZOMIB (BRD:BRD-K78659596-001-03-9),IXAZOMIB,22,22,0.24223602484472054,0.2774149543225629,0.6919700696802911
VENETOCLAX (BRD:BRD-K62391742-001-09-7),VENETOCLAX,16,16,-0.28823529411764703,0.27898445973708325,0.6939247266136465
TORIN-2 (BRD:BRD-K68174511-001-06-6),TORIN-2,21,21,-0.24545454545454545,0.28351670883126684,0.7032170053314849
BMS-265246 (BRD:BRD-K62814476-001-03-3),BMS-265246,21,21,0.24415584415584415,0.286152904374841,0.7068166923000795
TAK-901 (BRD:BRD-K01683783-001-02-6),TAK-901,22,22,0.2377188029361943,0.2867488375178757,0.7068166923000795
AZ3146 (BRD:BRD-K59146805-001-03-7),AZ3146,14,14,-0.3054945054945055,0.2881698858754571,0.7068166923000795
BVT-948 (BRD:BRD-K68567222-001-01-2),BVT-948,14,14,0.3054945054945055,0.2881698858754571,0.7068166923000795
NOREPINEPHRINE (BRD:BRD-K87349682-347-03-8),NOREPINEPHRINE,16,16,0.2823529411764706,0.2893498290632738,0.7077448727503345
(+)-CAMPTOTHECIN (BRD:BRD-K37890730-001-15-1),(+)-CAMPTOTHECIN,17,17,0.2720588235294118,0.2907959385044183,0.7090046175233683
ONX-0914 (BRD:BRD-K60446698-001-01-2),ONX-0914,21,21,-0.24155844155844156,0.291470754429199,0.7090046175233683
DIFLUPREDNATE (BRD:BRD-K33720171-001-01-0),DIFLUPREDNATE,20,20,0.24661654135338343,0.2945519940720424,0.7113692473211594
BARASERTIB-HQPA (BRD:BRD-K63923597-001-10-0),BARASERTIB-HQPA,16,16,-0.27941176470588236,0.2946176535684143,0.7113692473211594
GSK923295 (BRD:BRD-K89015388-001-01-7),GSK923295,17,17,0.26960784313725494,0.29533579947140526,0.7113692473211594
PARTHENOLIDE (BRD:BRD-K98548675-001-05-9),PARTHENOLIDE,15,15,0.28928571428571426,0.2956653610043777,0.7113692473211594
LY2874455 (BRD:BRD-K17203476-001-01-9),LY2874455,21,21,0.23896103896103899,0.2968491826193771,0.7121442868379092
MLN0128 (BRD:BRD-K59317601-001-05-5),MLN0128,20,20,-0.24511278195488717,0.2976005003886619,0.7121442868379092
RITA (BRD:BRD-K00317371-001-06-1),RITA,18,18,-0.25902992776057787,0.29930484205263064,0.7142869608985752
SB-218795 (BRD:BRD-K61097567-001-08-5),SB-218795,14,14,0.2967032967032967,0.302966723838702,0.720518171075762
CR8-(R) (BRD:BRD-K40331046-305-01-5),CR8-(R),22,22,0.2298136645962733,0.30354785916215565,0.720518171075762
CARVEDILOL (BRD:BRD-A10977446-001-12-1),CARVEDILOL,10,10,0.35757575757575755,0.31037609170568026,0.7273113963580073
MIDODRINE (BRD:BRD-A79981887-003-16-4),MIDODRINE,10,10,0.35757575757575755,0.31037609170568026,0.7273113963580073
RU-58841 (BRD:BRD-K62762455-001-01-3),RU-58841,10,10,-0.35757575757575755,0.31037609170568026,0.7273113963580073
TOREMIFENE (BRD:BRD-K51350053-048-16-5),TOREMIFENE,21,21,0.2324675324675325,0.31055989862791317,0.7273113963580073
LICOCHALCONE-A (BRD:BRD-K26011976-001-01-0),LICOCHALCONE-A,18,18,0.2528379772961816,0.31141340050989863,0.7273113963580073
TALAZOPARIB (BRD:BRD-K95142244-001-01-5),TALAZOPARIB,11,11,0.33636363636363636,0.31182431390038634,0.7273113963580073
JTE-607 (BRD:BRD-K81405859-300-01-4),JTE-607,17,17,-0.25980392156862747,0.31391716151942506,0.7273113963580073
MITOXANTRONE (BRD:BRD-K21680192-300-14-4),MITOXANTRONE,19,19,0.243859649122807,0.31437156522355036,0.7273113963580073
BISINDOLYLMALEIMIDE-IX (BRD:BRD-K06543683-066-02-1),BISINDOLYLMALEIMIDE-IX,22,22,0.2241671372106155,0.3159085603715583,0.7273113963580073
RS-17053 (BRD:BRD-K76840893-003-02-5),RS-17053,21,21,-0.22987012987012984,0.3161498376663409,0.7273113963580073
ADAVOSERTIB (BRD:BRD-K54256913-001-08-7),ADAVOSERTIB,16,16,0.2676470588235294,0.3162544185483094,0.7273113963580073
GOSSYPOL (BRD:BRD-K19295594-015-14-3),GOSSYPOL,20,20,-0.23609022556390977,0.3162939707830972,0.7273113963580073
PCI-24781 (BRD:BRD-K12867552-001-04-7),PCI-24781,22,22,0.22303783173348396,0.31841675008781406,0.7302908839676359
FRENTIZOLE (BRD:BRD-K07202345-001-19-4),FRENTIZOLE,19,19,-0.24035087719298245,0.32160243714265596,0.7331363636513977
DECITABINE (BRD:BRD-K79254416-001-21-8),DECITABINE,16,16,0.2647058823529412,0.3218043958686153,0.7331363636513977
EBASTINE (BRD:BRD-K13314656-001-01-0),EBASTINE,20,20,-0.23308270676691725,0.3226780250046228,0.7331363636513977
RS-16566 (BRD:BRD-K80725821-300-02-9),RS-16566,17,17,0.25490196078431376,0.3234600340651103,0.7331363636513977
IPATASERTIB (BRD:BRD-K71480163-001-01-4),IPATASERTIB,18,18,-0.24664602683178533,0.3238088129377634,0.7331363636513977
PD-153035 (BRD:BRD-K26603252-003-04-9),PD-153035,13,13,-0.2967032967032967,0.3249215884859749,0.7337743289849511
DIGITOXIGENIN (BRD:BRD-K18518344-001-15-9),DIGITOXIGENIN,22,22,0.21964991530208924,0.32601325111651935,0.7339887610086854
GAMBOGIC-ACID (BRD:BRD-K08542803-001-02-3),GAMBOGIC-ACID,21,21,0.22467532467532467,0.3275102738815652,0.7339887610086854
KPT-276 (BRD:BRD-K75352575-001-01-3),KPT-276,21,21,0.22467532467532467,0.3275102738815652,0.7339887610086854
PLINABULIN (BRD:BRD-K99498722-001-02-6),PLINABULIN,22,22,0.21852060982495766,0.3285693596146497,0.7344980874423689
HEXYLRESORCINOL (BRD:BRD-K99946902-001-07-5),HEXYLRESORCINOL,12,12,-0.3076923076923077,0.33058925941210965,0.7346111921701703
BRUCEANTIN (BRD:BRD-A36057565-001-01-0),BRUCEANTIN,22,22,0.2173913043478261,0.3311374194883425,0.7346111921701703
MEK1-2-INHIBITOR (BRD:BRD-K12244279-001-05-8),MEK1-2-INHIBITOR,18,18,0.2425180598555212,0.3322310909053101,0.7346111921701703
WYE-354 (BRD:BRD-K77008974-001-03-2),WYE-354,19,19,-0.23508771929824557,0.33263189836380036,0.7346111921701703
ATIPAMEZOLE (BRD:BRD-K39252998-003-01-5),ATIPAMEZOLE,13,13,-0.2912087912087912,0.33438585619752936,0.7346111921701703
NALOXONE (BRD:BRD-K67511046-001-02-3),NALOXONE,15,15,0.2678571428571428,0.3344436005123539,0.7346111921701703
RHEOCHRYSIDIN (BRD:BRD-K67772619-001-05-1),RHEOCHRYSIDIN,15,15,0.2678571428571428,0.3344436005123539,0.7346111921701703
LDN-57444 (BRD:BRD-K94485812-001-02-9),LDN-57444,21,21,0.22077922077922077,0.3361880870952679,0.7366106225933536
PF-00562271 (BRD:BRD-K99545815-001-06-3),PF-00562271,20,20,0.22556390977443608,0.33897093917086674,0.7390403439206799
PP242 (BRD:BRD-K87112191-001-04-5),PP242,20,20,-0.22556390977443608,0.33897093917086674,0.7390403439206799
FLUMETHASONE (BRD:BRD-K61496577-001-20-2),FLUMETHASONE,11,11,0.3181818181818182,0.34029761418190335,0.7401054022724647
IDRONOXIL (BRD:BRD-K74671368-001-01-8),IDRONOXIL,17,17,0.24509803921568632,0.34304665309958526,0.7411956513828063
FENOPROFEN (BRD:BRD-A81129465-001-03-8),FENOPROFEN,13,13,-0.2857142857142857,0.3440002182586698,0.7411956513828063
PRAZOSIN (BRD:BRD-K49111258-003-29-7),PRAZOSIN,13,13,-0.2857142857142857,0.3440002182586698,0.7411956513828063
EPOTHILONE-B (BRD:BRD-K68164687-001-01-6),EPOTHILONE-B,22,22,0.21174477696216829,0.34415653121964956,0.7411956513828063
IKK-16 (BRD:BRD-K14618467-001-04-6),IKK-16,21,21,-0.21688311688311687,0.3450003269824448,0.7412050820571746
SKF-96365 (BRD:BRD-A72703248-003-04-9),SKF-96365,19,19,0.22807017543859648,0.3476780092350395,0.7451448595983977
DOVITINIB (BRD:BRD-K85402309-043-01-9),DOVITINIB,16,16,-0.25,0.35039147910720203,0.7491420727643084
HARRINGTONINE (BRD:BRD-K96358241-001-01-9),HARRINGTONINE,20,20,0.21954887218045113,0.3523456773115152,0.7508135123045486
Y-27632 (BRD:BRD-K44084986-300-08-4),Y-27632,15,15,0.2571428571428571,0.3548603636506092,0.7508135123045486
PF-04691502 (BRD:BRD-K07310275-001-02-5),PF-04691502,19,19,0.22456140350877193,0.35534598974510745,0.7508135123045486
PHA-680632 (BRD:BRD-K09443272-001-03-3),PHA-680632,20,20,0.21804511278195485,0.35573636611773696,0.7508135123045486
E7449 (BRD:BRD-K05444225-001-01-7),E7449,16,16,-0.24705882352941175,0.35627504151257744,0.7508135123045486
ISOPROPYL-MYRISTATE (BRD:BRD-K13409143-001-01-9),ISOPROPYL-MYRISTATE,16,16,0.24705882352941175,0.35627504151257744,0.7508135123045486
GASTRODIN (BRD:BRD-K81613478-001-01-8),GASTRODIN,15,15,-0.25357142857142856,0.3618161038158894,0.7573771421435671
KENPAULLONE (BRD:BRD-K37312348-001-15-0),KENPAULLONE,13,13,-0.2747252747252747,0.3636749816401782,0.7573771421435671
ABEMACICLIB (BRD:BRD-K33622447-066-01-9),ABEMACICLIB,10,10,0.32121212121212117,0.36546831043867045,0.7573771421435671
A-1065-5 (BRD:BRD-K87124298-001-03-4),A-1065-5,22,22,-0.20271033314511577,0.3656032765874888,0.7573771421435671
HMN-214 (BRD:BRD-K70511574-001-06-9),HMN-214,22,22,0.20271033314511577,0.3656032765874888,0.7573771421435671
LY2608204 (BRD:BRD-K12068470-001-02-5),LY2608204,20,20,-0.21353383458646616,0.3660206383395141,0.7573771421435671
KETOPROFEN (BRD:BRD-A97739905-001-26-5),KETOPROFEN,12,12,-0.2867132867132868,0.36625146058358227,0.7573771421435671
PITAVASTATIN (BRD:BRD-K75958547-238-01-0),PITAVASTATIN,12,12,0.2867132867132868,0.36625146058358227,0.7573771421435671
LCL-161 (BRD:BRD-K08248804-001-01-8),LCL-161,18,18,-0.2260061919504644,0.3671777255550172,0.7575185319277574
TEMAZEPAM (BRD:BRD-A93093700-001-02-9),TEMAZEPAM,15,15,0.25,0.3688462917839305,0.758049607842563
NMS-873 (BRD:BRD-K26253904-001-01-5),NMS-873,21,21,0.20649350649350648,0.3691521306594588,0.758049607842563
G-1 (BRD:BRD-K62696033-001-01-4),G-1,16,16,-0.23823529411764705,0.37425412972798855,0.7641955766791809
PI-828 (BRD:BRD-K97365803-001-02-1),PI-828,14,14,0.2571428571428571,0.3748119038799704,0.7641955766791809
TG-101209 (BRD:BRD-K39841531-001-02-1),TG-101209,15,15,0.24642857142857136,0.37595051597380513,0.7641955766791809
MK-5108 (BRD:BRD-K53665955-001-03-0),MK-5108,18,18,0.22187822497420018,0.37622542106556206,0.7641955766791809
BARICITINIB (BRD:BRD-K53581288-001-02-9),BARICITINIB,20,20,0.20902255639097742,0.37647233958713894,0.7641955766791809
BATIMASTAT (BRD:BRD-K82818427-001-04-8),BATIMASTAT,15,15,0.24285714285714283,0.38312834183934164,0.7663692375297371
PTEROSTILBENE (BRD:BRD-K53097745-001-01-5),PTEROSTILBENE,15,15,0.24285714285714283,0.38312834183934164,0.7663692375297371
SPARFLOXACIN (BRD:BRD-K07612980-001-05-3),SPARFLOXACIN,15,15,-0.24285714285714283,0.38312834183934164,0.7663692375297371
VALNEMULIN (BRD:BRD-K33813875-003-01-8),VALNEMULIN,15,15,0.24285714285714283,0.38312834183934164,0.7663692375297371
PYROXAMIDE (BRD:BRD-K11663430-001-02-3),PYROXAMIDE,17,17,0.22549019607843138,0.3841966507618189,0.7663692375297371
VALRUBICIN (BRD:BRD-K72951360-001-01-4),VALRUBICIN,21,21,0.2,0.38472423043145215,0.7663692375297371
CCT128930 (BRD:BRD-K76406695-001-02-9),CCT128930,11,11,-0.29090909090909095,0.3854569696913654,0.7663692375297371
SUXIBUZONE (BRD:BRD-K78815826-001-14-6),SUXIBUZONE,11,11,-0.29090909090909095,0.3854569696913654,0.7663692375297371
CYPROTERONE-ACETATE (BRD:BRD-K41141507-001-16-2),CYPROTERONE-ACETATE,16,16,-0.2323529411764706,0.386511349907985,0.7663692375297371
ACY-1215 (BRD:BRD-K82928847-001-04-7),ACY-1215,19,19,-0.21052631578947367,0.3869732368316493,0.7663692375297371
ALEXIDINE (BRD:BRD-A27883417-300-01-6),ALEXIDINE,20,20,-0.2045112781954887,0.38709023775567697,0.7663692375297371
BUSULFAN (BRD:BRD-K23204545-001-16-4),BUSULFAN,15,15,0.23928571428571427,0.3903793119202356,0.7690332286281288
LUCITANIB (BRD:BRD-K31309378-001-01-5),LUCITANIB,15,15,-0.23928571428571427,0.3903793119202356,0.7690332286281288
AMINOPURVALANOL-A (BRD:BRD-K07762753-001-04-4),AMINOPURVALANOL-A,14,14,0.24835164835164836,0.3919195389384575,0.7690332286281288
TRAPIDIL (BRD:BRD-K95763993-001-19-3),TRAPIDIL,14,14,0.24835164835164836,0.3919195389384575,0.7690332286281288
LASALOCID (BRD:BRD-A72711497-236-03-8),LASALOCID,20,20,0.20150375939849624,0.39426050476127356,0.771039618930644
RO-9187 (BRD:BRD-K57284066-001-01-6),RO-9187,18,18,-0.21362229102167182,0.3946884572555505,0.771039618930644
CHLORIDINE (BRD:BRD-K88429204-001-35-1),CHLORIDINE,16,16,-0.22647058823529412,0.39898292664128926,0.7734882591591963
AMG900 (BRD:BRD-K21728777-001-02-3),AMG900,19,19,0.20526315789473687,0.3992226299118769,0.7734882591591963
OXYPHENCYCLIMINE (BRD:BRD-A58193911-003-18-7),OXYPHENCYCLIMINE,18,18,0.2115583075335397,0.39938013616939916,0.7734882591591963
MEFEXAMIDE (BRD:BRD-K20655524-003-12-0),MEFEXAMIDE,21,21,0.1935064935064935,0.40065858838070295,0.7734882591591963
PROPOXYCAINE (BRD:BRD-K18250272-003-11-0),PROPOXYCAINE,11,11,-0.28181818181818186,0.40114489796047825,0.7734882591591963
XANOMELINE (BRD:BRD-K72815923-034-01-2),XANOMELINE,20,20,0.19849624060150375,0.4015036070038972,0.7734882591591963
SULFABENZAMIDE (BRD:BRD-K59983611-001-21-9),SULFABENZAMIDE,12,12,0.2657342657342658,0.4038330883147116,0.7734882591591963
XL888 (BRD:BRD-A03506276-001-01-5),XL888,21,21,0.1922077922077922,0.4038885272768977,0.7734882591591963
1-PHENYLBIGUANIDE (BRD:BRD-K31491153-003-05-9),1-PHENYLBIGUANIDE,10,10,0.29696969696969694,0.40470167127015705,0.7734882591591963
ERDAFITINIB (BRD:BRD-K84868168-001-01-0),ERDAFITINIB,10,10,0.29696969696969694,0.40470167127015705,0.7734882591591963
SIMVASTATIN (BRD:BRD-K22134346-001-24-9),SIMVASTATIN,17,17,0.21568627450980393,0.4057406886339276,0.7737991966819828
PD-318088 (BRD:BRD-A57798112-001-03-7),PD-318088,14,14,0.23956043956043957,0.4094298928517327,0.7778704540120908
ZARDAVERINE (BRD:BRD-K37561857-001-15-5),ZARDAVERINE,17,17,0.2132352941176471,0.4112256782090655,0.7778704540120908
METHACYCLINE (BRD:BRD-A49035384-003-28-9),METHACYCLINE,16,16,0.22058823529411767,0.41166643049796364,0.7778704540120908
MEVASTATIN (BRD:BRD-K94441233-001-13-0),MEVASTATIN,15,15,0.2285714285714285,0.4125661704963605,0.7778704540120908
TH-302 (BRD:BRD-K20958582-001-01-4),TH-302,15,15,0.2285714285714285,0.4125661704963605,0.7778704540120908
CHIDAMIDE (BRD:BRD-K28537285-001-01-8),CHIDAMIDE,19,19,0.19824561403508772,0.41587984219447305,0.7778704540120908
PHA 665752 (BRD:BRD-K95435023-001-08-5),PHA 665752,17,17,0.21078431372549022,0.41674984855133407,0.7778704540120908
INDISULAM (BRD:BRD-K17610631-001-03-3),INDISULAM,14,14,0.2351648351648352,0.4183338961985915,0.7778704540120908
LY2801653 (BRD:BRD-K18961567-001-01-1),LY2801653,14,14,0.2351648351648352,0.4183338961985915,0.7778704540120908
CAPECITABINE (BRD:BRD-K61192372-001-08-9),CAPECITABINE,18,18,-0.20330237358101136,0.4184467334719627,0.7778704540120908
MPI-0479605 (BRD:BRD-K45551181-001-02-1),MPI-0479605,18,18,0.20330237358101136,0.4184467334719627,0.7778704540120908
RUTIN (BRD:BRD-K20482099-001-09-4),RUTIN,18,18,-0.20330237358101136,0.4184467334719627,0.7778704540120908
VORELOXIN (BRD:BRD-K23677682-003-01-2),VORELOXIN,18,18,0.20123839009287925,0.42328766928815764,0.7784837999874641
BENTAZEPAM (BRD:BRD-K89490285-001-08-1),BENTAZEPAM,10,10,0.28484848484848485,0.4250381548921454,0.7784837999874641
TEPOXALIN (BRD:BRD-K89714990-001-01-5),TEPOXALIN,10,10,0.28484848484848485,0.4250381548921454,0.7784837999874641
EVP4593 (BRD:BRD-K68395654-001-03-1),EVP4593,22,22,0.17899491812535295,0.4254382439036578,0.7784837999874641
N-ACETYLMANNOSAMINE (BRD:BRD-A92872453-001-01-8),N-ACETYLMANNOSAMINE,13,13,-0.24175824175824176,0.4261755195945088,0.7784837999874641
SECNIDAZOLE (BRD:BRD-A70083328-001-23-5),SECNIDAZOLE,13,13,-0.24175824175824176,0.4261755195945088,0.7784837999874641
KW-2449 (BRD:BRD-K21718444-001-06-8),KW-2449,15,15,0.22142857142857136,0.42771371901637,0.7784837999874641
TEMSIROLIMUS (BRD:BRD-K42898655-001-01-8),TEMSIROLIMUS,15,15,-0.22142857142857136,0.42771371901637,0.7784837999874641
AT-9283 (BRD:BRD-K24576554-001-04-8),AT-9283,17,17,0.2058823529411765,0.42791485314270766,0.7784837999874641
DIANHYDROGALACTITOL (BRD:BRD-K68502831-001-01-2),DIANHYDROGALACTITOL,18,18,0.1991744066047472,0.42815803191920493,0.7784837999874641
BEZ235 (BRD:BRD-K12184916-001-19-6),BEZ235,19,19,-0.19298245614035087,0.42861312244412475,0.7784837999874641
PACLITAXEL (BRD:BRD-K62008436-001-23-9),PACLITAXEL,12,12,0.2517482517482518,0.4299187850328841,0.7784837999874641
ZK-93423 (BRD:BRD-K33882852-003-02-8),ZK-93423,21,21,-0.18181818181818182,0.43023793249590314,0.7784837999874641
212631-79-3 (BRD:BRD-K05104363-001-10-0),212631-79-3,11,11,0.26363636363636367,0.43344073761161456,0.7797639470669321
FERB-033 (BRD:BRD-K61642990-001-01-0),FERB-033,11,11,-0.26363636363636367,0.43344073761161456,0.7797639470669321
ROMIDEPSIN (BRD:BRD-K61397605-001-03-4),ROMIDEPSIN,21,21,0.18051948051948052,0.433594674982858,0.7797639470669321
AZD9668 (BRD:BRD-K31476763-001-01-5),AZD9668,14,14,-0.22637362637362637,0.4364347945560527,0.7799208652754643
DOCETAXEL (BRD:BRD-K30577245-001-05-0),DOCETAXEL,13,13,0.23626373626373626,0.43708354383118136,0.7799208652754643
MOMELOTINIB (BRD:BRD-K87737963-001-06-0),MOMELOTINIB,13,13,0.23626373626373626,0.43708354383118136,0.7799208652754643
TETRANDRINE (BRD:BRD-K08078237-001-19-8),TETRANDRINE,19,19,0.18947368421052632,0.43721498110006213,0.7799208652754643
KW-2478 (BRD:BRD-K41213548-001-02-0),KW-2478,20,20,0.18345864661654135,0.438794886569103,0.780776068598229
LY456236 (BRD:BRD-K87696786-003-04-4),LY456236,19,19,0.18771929824561404,0.44154950238237817,0.780776068598229
AZACITIDINE (BRD:BRD-K03406345-001-21-1),AZACITIDINE,12,12,-0.2447552447552448,0.44326193645018325,0.780776068598229
TERFENADINE (BRD:BRD-A06352418-001-25-9),TERFENADINE,16,16,-0.2058823529411765,0.4442846410521442,0.780776068598229
TETRAMETHYLTHIURAM-MONOSULFIDE (BRD:BRD-K36889451-001-01-1),TETRAMETHYLTHIURAM-MONOSULFIDE,16,16,0.2058823529411765,0.4442846410521442,0.780776068598229
A-61603 (BRD:BRD-A83650191-004-02-8),A-61603,14,14,0.221978021978022,0.445629657953609,0.780776068598229
NARASIN (BRD:BRD-A25608658-001-01-1),NARASIN,19,19,0.18596491228070175,0.44590627508518826,0.780776068598229
WP1066 (BRD:BRD-K05445342-001-05-3),WP1066,22,22,-0.17108977978543197,0.4464902890766695,0.780776068598229
CAPTAMINE (BRD:BRD-K81645907-001-01-1),CAPTAMINE,13,13,-0.23076923076923078,0.4481273823153657,0.780776068598229
MEBENDAZOLE (BRD:BRD-K77987382-001-13-2),MEBENDAZOLE,13,13,-0.23076923076923078,0.4481273823153657,0.780776068598229
DISULFIRAM (BRD:BRD-K32744045-001-31-2),DISULFIRAM,22,22,0.16996047430830044,0.44954166436454235,0.780776068598229
AMINOGLUTETHIMIDE (BRD:BRD-A25234499-001-19-1),AMINOGLUTETHIMIDE,11,11,-0.2545454545454546,0.45003657688882837,0.780776068598229
MUBRITINIB (BRD:BRD-K19061412-001-02-4),MUBRITINIB,20,20,0.1789473684210526,0.45032544160933996,0.780776068598229
LANATOSIDE-C (BRD:BRD-A64242993-001-05-6),LANATOSIDE-C,21,21,0.174025974025974,0.4505852392484295,0.780776068598229
"L-798,106 (BRD:BRD-K43905307-001-01-2)","L-798,106",15,15,0.21071428571428572,0.45095786521528514,0.780776068598229
ALISERTIB (BRD:BRD-K75295174-001-05-0),ALISERTIB,18,18,0.18885448916408668,0.4529458223784956,0.7826832899417057
MLN-8054 (BRD:BRD-K83963101-001-06-9),MLN-8054,20,20,0.17593984962406017,0.4580986587024855,0.789039768533424
APHIDICOLIN (BRD:BRD-K85140930-001-12-7),APHIDICOLIN,15,15,0.2071428571428571,0.4588428049634703,0.789039768533424
NITARSONE (BRD:BRD-K56707426-001-02-0),NITARSONE,13,13,0.22527472527472525,0.45930514272500556,0.789039768533424
EKB 569 (BRD:BRD-K08799216-001-05-3),EKB 569,17,17,-0.19117647058823534,0.46232612062451384,0.7911510940144296
ODANACATIB (BRD:BRD-K22822991-001-02-3),ODANACATIB,17,17,-0.19117647058823534,0.46232612062451384,0.7911510940144296
OXYQUINOLINE (BRD:BRD-K66808046-065-03-7),OXYQUINOLINE,19,19,-0.1789473684210526,0.46355363606350364,0.7914660040445836
ACETOPHENAZINE (BRD:BRD-K42938903-332-01-1),ACETOPHENAZINE,14,14,0.21318681318681318,0.46430282003974443,0.7914660040445836
GW-441756 (BRD:BRD-K41312087-001-02-7),GW-441756,10,10,0.2606060606060606,0.46708905438634024,0.7928869441992983
BENZETHONIUM (BRD:BRD-K72723676-003-17-8),BENZETHONIUM,19,19,-0.17719298245614035,0.4680199619897409,0.7928869441992983
NVP-AEW541 (BRD:BRD-K24696047-001-02-3),NVP-AEW541,17,17,-0.18872549019607845,0.4681922842798525,0.7928869441992983
5-HYDROXYMETHYL-TOLTERODINE (BRD:BRD-K24603946-001-02-1),5-HYDROXYMETHYL-TOLTERODINE,13,13,-0.21978021978021978,0.4706148514721425,0.7928869441992983
PHLORIZIN (BRD:BRD-K24601397-001-01-1),PHLORIZIN,13,13,-0.21978021978021978,0.4706148514721425,0.7928869441992983
BELINOSTAT (BRD:BRD-K17743125-001-08-4),BELINOSTAT,16,16,0.19411764705882353,0.47128972836210753,0.7928869441992983
DICHLORVOS (BRD:BRD-K23779958-001-05-8),DICHLORVOS,21,21,0.16623376623376623,0.471422022315551,0.7928869441992983
MARIMASTAT (BRD:BRD-K21396683-001-04-8),MARIMASTAT,19,19,0.1754385964912281,0.47250784114558503,0.7932023264858395
TEDIZOLID (BRD:BRD-K59436580-001-01-7),TEDIZOLID,16,16,0.19117647058823528,0.47816401281702847,0.8011742377939964
VATALANIB (BRD:BRD-K70163715-300-05-7),VATALANIB,17,17,0.18382352941176472,0.4800344013399135,0.8027848037559537
CHLORQUINALDOL (BRD:BRD-K90374350-001-09-2),CHLORQUINALDOL,13,13,0.21428571428571427,0.4820544547023681,0.804321107938609
GSK 1904529A (BRD:BRD-K04833372-001-06-2),GSK 1904529A,11,11,-0.23636363636363636,0.4840911622253965,0.804321107938609
1-AZAKENPAULLONE (BRD:BRD-K03273112-001-01-8),1-AZAKENPAULLONE,12,12,-0.22377622377622378,0.4844516614553987,0.804321107938609
PENTAGASTRIN (BRD:BRD-K78789465-001-01-6),PENTAGASTRIN,16,16,-0.18823529411764706,0.4850866091454684,0.804321107938609
TRICHOSTATIN-A (BRD:BRD-K68202742-001-16-5),TRICHOSTATIN-A,19,19,0.1701754385964912,0.4860995397874448,0.804321107938609
AEG3482 (BRD:BRD-K77634909-001-03-5),AEG3482,10,10,-0.24848484848484845,0.4887763045192432,0.804321107938609
AS-703026 (BRD:BRD-K89014967-001-04-3),AS-703026,10,10,0.24848484848484845,0.4887763045192432,0.804321107938609
EPLERENONE (BRD:BRD-K19761926-001-03-6),EPLERENONE,18,18,0.17440660474716205,0.4888387099593369,0.804321107938609
NOCODAZOLE (BRD:BRD-K12539581-001-23-7),NOCODAZOLE,21,21,0.15974025974025974,0.4891511154734236,0.804321107938609
MERIMEPODIB (BRD:BRD-K09372874-001-01-0),MERIMEPODIB,15,15,-0.1928571428571428,0.4910487016052232,0.8059405269840373
KD025 (BRD:BRD-K88506063-001-01-8),KD025,16,16,-0.18529411764705883,0.492057050205944,0.8060971713021308
ZALEPLON (BRD:BRD-K92657060-001-05-7),ZALEPLON,13,13,0.2087912087912088,0.493621819356885,0.807040166382094
PANOBINOSTAT (BRD:BRD-K02130563-001-11-4),PANOBINOSTAT,20,20,-0.1609022556390977,0.4979744144247944,0.807040166382094
PD 0325901 (BRD:BRD-K49865102-001-08-4),PD 0325901,20,20,0.1609022556390977,0.4979744144247944,0.807040166382094
TACEDINALINE (BRD:BRD-K52313696-001-12-3),TACEDINALINE,17,17,0.17647058823529413,0.49806765732373415,0.807040166382094
ETOPOSIDE (BRD:BRD-K37798499-001-27-2),ETOPOSIDE,16,16,0.18235294117647058,0.4990748572458002,0.807040166382094
"MNS-(3,4-METHYLENEDIOXY-NITROSTYRENE) (BRD:BRD-K42205652-001-02-7)","MNS-(3,4-METHYLENEDIOXY-NITROSTYRENE)",16,16,0.18235294117647058,0.4990748572458002,0.807040166382094
PI3K-IN-2 (BRD:BRD-K62374002-001-01-5),PI3K-IN-2,22,22,-0.1518915866741954,0.4998153235435795,0.807040166382094
PKI-179 (BRD:BRD-A28467416-002-01-0),PKI-179,21,21,-0.15584415584415584,0.49994447453114993,0.807040166382094
PR-619 (BRD:BRD-K54395039-001-01-7),PR-619,21,21,0.15454545454545454,0.5035678584762259,0.8112598370610681
HA14-1 (BRD:BRD-K18163608-001-05-6),HA14-1,19,19,0.16315789473684209,0.5045157208887769,0.8112598370610681
SB-218078 (BRD:BRD-A06352508-001-03-7),SB-218078,13,13,0.20329670329670327,0.5053147342962485,0.8112598370610681
RS-504393 (BRD:BRD-K87510569-001-02-8),RS-504393,12,12,-0.20979020979020982,0.512840943181826,0.8207631080131814
AZD 2171 (BRD:BRD-K86930074-001-05-0),AZD 2171,16,16,0.1764705882352941,0.5132505967364671,0.8207631080131814
DIHYDROMYRICETIN (BRD:BRD-K01614093-001-02-6),DIHYDROMYRICETIN,15,15,0.18214285714285713,0.5158816817070393,0.8207631080131814
OMEPRAZOLE (BRD:BRD-A55962179-001-22-1),OMEPRAZOLE,15,15,0.18214285714285713,0.5158816817070393,0.8207631080131814
TALTOBULIN (BRD:BRD-K87512222-019-01-7),TALTOBULIN,15,15,0.18214285714285713,0.5158816817070393,0.8207631080131814
ERCALCITRIOL (BRD:BRD-K84163249-001-01-9),ERCALCITRIOL,13,13,-0.19780219780219782,0.5171309114848299,0.821270854030764
NIMORAZOLE (BRD:BRD-K79145628-001-05-5),NIMORAZOLE,11,11,0.21818181818181823,0.5192482475549817,0.8231529669498184
EFONIDIPINE-MONOETHANOLATE (BRD:BRD-M92675308-003-07-1),EFONIDIPINE-MONOETHANOLATE,14,14,-0.18681318681318684,0.5225040123791592,0.8235977272609553
RESMINOSTAT (BRD:BRD-K28822270-001-03-7),RESMINOSTAT,17,17,-0.16666666666666669,0.5226031535880373,0.8235977272609553
SULCONAZOLE (BRD:BRD-A70649075-008-30-8),SULCONAZOLE,22,22,0.14398644833427443,0.5226413445457572,0.8235977272609553
CYTOCHALASIN-B (BRD:BRD-K47000838-001-01-6),CYTOCHALASIN-B,19,19,0.15614035087719297,0.5232597112042989,0.8235977272609553
CALCITRIOL (BRD:BRD-K27316855-001-13-3),CALCITRIOL,16,16,0.17058823529411765,0.5276097688612683,0.8289669500080069
PARTHENOLIDE-(-) (BRD:BRD-K34851558-001-02-3),PARTHENOLIDE-(-),19,19,0.15263157894736842,0.5327517272519823,0.8321425717379879
AZD3463 (BRD:BRD-K24593301-001-02-3),AZD3463,21,21,0.14415584415584418,0.5330058743165694,0.8321425717379879
PARDOPRUNOX (BRD:BRD-K11851476-003-01-7),PARDOPRUNOX,21,21,0.14415584415584418,0.5330058743165694,0.8321425717379879
CHLORPROPAMIDE (BRD:BRD-K97746869-001-27-0),CHLORPROPAMIDE,10,10,0.22424242424242422,0.5334005612725947,0.8321425717379879
BI-78D3 (BRD:BRD-K73982490-001-02-9),BI-78D3,21,21,0.14285714285714285,0.5367409296165598,0.8343473658608532
SB-431542 (BRD:BRD-K67298865-001-09-0),SB-431542,21,21,-0.14285714285714285,0.5367409296165598,0.8343473658608532
MGCD-265 (BRD:BRD-K56277358-001-07-5),MGCD-265,17,17,-0.1593137254901961,0.5413616326261632,0.8343473658608532
CABOZANTINIB (BRD:BRD-K51544265-001-04-2),CABOZANTINIB,12,12,-0.1958041958041958,0.5419358857313173,0.8343473658608532
ARCTIGENIN (BRD:BRD-K53523901-001-04-4),ARCTIGENIN,16,16,-0.1647058823529412,0.542148135201078,0.8343473658608532
GOLVATINIB (BRD:BRD-K69001009-001-02-8),GOLVATINIB,16,16,0.1647058823529412,0.542148135201078,0.8343473658608532
CHLOROXINE (BRD:BRD-K17075857-001-18-4),CHLOROXINE,20,20,0.14436090225563908,0.543700799199015,0.8343473658608532
DRONEDARONE (BRD:BRD-K05524748-003-04-4),DRONEDARONE,19,19,-0.14736842105263157,0.5471363428592276,0.8343473658608532
KU-0063794 (BRD:BRD-K67566344-001-07-5),KU-0063794,20,20,-0.14285714285714285,0.5479501508336089,0.8343473658608532
AZALOMYCIN-B (BRD:BRD-K96104201-001-01-5),AZALOMYCIN-B,22,22,0.13495200451722192,0.549318075362681,0.8343473658608532
SODIUM-STIBOGLUCONATE (BRD:BRD-A60786380-412-01-5),SODIUM-STIBOGLUCONATE,15,15,0.16785714285714282,0.5498555542278021,0.8343473658608532
NVP-TAE226 (BRD:BRD-K21025364-001-05-6),NVP-TAE226,21,21,0.13766233766233765,0.551800840604731,0.8343473658608532
SGI-1027 (BRD:BRD-K61228301-001-01-2),SGI-1027,21,21,0.13766233766233765,0.551800840604731,0.8343473658608532
FEDRATINIB (BRD:BRD-K12502280-001-08-0),FEDRATINIB,19,19,0.1456140350877193,0.5519696732095334,0.8343473658608532
TRIFLURIDINE (BRD:BRD-K03243820-001-23-8),TRIFLURIDINE,19,19,0.1456140350877193,0.5519696732095334,0.8343473658608532
WYE-125132 (BRD:BRD-A45498368-001-07-1),WYE-125132,19,19,-0.1456140350877193,0.5519696732095334,0.8343473658608532
"CP-945,598 (BRD:BRD-K09090949-001-01-9)","CP-945,598",20,20,0.1413533834586466,0.552214438632242,0.8343473658608532
ANAGRELIDE (BRD:BRD-K62200014-003-10-5),ANAGRELIDE,14,14,0.17362637362637365,0.5527669411422413,0.8343473658608532
BAFETINIB (BRD:BRD-A75975749-001-01-4),BAFETINIB,14,14,0.17362637362637365,0.5527669411422413,0.8343473658608532
ETOPOSIDE-PHOSPHATE (BRD:BRD-K72533376-001-01-2),ETOPOSIDE-PHOSPHATE,11,11,-0.20000000000000004,0.5554454421055853,0.8346329721632294
LOVASTATIN (BRD:BRD-K09416995-001-39-9),LOVASTATIN,10,10,0.2121212121212121,0.5563057751029299,0.8346329721632294
GSK-3-INHIBITOR-IX (BRD:BRD-K04923131-001-15-4),GSK-3-INHIBITOR-IX,12,12,-0.18881118881118883,0.5567370561768314,0.8346329721632294
METHOTREXATE (BRD:BRD-A55424491-001-19-9),METHOTREXATE,12,12,0.18881118881118883,0.5567370561768314,0.8346329721632294
HYPOESTOXIDE (BRD:BRD-A51571244-001-01-9),HYPOESTOXIDE,19,19,-0.14210526315789473,0.5616930467377018,0.8379312384400485
PP-121 (BRD:BRD-K81801188-001-02-8),PP-121,22,22,0.13043478260869568,0.5628843446021313,0.8379312384400485
CARIPORIDE (BRD:BRD-K21670884-001-01-9),CARIPORIDE,14,14,0.16923076923076924,0.5630172739962107,0.8379312384400485
TG-100572 (BRD:BRD-K18424115-003-01-3),TG-100572,21,21,-0.13376623376623376,0.5632192812726847,0.8379312384400485
AZITHROMYCIN (BRD:BRD-K74501079-001-18-1),AZITHROMYCIN,16,16,0.15588235294117647,0.5642819694728023,0.8379312384400485
ARCYRIAFLAVIN-A (BRD:BRD-K72726508-001-02-1),ARCYRIAFLAVIN-A,13,13,0.1758241758241758,0.5655798619595344,0.8379312384400485
SARAFLOXACIN (BRD:BRD-K08525451-003-05-2),SARAFLOXACIN,13,13,0.1758241758241758,0.5655798619595344,0.8379312384400485
ONCRASIN-1 (BRD:BRD-K43449605-001-01-0),ONCRASIN-1,15,15,-0.1607142857142857,0.5671967045803448,0.8389190789689187
INDIBULIN (BRD:BRD-K74057757-001-01-9),INDIBULIN,20,20,0.13533834586466165,0.5694186911507699,0.8395769081701513
THIOMERSAL (BRD:BRD-K61443650-236-13-1),THIOMERSAL,22,22,-0.12817617165443254,0.569722895073283,0.8395769081701513
LE-135 (BRD:BRD-K06593056-001-04-8),LE-135,19,19,0.13859649122807016,0.5714909256572165,0.8395769081701513
GDC-0980 (BRD:BRD-K23228615-001-02-8),GDC-0980,17,17,-0.14705882352941177,0.5732772908660001,0.8395769081701513
BMS-626529 (BRD:BRD-K97883416-001-01-4),BMS-626529,14,14,0.16483516483516483,0.5733464050131384,0.8395769081701513
SCH-900776 (BRD:BRD-K75009076-001-02-1),SCH-900776,14,14,0.16483516483516483,0.5733464050131384,0.8395769081701513
BECLOMETHASONE-DIPROPIONATE (BRD:BRD-K97810537-001-13-6),BECLOMETHASONE-DIPROPIONATE,15,15,0.15714285714285714,0.5759526006037947,0.841731368421053
CCT137690 (BRD:BRD-K03289018-001-02-7),CCT137690,20,20,0.13233082706766916,0.5781074593622942,0.841731368421053
KF-38789 (BRD:BRD-A54927599-001-16-9),KF-38789,20,20,0.13233082706766916,0.5781074593622942,0.841731368421053
ETHACRIDINE-LACTATE-MONOHYDRATE (BRD:BRD-K24715592-406-02-1),ETHACRIDINE-LACTATE-MONOHYDRATE,16,16,0.15,0.5792486306642535,0.841731368421053
GGTI-298 (BRD:BRD-K19669037-001-01-1),GGTI-298,10,10,0.19999999999999998,0.5795840000000002,0.841731368421053
SRT1720 (BRD:BRD-K95926480-003-03-6),SRT1720,19,19,0.13508771929824562,0.5813619464266702,0.8429270914527911
RN-1734 (BRD:BRD-K95581532-001-01-5),RN-1734,20,20,-0.12932330827067667,0.586852724489982,0.8494933700404166
ROCILETINIB (BRD:BRD-K33610132-001-02-9),ROCILETINIB,13,13,-0.16483516483516483,0.590478988652005,0.853343612078102
CGP-52411 (BRD:BRD-K13087974-001-02-5),CGP-52411,18,18,0.13519091847265222,0.5927498112228585,0.8544481574931787
CURCUMIN (BRD:BRD-K07572174-001-39-4),CURCUMIN,22,22,-0.1202710333145116,0.5939407703391391,0.8544481574931787
BIX-02188 (BRD:BRD-K20290250-001-02-1),BIX-02188,20,20,0.1263157894736842,0.5956535128148984,0.8544481574931787
BAY 869766 (BRD:BRD-K85751432-001-03-3),BAY 869766,18,18,0.1331269349845201,0.5984607651208831,0.8544481574931787
LY2606368 (BRD:BRD-K20463415-300-01-4),LY2606368,17,17,0.13725490196078433,0.5993690521648235,0.8544481574931787
MECLIZINE (BRD:BRD-A50311610-300-10-4),MECLIZINE,16,16,0.1411764705882353,0.6020026838819792,0.8544481574931787
NVP-TAE 684 (BRD:BRD-K50140147-001-10-1),NVP-TAE 684,16,16,0.1411764705882353,0.6020026838819792,0.8544481574931787
RUXOLITINIB (BRD:BRD-K53972329-001-07-0),RUXOLITINIB,16,16,0.1411764705882353,0.6020026838819792,0.8544481574931787
SB-239063 (BRD:BRD-K82091397-001-03-0),SB-239063,16,16,0.1411764705882353,0.6020026838819792,0.8544481574931787
DACARBAZINE (BRD:BRD-K35520305-001-16-9),DACARBAZINE,12,12,-0.16783216783216784,0.6020994277865379,0.8544481574931787
BOSENTAN (BRD:BRD-K74763371-002-04-0),BOSENTAN,10,10,-0.18787878787878787,0.6032176100292089,0.8544481574931787
ADEFOVIR-DIPIVOXIL (BRD:BRD-K96159438-001-06-3),ADEFOVIR-DIPIVOXIL,18,18,-0.13106295149638802,0.6041941281040611,0.8544481574931787
TENIPOSIDE (BRD:BRD-A35588707-001-05-5),TENIPOSIDE,18,18,0.13106295149638802,0.6041941281040611,0.8544481574931787
OXPRENOLOL (BRD:BRD-A43671941-003-11-9),OXPRENOLOL,14,14,0.15164835164835166,0.6047905984521367,0.8544481574931787
SAR245409 (BRD:BRD-K56291712-001-01-0),SAR245409,16,16,-0.13823529411764704,0.6096659407501827,0.8589880702511523
PFK-015 (BRD:BRD-K95573441-001-01-2),PFK-015,18,18,0.12899896800825592,0.6099496263278285,0.8589880702511523
"2,3-DCPE (BRD:BRD-K61734568-003-02-1)","2,3-DCPE",11,11,0.17272727272727276,0.6115423848512369,0.8598597544962456
GSK 650394 (BRD:BRD-K14991967-001-02-6),GSK 650394,17,17,0.13235294117647062,0.6125925983674195,0.8599670339561709
BIBR-1532 (BRD:BRD-K04623885-001-07-5),BIBR-1532,18,18,0.12693498452012383,0.6157269826949076,0.8612967147208607
COLCHICINE (BRD:BRD-K00259736-001-16-4),COLCHICINE,19,19,0.12280701754385966,0.6164660517594382,0.8612967147208607
FLUBENDAZOLE (BRD:BRD-K86003836-001-10-5),FLUBENDAZOLE,19,19,0.12280701754385966,0.6164660517594382,0.8612967147208607
IVERMECTIN (BRD:BRD-K85554912-001-06-3),IVERMECTIN,20,20,-0.11879699248120301,0.6178918280262936,0.8619249354616386
CRIZOTINIB (BRD:BRD-K78431006-001-15-1),CRIZOTINIB,15,15,-0.13928571428571426,0.6205460876279013,0.8642621378161465
BERBERINE (BRD:BRD-K14796088-003-26-8),BERBERINE,19,19,0.12105263157894736,0.6215490254755144,0.8642957314879988
VIDARABINE (BRD:BRD-K72093121-001-16-3),VIDARABINE,16,16,-0.1323529411764706,0.6251064291516133,0.8678757499070354
TOFOGLIFLOZIN (BRD:BRD-K96344439-002-02-7),TOFOGLIFLOZIN,10,10,-0.17575757575757575,0.6271883447764846,0.8680420365534922
NAPABUCASIN (BRD:BRD-K22064724-001-01-8),NAPABUCASIN,22,22,-0.10897797854319595,0.6292681723906856,0.8680420365534922
AM-580 (BRD:BRD-K06854232-001-19-9),AM-580,15,15,-0.1357142857142857,0.6296204418728145,0.8680420365534922
NAVITOCLAX (BRD:BRD-K82746043-001-19-3),NAVITOCLAX,15,15,0.1357142857142857,0.6296204418728145,0.8680420365534922
VORINOSTAT (BRD:BRD-K81418486-001-44-2),VORINOSTAT,19,19,0.11754385964912278,0.631764158507994,0.8680420365534922
BRIGATINIB (BRD:BRD-K56981171-001-02-8),BRIGATINIB,16,16,-0.12941176470588234,0.6328823324682601,0.8680420365534922
AG-13736 (BRD:BRD-K29905972-001-06-3),AG-13736,12,12,-0.15384615384615385,0.6330906812462617,0.8680420365534922
SKI-II (BRD:BRD-K20755323-001-05-9),SKI-II,12,12,-0.15384615384615385,0.6330906812462617,0.8680420365534922
BREFELDIN-A (BRD:BRD-K77841042-001-14-1),BREFELDIN-A,22,22,-0.10671936758893281,0.6364319056668153,0.8712703452772061
DEFACTINIB (BRD:BRD-K43578482-001-01-4),DEFACTINIB,15,15,-0.13214285714285715,0.6387442188840664,0.8725981673429464
AMFENAC (BRD:BRD-K82122102-323-01-1),AMFENAC,17,17,-0.12254901960784316,0.639378272107459,0.8725981673429464
CRYSTAL-VIOLET (BRD:BRD-K60025295-003-06-6),CRYSTAL-VIOLET,22,22,0.1044607566346697,0.6436271470407505,0.8770413130200351
ALFACALCIDOL (BRD:BRD-K49522529-001-02-9),ALFACALCIDOL,14,14,-0.13406593406593406,0.6477195279851133,0.8799020664782387
MIBAMPATOR (BRD:BRD-K42981054-001-01-9),MIBAMPATOR,14,14,-0.13406593406593406,0.6477195279851133,0.8799020664782387
DEQUALINIUM (BRD:BRD-K77685957-300-09-1),DEQUALINIUM,18,18,-0.11455108359133126,0.6508342238705321,0.882292168234789
SC-144 (BRD:BRD-K55305701-001-01-2),SC-144,10,10,0.16363636363636364,0.6514773427962428,0.882292168234789
AZD2461 (BRD:BRD-K85014146-001-02-5),AZD2461,13,13,0.13736263736263735,0.6545168402947127,0.8849203763710071
AM-251 (BRD:BRD-K92000912-001-12-6),AM-251,16,16,0.12058823529411765,0.6564245147485953,0.8849203763710071
R406 (BRD:BRD-K20285085-074-04-5),R406,16,16,-0.12058823529411765,0.6564245147485953,0.8849203763710071
TIPIRACIL (BRD:BRD-K11973162-003-01-8),TIPIRACIL,21,21,-0.10259740259740259,0.6580970577075416,0.8858227163959744
BAY-11-7082 (BRD:BRD-K15025317-001-15-1),BAY-11-7082,21,21,0.1012987012987013,0.6621759840226068,0.8886039420850483
CYCLOVALONE (BRD:BRD-K59866480-001-07-3),CYCLOVALONE,21,21,0.1012987012987013,0.6621759840226068,0.8886039420850483
CNX-2006 (BRD:BRD-K24869513-001-02-1),CNX-2006,11,11,-0.14545454545454548,0.6695786456420787,0.8944648353238998
TWS-119 (BRD:BRD-K94176593-001-09-4),TWS-119,11,11,-0.14545454545454548,0.6695786456420787,0.8944648353238998
DOXIFLURIDINE (BRD:BRD-K58262659-001-09-7),DOXIFLURIDINE,14,14,0.1252747252747253,0.6695823965448445,0.8944648353238998
DARAPLADIB (BRD:BRD-K19085898-001-01-8),DARAPLADIB,17,17,0.11029411764705883,0.6734589975422938,0.8982844332777121
PAZOPANIB (BRD:BRD-K74514084-003-09-2),PAZOPANIB,18,18,-0.10629514963880288,0.6746395315456968,0.898501819539744
PENFLURIDOL (BRD:BRD-K15409150-001-05-8),PENFLURIDOL,21,21,-0.0961038961038961,0.6785829571667291,0.9012497368630407
ATIPRIMOD (BRD:BRD-K38527262-300-01-0),ATIPRIMOD,16,16,0.11176470588235293,0.6802736949858407,0.9012497368630407
IDOXURIDINE (BRD:BRD-K76634210-001-14-7),IDOXURIDINE,12,12,-0.1328671328671329,0.6805975082860817,0.9012497368630407
MAXACALCITOL (BRD:BRD-K81332461-001-01-4),MAXACALCITOL,13,13,-0.12637362637362637,0.6807854750709491,0.9012497368630407
LENALIDOMIDE (BRD:BRD-A17883755-001-06-1),LENALIDOMIDE,19,19,0.1,0.6837719442525738,0.9038482436751837
JNJ-26481585 (BRD:BRD-K83837640-001-04-8),JNJ-26481585,20,20,0.09624060150375939,0.6864870716570239,0.9051933284086526
PI 103 (BRD:BRD-K67868012-001-07-6),PI 103,21,21,0.0935064935064935,0.6868397848627376,0.9051933284086526
NAVARIXIN (BRD:BRD-K82850175-001-01-1),NAVARIXIN,16,16,-0.10882352941176471,0.6882882939574141,0.9057504673090858
SB-525334 (BRD:BRD-K37720887-001-07-8),SB-525334,13,13,-0.12087912087912088,0.6940473279966857,0.9086723568633107
TIDEGLUSIB (BRD:BRD-K81330143-001-04-8),TIDEGLUSIB,15,15,0.11071428571428568,0.6944626472070964,0.9086723568633107
BRIVARACETAM (BRD:BRD-K00634421-001-01-0),BRIVARACETAM,21,21,0.09090909090909091,0.6951310760397714,0.9086723568633107
CEP-37440 (BRD:BRD-K72827473-001-01-0),CEP-37440,20,20,-0.09323308270676692,0.6958288642370746,0.9086723568633107
LOMEFLOXACIN (BRD:BRD-A75850590-213-01-0),LOMEFLOXACIN,16,16,-0.10588235294117648,0.6963341050381158,0.9086723568633107
PARICALCITOL (BRD:BRD-K60585088-001-01-5),PARICALCITOL,12,12,-0.1258741258741259,0.696683109395766,0.9086723568633107
BROXALDINE (BRD:BRD-K36222532-001-01-8),BROXALDINE,19,19,0.09473684210526316,0.6996571784752554,0.9098634589008109
PHA-848125 (BRD:BRD-K60997853-001-02-3),PHA-848125,19,19,0.09473684210526316,0.6996571784752554,0.9098634589008109
TU-2100 (BRD:BRD-K44590731-001-01-7),TU-2100,10,10,0.13939393939393938,0.7009318849100584,0.9101806681993847
CPP (BRD:BRD-K66094457-001-01-5),CPP,14,14,-0.11208791208791209,0.7028331631967695,0.9113093731317877
SERTINDOLE (BRD:BRD-K69116396-001-04-1),SERTINDOLE,16,16,0.10294117647058824,0.7044103818167708,0.912015201091215
P276-00 (BRD:BRD-K51791723-003-01-7),P276-00,20,20,0.08872180451127819,0.7099206278927328,0.9177426551750772
CYC116 (BRD:BRD-K64866502-001-03-9),CYC116,12,12,-0.1188811188811189,0.712884219214772,0.9177426551750772
MOCETINOSTAT (BRD:BRD-K16485616-001-08-9),MOCETINOSTAT,12,12,0.1188811188811189,0.712884219214772,0.9177426551750772
INDOPROFEN (BRD:BRD-A44090213-001-25-6),INDOPROFEN,15,15,0.10357142857142855,0.7133796306287293,0.9177426551750772
DEFLAZACORT (BRD:BRD-K96006502-001-02-6),DEFLAZACORT,14,14,0.1076923076923077,0.7140308087262492,0.9177426551750772
SB-216641 (BRD:BRD-K30867024-003-03-3),SB-216641,18,18,0.09184726522187822,0.7170028416617739,0.9197616372409537
TYRPHOSTIN-A9 (BRD:BRD-K40255344-001-17-6),TYRPHOSTIN-A9,21,21,0.08311688311688312,0.7202033241160488,0.9197616372409537
VU0238429 (BRD:BRD-K24187789-001-01-7),VU0238429,21,21,-0.08311688311688312,0.7202033241160488,0.9197616372409537
TERIFLUNOMIDE (BRD:BRD-A42699921-001-03-6),TERIFLUNOMIDE,16,16,0.09705882352941177,0.7206513082372035,0.9197616372409537
IODIPAMIDE (BRD:BRD-K67261995-001-11-7),IODIPAMIDE,13,13,0.10989010989010989,0.7208097995138618,0.9197616372409537
KIN001-167 (BRD:BRD-K63068307-001-08-9),KIN001-167,17,17,0.09313725490196079,0.7221860910253712,0.9201880496037558
GSK2656157 (BRD:BRD-K41104902-001-01-3),GSK2656157,14,14,0.1032967032967033,0.725282211088945,0.9212238582232287
DIGOXIGENIN (BRD:BRD-K18619710-001-14-4),DIGOXIGENIN,19,19,-0.08596491228070174,0.7263970439793996,0.9212238582232287
TAK-285 (BRD:BRD-K80343549-001-02-6),TAK-285,19,19,0.08596491228070174,0.7263970439793996,0.9212238582232287
ISOFLOXYTHEPIN (BRD:BRD-A07704283-001-01-3),ISOFLOXYTHEPIN,16,16,-0.09411764705882353,0.7288144270239807,0.9212238582232287
ARRY-886 (BRD:BRD-K57080016-001-15-9),ARRY-886,12,12,0.11188811188811189,0.729194990751066,0.9212238582232287
KD-023 (BRD:BRD-K71164191-001-01-0),KD-023,18,18,0.08771929824561403,0.7292587507339037,0.9212238582232287
TYRPHOSTIN-AG-99 (BRD:BRD-K60184833-001-05-6),TYRPHOSTIN-AG-99,20,20,0.08120300751879699,0.733607630478017,0.9231732340606531
SU3327 (BRD:BRD-K32730239-001-01-0),SU3327,22,22,0.07622811970638058,0.7359946162262682,0.9231732340606531
BMS-345541 (BRD:BRD-K13566078-001-02-3),BMS-345541,17,17,0.08823529411764706,0.7363051515421217,0.9231732340606531
EVACETRAPIB (BRD:BRD-K16551357-001-03-2),EVACETRAPIB,17,17,0.08823529411764706,0.7363051515421217,0.9231732340606531
HOMOHARRINGTONINE (BRD:BRD-K76674262-001-03-3),HOMOHARRINGTONINE,14,14,0.0989010989010989,0.7365853699253173,0.9231732340606531
GDC-0349 (BRD:BRD-K43187018-001-03-3),GDC-0349,21,21,-0.07792207792207792,0.7370748924266822,0.9231732340606531
DEFOROLIMUS (BRD:BRD-K62304154-001-04-2),DEFOROLIMUS,21,21,-0.07532467532467534,0.7455550758529895,0.9308243185298914
CROMAKALIM (BRD:BRD-M89827113-001-01-5),CROMAKALIM,12,12,-0.10489510489510491,0.7456094809807079,0.9308243185298914
CGS-20625 (BRD:BRD-K68103045-001-02-9),CGS-20625,13,13,-0.09890109890109891,0.7478683035983906,0.9308243185298914
CEP-33779 (BRD:BRD-K37237504-001-02-7),CEP-33779,11,11,0.10909090909090911,0.7495085962341481,0.9308243185298914
ECAMSULE-TRIETHANOLAMINE (BRD:BRD-A47953250-001-01-7),ECAMSULE-TRIETHANOLAMINE,11,11,0.10909090909090911,0.7495085962341481,0.9308243185298914
K-RAS(G12C)-INHIBITOR-6 (BRD:BRD-K26305185-001-02-1),K-RAS(G12C)-INHIBITOR-6,11,11,0.10909090909090911,0.7495085962341481,0.9308243185298914
NSC-23766 (BRD:BRD-A80213327-305-08-3),NSC-23766,10,10,0.11515151515151514,0.7514196523258485,0.9308931736610022
GX15-070 (BRD:BRD-K15600710-066-05-8),GX15-070,15,15,-0.08928571428571427,0.751672517350277,0.9308931736610022
CID-5458317 (BRD:BRD-A08840375-001-01-3),CID-5458317,21,21,0.07272727272727272,0.7540636728389067,0.9325465309758468
PD-407824 (BRD:BRD-K82823804-001-04-1),PD-407824,20,20,0.07368421052631578,0.7575286998643431,0.9338387100159996
SDZ-WAG-994 (BRD:BRD-K39558284-001-01-2),SDZ-WAG-994,17,17,0.08088235294117649,0.7576329086921563,0.9338387100159996
TG-100713 (BRD:BRD-K46392623-001-02-5),TG-100713,19,19,-0.07543859649122807,0.7588868686262759,0.9338387100159996
TASISULAM (BRD:BRD-K42495768-001-01-7),TASISULAM,14,14,0.09010989010989012,0.7593388378159543,0.9338387100159996
GDC-0152 (BRD:BRD-K68938568-001-01-7),GDC-0152,16,16,0.0823529411764706,0.7617330787524739,0.9346575308954613
ASPIRIN (BRD:BRD-K11433652-001-17-0),ASPIRIN,12,12,0.0979020979020979,0.7621216559962992,0.9346575308954613
THIRAM (BRD:BRD-K29254801-001-14-7),THIRAM,19,19,-0.07368421052631578,0.7643412715216654,0.9360795322519148
LAPPACONITE (BRD:BRD-A05906449-004-01-1),LAPPACONITE,20,20,-0.0706766917293233,0.7671582206450904,0.9382281285728737
DESONIDE (BRD:BRD-K21528677-001-02-8),DESONIDE,11,11,0.10000000000000002,0.7698749998921367,0.9382723639905493
R306465 (BRD:BRD-K86687746-001-01-3),R306465,15,15,0.08214285714285713,0.7710285652881773,0.9382723639905493
TIOTIDINE (BRD:BRD-K15071410-001-01-1),TIOTIDINE,15,15,0.08214285714285713,0.7710285652881773,0.9382723639905493
FLUTICASONE-PROPIONATE (BRD:BRD-K62310379-001-10-5),FLUTICASONE-PROPIONATE,17,17,-0.07598039215686275,0.7719448512425435,0.9382723639905493
TAS-103 (BRD:BRD-K09426783-300-01-0),TAS-103,19,19,-0.07017543859649124,0.7752817747006227,0.9382723639905493
RAF265 (BRD:BRD-K93123848-001-04-1),RAF265,16,16,-0.07647058823529412,0.778340980960703,0.9382723639905493
VU0364770 (BRD:BRD-K66527818-001-02-6),VU0364770,16,16,0.07647058823529412,0.778340980960703,0.9382723639905493
APATINIB (BRD:BRD-K25244359-066-03-4),APATINIB,12,12,-0.09090909090909093,0.7787253962454419,0.9382723639905493
FLI-06 (BRD:BRD-A44500574-001-01-8),FLI-06,12,12,0.09090909090909093,0.7787253962454419,0.9382723639905493
WZ-4002 (BRD:BRD-K72420232-001-12-3),WZ-4002,12,12,0.09090909090909093,0.7787253962454419,0.9382723639905493
FDCYD (BRD:BRD-K18157228-001-01-7),FDCYD,18,18,0.07120743034055728,0.7788829476841139,0.9382723639905493
NH125 (BRD:BRD-K31086665-005-04-6),NH125,22,22,0.06267645398080182,0.7817104249303759,0.9402289225394803
DPI-201106 (BRD:BRD-A64553394-001-04-4),DPI-201106,18,18,0.06914344685242517,0.785147870866694,0.9402289225394803
ENMD-2076 (BRD:BRD-K68488863-001-04-9),ENMD-2076,18,18,0.06914344685242517,0.785147870866694,0.9402289225394803
BIIB021 (BRD:BRD-K51967704-001-03-6),BIIB021,16,16,-0.07352941176470588,0.7866792491258566,0.9402289225394803
EVEROLIMUS (BRD:BRD-K13514097-001-04-6),EVEROLIMUS,11,11,0.09090909090909091,0.7903727377532903,0.9402289225394803
YO-01027 (BRD:BRD-K04622161-001-02-3),YO-01027,11,11,0.09090909090909091,0.7903727377532903,0.9402289225394803
MK-8245 (BRD:BRD-K29656036-001-02-5),MK-8245,15,15,0.075,0.7905107941552679,0.9402289225394803
D-7193 (BRD:BRD-K32372024-001-01-0),D-7193,17,17,-0.06862745098039216,0.7935424429160596,0.9402289225394803
TROVAFLOXACIN (BRD:BRD-K00494077-066-01-9),TROVAFLOXACIN,14,14,0.07692307692307693,0.7938058883554534,0.9402289225394803
U-0126 (BRD:BRD-K91701654-001-03-1),U-0126,14,14,-0.07692307692307693,0.7938058883554534,0.9402289225394803
2-METHOXYESTRADIOL (BRD:BRD-K44408410-001-17-6),2-METHOXYESTRADIOL,16,16,0.07058823529411765,0.7950393023376281,0.9402289225394803
EPINEPHRINE (BRD:BRD-K63126190-003-01-6),EPINEPHRINE,16,16,0.07058823529411765,0.7950393023376281,0.9402289225394803
BIBX-1382 (BRD:BRD-K70914287-300-02-8),BIBX-1382,12,12,-0.08391608391608392,0.7954145018538978,0.9402289225394803
GINKGOLIDE-A (BRD:BRD-A95121829-001-08-9),GINKGOLIDE-A,12,12,-0.08391608391608392,0.7954145018538978,0.9402289225394803
LATREPIRDINE (BRD:BRD-K55703048-001-07-7),LATREPIRDINE,10,10,-0.09090909090909088,0.8027717312071619,0.9463917739064406
NIACIN (BRD:BRD-K60237333-001-27-1),NIACIN,10,10,-0.09090909090909088,0.8027717312071619,0.9463917739064406
CICLOPIROX (BRD:BRD-K13044802-213-20-7),CICLOPIROX,14,14,0.07252747252747253,0.8053763135410923,0.948196379809046
OPROZOMIB (BRD:BRD-A36331462-001-02-1),OPROZOMIB,15,15,-0.06785714285714285,0.8101088187105132,0.948620796770868
PETCM (BRD:BRD-A93477898-001-04-2),PETCM,15,15,-0.06785714285714285,0.8101088187105132,0.948620796770868
CHLOROGENIC-ACID (BRD:BRD-K47114202-001-14-6),CHLOROGENIC-ACID,11,11,-0.08181818181818183,0.8109903943000459,0.948620796770868
LY2603618 (BRD:BRD-K14109347-001-03-4),LY2603618,11,11,-0.08181818181818183,0.8109903943000459,0.948620796770868
PD-198306 (BRD:BRD-K88677950-001-03-9),PD-198306,16,16,0.06470588235294117,0.8118214513105935,0.948620796770868
DASATINIB (BRD:BRD-K49328571-001-15-0),DASATINIB,12,12,-0.07692307692307693,0.8121826980280591,0.948620796770868
FLUOROURACIL (BRD:BRD-K24844714-001-24-5),FLUOROURACIL,13,13,0.07142857142857142,0.8166280406760861,0.9492062708517403
GTP-14564 (BRD:BRD-K16664969-001-03-3),GTP-14564,13,13,-0.07142857142857142,0.8166280406760861,0.9492062708517403
METHOXYFLURANE (BRD:BRD-K06152156-001-01-8),METHOXYFLURANE,18,18,0.05882352941176471,0.816654203568489,0.9492062708517403
SULFANILAMIDE (BRD:BRD-K02594908-001-16-4),SULFANILAMIDE,14,14,-0.06813186813186813,0.8169838797817922,0.9492062708517403
BAICALIN (BRD:BRD-K49962337-001-02-9),BAICALIN,15,15,0.06428571428571428,0.8199479653196377,0.949244531895759
AMG 706 (BRD:BRD-K99616396-001-05-1),AMG 706,16,16,0.06176470588235294,0.8202418775044894,0.949244531895759
REGORAFENIB (BRD:BRD-K16730910-001-10-7),REGORAFENIB,16,16,-0.06176470588235294,0.8202418775044894,0.949244531895759
FLUOROMETHOLONE (BRD:BRD-A13133631-001-04-0),FLUOROMETHOLONE,17,17,0.058823529411764705,0.8225588681711513,0.9506799484229406
POLYDATIN (BRD:BRD-K43236057-001-07-1),POLYDATIN,19,19,-0.0543859649122807,0.8249897141619514,0.9522430295490236
IKK-2-INHIBITOR-V (BRD:BRD-K74305673-001-06-2),IKK-2-INHIBITOR-V,21,21,0.05064935064935065,0.8274046658865746,0.9528091920805439
MIFEPRISTONE (BRD:BRD-K37270826-001-27-6),MIFEPRISTONE,16,16,0.0588235294117647,0.8286807500332257,0.9528091920805439
UK-383367 (BRD:BRD-K06294530-001-01-5),UK-383367,10,10,-0.07878787878787878,0.8287173946974606,0.9528091920805439
DIGITOXIN (BRD:BRD-A93236127-001-04-5),DIGITOXIN,11,11,-0.07272727272727274,0.831716405381337,0.9537734882489877
ZM-306416 (BRD:BRD-K41337261-001-03-0),ZM-306416,11,11,0.07272727272727274,0.831716405381337,0.9537734882489877
TANSHINONE-I (BRD:BRD-K34073885-001-09-3),TANSHINONE-I,17,17,0.05392156862745098,0.8371514461082936,0.9587609946999005
RADEZOLID (BRD:BRD-K84683831-001-01-0),RADEZOLID,15,15,-0.05714285714285713,0.8396998687415759,0.9601174438217321
AR 42 (BRD:BRD-K13167095-001-02-9),AR 42,21,21,0.04675324675324675,0.8405105142403159,0.9601174438217321
NICLOSAMIDE (BRD:BRD-K35960502-001-20-0),NICLOSAMIDE,20,20,0.04661654135338346,0.8452698052894376,0.9638154883161442
EPRINOMECTIN (BRD:BRD-A91366704-001-01-9),EPRINOMECTIN,12,12,-0.06293706293706294,0.8459309212287789,0.9638154883161442
ALVOCIDIB (BRD:BRD-K87909389-003-03-4),ALVOCIDIB,21,21,-0.044155844155844164,0.8492705803407119,0.9639855930264206
SR-33805 (BRD:BRD-K43002771-034-01-6),SR-33805,15,15,-0.05357142857142857,0.8496099367776072,0.9639855930264206
SB-225002 (BRD:BRD-K61323504-001-04-0),SB-225002,14,14,-0.054945054945054944,0.8520077036323678,0.9639855930264206
ADAPREV (BRD:BRD-A73427433-240-01-3),ADAPREV,19,19,-0.0456140350877193,0.8528960735031589,0.9639855930264206
FR-139317 (BRD:BRD-K19318328-001-01-3),FR-139317,10,10,0.06666666666666665,0.8548130882487427,0.9639855930264206
LEVOCETIRIZINE (BRD:BRD-K27184429-300-01-3),LEVOCETIRIZINE,10,10,-0.06666666666666665,0.8548130882487427,0.9639855930264206
TIPRANAVIR (BRD:BRD-A10039652-001-01-2),TIPRANAVIR,10,10,0.06666666666666665,0.8548130882487427,0.9639855930264206
BIRINAPANT (BRD:BRD-K71221037-001-01-6),BIRINAPANT,18,18,0.04643962848297213,0.8548139516870751,0.9639855930264206
TRICIRIBINE (BRD:BRD-K80431395-001-07-3),TRICIRIBINE,21,21,-0.04155844155844156,0.858047776266044,0.9656166069742551
IRINOTECAN (BRD:BRD-K08547377-001-04-4),IRINOTECAN,13,13,-0.054945054945054944,0.8585042942308734,0.9656166069742551
OSI 930 OSI930 (BRD:BRD-K25340465-001-11-1),OSI 930 OSI930,15,15,0.049999999999999996,0.859540943467457,0.9656166069742551
STF-118804 (BRD:BRD-K39171998-001-01-1),STF-118804,21,21,0.04025974025974026,0.8624424916554133,0.9666466640636846
CNX-774 (BRD:BRD-K48443249-001-01-0),CNX-774,12,12,-0.055944055944055944,0.8628980736949713,0.9666466640636846
FK-3311 (BRD:BRD-K38350380-001-01-8),FK-3311,14,14,0.05054945054945055,0.8637420361792153,0.9666466640636846
DIPHENYLENEIODONIUM (BRD:BRD-K65814004-003-02-9),DIPHENYLENEIODONIUM,19,19,0.04035087719298246,0.8697227104002634,0.9697975468329533
1-NAPHTHYL-PP1 (BRD:BRD-K29542628-001-03-9),1-NAPHTHYL-PP1,16,16,-0.044117647058823525,0.8711220048065985,0.9697975468329533
METARAMINOL (BRD:BRD-K96253961-046-03-1),METARAMINOL,21,21,0.03766233766233767,0.8712435420745898,0.9697975468329533
MYCOPHENOLIC-ACID (BRD:BRD-K63750851-001-20-7),MYCOPHENOLIC-ACID,13,13,-0.049450549450549455,0.8725444288811492,0.9697975468329533
EQUOL (BRD:BRD-K54847683-001-04-0),EQUOL,11,11,-0.05454545454545456,0.8734465775233149,0.9697975468329533
PP-2 (BRD:BRD-K95785537-001-23-1),PP-2,11,11,-0.05454545454545456,0.8734465775233149,0.9697975468329533
NORETYNODREL (BRD:BRD-A00758722-001-04-9),NORETYNODREL,19,19,-0.03859649122807017,0.8753438786249873,0.9697975468329533
RO-4987655 (BRD:BRD-K64538373-001-01-4),RO-4987655,19,19,0.03859649122807017,0.8753438786249873,0.9697975468329533
TRICLABENDAZOLE (BRD:BRD-K81916719-001-13-9),TRICLABENDAZOLE,20,20,-0.03609022556390977,0.8799311955207729,0.9736582025624593
TALMAPIMOD (BRD:BRD-K17555800-003-02-3),TALMAPIMOD,10,10,0.05454545454545454,0.8810361811618526,0.9736607609085305
VANOXERINE (BRD:BRD-K32501161-300-06-2),VANOXERINE,21,21,-0.033766233766233764,0.8844723124673912,0.9746808320652924
BARASERTIB (BRD:BRD-K31928526-001-02-1),BARASERTIB,14,14,0.04175824175824176,0.8872869731890637,0.9746808320652924
OLIGOMYCIN-A (BRD:BRD-A81541225-001-06-8),OLIGOMYCIN-A,16,16,-0.03823529411764706,0.8881976539853075,0.9746808320652924
SU014813 (BRD:BRD-K75911534-001-01-6),SU014813,15,15,-0.039285714285714285,0.8894459296739486,0.9746808320652924
ML133 (BRD:BRD-K33743361-003-02-6),ML133,19,19,-0.03333333333333333,0.8922406862320765,0.9746808320652924
R547 (BRD:BRD-K52233191-001-02-4),R547,19,19,-0.03333333333333333,0.8922406862320765,0.9746808320652924
INOSINE (BRD:BRD-K79612754-001-19-1),INOSINE,18,18,-0.034055727554179564,0.8932828188388959,0.9746808320652924
CD-437 (BRD:BRD-K28907958-001-04-3),CD-437,22,22,-0.02992659514398645,0.8948231841333145,0.9746808320652924
ALVESPIMYCIN (BRD:BRD-K83988098-001-02-0),ALVESPIMYCIN,17,17,-0.03431372549019608,0.8959808104551742,0.9746808320652924
EXEL-2880 (BRD:BRD-K03449891-001-08-6),EXEL-2880,12,12,-0.04195804195804196,0.8969858708195542,0.9746808320652924
VE 821 (BRD:BRD-K26756394-001-02-2),VE 821,12,12,0.04195804195804196,0.8969858708195542,0.9746808320652924
AC-264613 (BRD:BRD-K81548480-001-01-2),AC-264613,14,14,0.03736263736263736,0.8990930969739669,0.9746808320652924
ELTROMBOPAG (BRD:BRD-K40496271-396-01-1),ELTROMBOPAG,14,14,-0.03736263736263736,0.8990930969739669,0.9746808320652924
TEPRENONE (BRD:BRD-K11510141-001-01-8),TEPRENONE,14,14,0.03736263736263736,0.8990930969739669,0.9746808320652924
AZD2858 (BRD:BRD-K85849709-001-01-5),AZD2858,20,20,0.030075187969924807,0.8998365956859304,0.9746808320652924
BIBU-1361 (BRD:BRD-K49294207-300-03-8),BIBU-1361,13,13,0.03846153846153846,0.9007243023389339,0.9746808320652924
PEVONEDISTAT (BRD:BRD-K67844266-003-01-9),PEVONEDISTAT,13,13,0.03846153846153846,0.9007243023389339,0.9746808320652924
DROSPIRENONE (BRD:BRD-K04394237-001-03-7),DROSPIRENONE,16,16,0.032352941176470584,0.9053195187918449,0.9770759160106299
ETP-46464 (BRD:BRD-K24556407-001-02-3),ETP-46464,22,22,-0.026538678712591763,0.9066765277008432,0.9770759160106299
ALECTINIB (BRD:BRD-K11267252-001-05-1),ALECTINIB,10,10,0.04242424242424241,0.9073638178128159,0.9770759160106299
CUDC 101 (BRD:BRD-K41278234-001-03-0),CUDC 101,10,10,-0.04242424242424241,0.9073638178128159,0.9770759160106299
SNX-5422 (BRD:BRD-K73197500-001-02-2),SNX-5422,15,15,-0.03214285714285714,0.9094621170945906,0.9779882166736967
IEM1754 (BRD:BRD-K80060353-303-03-9),IEM1754,12,12,0.034965034965034975,0.9140933424107599,0.9779882166736967
INDIRUBIN (BRD:BRD-K17894950-001-14-3),INDIRUBIN,13,13,0.03296703296703297,0.9148564744875124,0.9779882166736967
MYCOPHENOLATE-MOFETIL (BRD:BRD-K92428153-001-04-4),MYCOPHENOLATE-MOFETIL,13,13,0.03296703296703297,0.9148564744875124,0.9779882166736967
PROFLAVINE-HEMISULFATE (BRD:BRD-K68408467-065-01-8),PROFLAVINE-HEMISULFATE,13,13,0.03296703296703297,0.9148564744875124,0.9779882166736967
TIOGUANINE (BRD:BRD-K75649340-001-13-1),TIOGUANINE,13,13,-0.03296703296703297,0.9148564744875124,0.9779882166736967
AVL-292 (BRD:BRD-K87782578-001-01-4),AVL-292,17,17,-0.02696078431372549,0.9181909009189737,0.9785339457396024
METATINIB (BRD:BRD-K27182532-001-02-3),METATINIB,17,17,0.02696078431372549,0.9181909009189737,0.9785339457396024
VISTUSERTIB (BRD:BRD-K99113996-001-02-0),VISTUSERTIB,15,15,-0.028571428571428564,0.9194899083821858,0.9785339457396024
DIGOXIN (BRD:BRD-A94756469-001-04-7),DIGOXIN,20,20,0.024060150375939848,0.9197997451459456,0.9785339457396024
OSI-420 (BRD:BRD-K73309154-003-02-8),OSI-420,14,14,0.02857142857142857,0.9227613765698747,0.9805033640327309
FOSCARNET (BRD:BRD-K85146014-314-05-4),FOSCARNET,15,15,-0.024999999999999998,0.9295289708192378,0.9826561405588721
CHLORMIDAZOLE (BRD:BRD-K60443845-001-08-6),CHLORMIDAZOLE,20,20,-0.021052631578947364,0.9297994024457079,0.9826561405588721
AUY (BRD:BRD-K41859756-001-06-8),AUY,16,16,-0.023529411764705882,0.931073583667659,0.9826561405588721
EVODIAMINE (BRD:BRD-A68631409-001-05-4),EVODIAMINE,19,19,-0.021052631578947368,0.9318278746837038,0.9826561405588721
CARBOXYAMIDOTRIAZOLE (BRD:BRD-K68408772-001-05-4),CARBOXYAMIDOTRIAZOLE,10,10,-0.0303030303030303,0.9337729580941466,0.9826561405588721
CIMETIDINE (BRD:BRD-K34157611-001-16-0),CIMETIDINE,10,10,0.0303030303030303,0.9337729580941466,0.9826561405588721
EPROBEMIDE (BRD:BRD-K17979676-001-01-2),EPROBEMIDE,10,10,-0.0303030303030303,0.9337729580941466,0.9826561405588721
PILARALISIB (BRD:BRD-K49456274-001-01-9),PILARALISIB,10,10,0.0303030303030303,0.9337729580941466,0.9826561405588721
MITOMYCIN-C (BRD:BRD-A48237631-001-04-8),MITOMYCIN-C,20,20,0.019548872180451125,0.9348031235214638,0.9826561405588721
AZ20 (BRD:BRD-K42436189-001-01-2),AZ20,19,19,0.019298245614035085,0.9374978309415845,0.9843169854000227
CHLORHEXIDINE (BRD:BRD-K52256627-300-06-6),CHLORHEXIDINE,17,17,-0.019607843137254905,0.9404583435037518,0.9862526333893264
BISACODYL (BRD:BRD-K39987650-001-24-1),BISACODYL,13,13,-0.021978021978021976,0.9431862416608071,0.9879400372319012
COBICISTAT (BRD:BRD-K51040301-001-02-1),COBICISTAT,14,14,-0.01978021978021978,0.9464892274080116,0.9893725661698659
GANETESPIB (BRD:BRD-K38852836-001-02-1),GANETESPIB,16,16,0.01764705882352941,0.9482801500547113,0.9893725661698659
BARDOXOLONE (BRD:BRD-K20545304-001-01-6),BARDOXOLONE,15,15,0.017857142857142853,0.9496353041738619,0.9893725661698659
PSI-7976 (BRD:BRD-K05674516-001-01-7),PSI-7976,15,15,0.017857142857142853,0.9496353041738619,0.9893725661698659
RO-106-9920 (BRD:BRD-A53134341-001-03-2),RO-106-9920,22,22,-0.014116318464144554,0.9502846499817856,0.9893725661698659
DELANZOMIB (BRD:BRD-K59325863-001-02-8),DELANZOMIB,22,22,0.012987012987012988,0.9542576793321902,0.9893725661698659
AZILSARTAN (BRD:BRD-K81074237-001-02-3),AZILSARTAN,19,19,0.014035087719298246,0.9545239437308349,0.9893725661698659
TRYPTANTHRIN (BRD:BRD-K76973696-001-12-6),TRYPTANTHRIN,20,20,-0.013533834586466165,0.9548397533571387,0.9893725661698659
MENADIONE (BRD:BRD-K78126613-001-28-5),MENADIONE,17,17,0.014705882352941176,0.9553274855428822,0.9893725661698659
SNS-314 (BRD:BRD-K71512533-066-02-8),SNS-314,16,16,-0.014705882352941175,0.9568919240316421,0.9893725661698659
GSK1292263 (BRD:BRD-K60341624-001-02-2),GSK1292263,15,15,-0.014285714285714282,0.9596997645989476,0.9893725661698659
SB-200646 (BRD:BRD-K77677632-003-02-6),SB-200646,15,15,0.014285714285714282,0.9596997645989476,0.9893725661698659
OLVEREMBATINIB (BRD:BRD-K35329391-334-01-7),OLVEREMBATINIB,19,19,0.012280701754385965,0.9602038588720425,0.9893725661698659
SCS (BRD:BRD-K78496197-001-03-9),SCS,10,10,0.01818181818181818,0.9602404181286242,0.9893725661698659
HEXACHLOROPHENE (BRD:BRD-K99792991-001-34-9),HEXACHLOROPHENE,18,18,-0.011351909184726523,0.9643420040748253,0.9917954842683878
VTP-27999 (BRD:BRD-K81694556-003-01-9),VTP-27999,16,16,-0.011764705882352941,0.9655081698956275,0.9917954842683878
GOLGICIDE-A (BRD:BRD-A57886255-001-01-1),GOLGICIDE-A,15,15,-0.010714285714285713,0.9697698761545686,0.9917954842683878
SB-205384 (BRD:BRD-A22707317-001-10-8),SB-205384,15,15,-0.010714285714285713,0.9697698761545686,0.9917954842683878
TYRPHOSTIN-AG-1478 (BRD:BRD-K68336408-001-10-9),TYRPHOSTIN-AG-1478,20,20,-0.009022556390977442,0.9698849998123449,0.9917954842683878
NSC-319726 (BRD:BRD-K99170882-001-04-3),NSC-319726,19,19,0.008771929824561405,0.9715689358029989,0.9917954842683878
PENTAMIDINE (BRD:BRD-K13183738-317-10-2),PENTAMIDINE,19,19,-0.008771929824561405,0.9715689358029989,0.9917954842683878
FLUDARABINE-PHOSPHATE (BRD:BRD-K71106091-001-06-1),FLUDARABINE-PHOSPHATE,13,13,0.010989010989010988,0.971577682777073,0.9917954842683878
CAPMATINIB (BRD:BRD-K81016934-001-02-0),CAPMATINIB,11,11,-0.009090909090909092,0.9788365001441937,0.9951893714922184
PREDNISOLONE-HEMISUCCINATE (BRD:BRD-A78391468-001-02-8),PREDNISOLONE-HEMISUCCINATE,11,11,0.009090909090909092,0.9788365001441937,0.9951893714922184
CAL-101 (BRD:BRD-K60866521-001-07-1),CAL-101,15,15,0.007142857142857141,0.9798442277615982,0.9951893714922184
FK-866 (BRD:BRD-K58550667-001-08-7),FK-866,15,15,-0.007142857142857141,0.9798442277615982,0.9951893714922184
CINACALCET (BRD:BRD-K73838513-003-05-5),CINACALCET,21,21,-0.005194805194805195,0.9821704184352004,0.9951893714922184
SPERMINE (BRD:BRD-K18375018-376-02-3),SPERMINE,16,16,0.0058823529411764705,0.9827505044191351,0.9951893714922184
MOLIBRESIB (BRD:BRD-K08109215-001-06-4),MOLIBRESIB,12,12,0.006993006993006993,0.9827917689028476,0.9951893714922184
VISMODEGIB (BRD:BRD-K44827188-001-06-0),VISMODEGIB,17,17,0.004901960784313726,0.9851029592703197,0.9957645606687721
BVD-523 (BRD:BRD-K28965160-001-01-1),BVD-523,13,13,-0.005494505494505494,0.9857869107140622,0.9957645606687721
ASP-4130 (BRD:BRD-K53414658-001-08-2),ASP-4130,10,10,0.006060606060606061,0.9867429111949892,0.9957645606687721
TEDIZOLID-PHOSPHATE (BRD:BRD-K89121095-001-01-7),TEDIZOLID-PHOSPHATE,20,20,-0.003007518796992481,0.989959729518499,0.9970679177476885
UNBS-5162 (BRD:BRD-K30933884-001-01-0),UNBS-5162,16,16,-0.0029411764705882353,0.9913748045563624,0.9970679177476885
ELESCLOMOL (BRD:BRD-K82135108-001-04-3),ELESCLOMOL,17,17,0.002450980392156863,0.9925511887884692,0.9970679177476885
THEOPHYLLINE (BRD:BRD-K97799481-001-16-0),THEOPHYLLINE,17,17,0.002450980392156863,0.9925511887884692,0.9970679177476885
JNJ-26854165 (BRD:BRD-K65924316-001-03-1),JNJ-26854165,14,14,-0.002197802197802198,0.9940505286658997,0.9972385248489288
TW 37 (BRD:BRD-K28360340-001-08-3),TW 37,20,20,0.0015037593984962405,0.9949797739432688,0.9972385248489288
BMS-754807 (BRD:BRD-K13049116-001-04-0),BMS-754807,13,13,0.0,1.0,1.0
SEMAXANIB (BRD:BRD-K63504947-001-14-7),SEMAXANIB,12,12,0.0,1.0,1.0
