gene_original,SYMBOL,ENTREZID
TSPAN6 (7105),TSPAN6,7105
DPM1 (8813),DPM1,8813
SCYL3 (57147),SCYL3,57147
FIRRM (55732),FIRRM,55732
FGR (2268),FGR,2268
CFH (3075),CFH,3075
FUCA2 (2519),FUCA2,2519
GCLC (2729),GCLC,2729
NFYA (4800),NFYA,4800
STPG1 (90529),STPG1,90529
NIPAL3 (57185),NIPAL3,57185
LAS1L (81887),LAS1L,81887
ENPP4 (22875),ENPP4,22875
SEMA3F (6405),SEMA3F,6405
CFTR (1080),CFTR,1080
ANKIB1 (54467),ANKIB1,54467
CYP51A1 (1595),CYP51A1,1595
KRIT1 (889),KRIT1,889
RAD52 (5893),RAD52,5893
MYH16 (84176),MYH16,84176
BAD (572),BAD,572
LAP3 (51056),LAP3,51056
CD99 (4267),CD99,4267
HS3ST1 (9957),HS3ST1,9957
AOC1 (26),AOC1,26
WNT16 (51384),WNT16,51384
HECW1 (23072),HECW1,23072
MAD1L1 (8379),MAD1L1,8379
LASP1 (3927),LASP1,3927
SNX11 (29916),SNX11,29916
TMEM176A (55365),TMEM176A,55365
M6PR (4074),M6PR,4074
KLHL13 (90293),KLHL13,90293
CYP26B1 (56603),CYP26B1,56603
ICA1 (3382),ICA1,3382
DBNDD1 (79007),DBNDD1,79007
ALS2 (57679),ALS2,57679
CASP10 (843),CASP10,843
CFLAR (8837),CFLAR,8837
TFPI (7035),TFPI,7035
NDUFAF7 (55471),NDUFAF7,55471
RBM5 (10181),RBM5,10181
MTMR7 (9108),MTMR7,9108
SLC7A2 (6542),SLC7A2,6542
ARF5 (381),ARF5,381
SARM1 (23098),SARM1,23098
POLDIP2 (26073),POLDIP2,26073
PLXND1 (23129),PLXND1,23129
AK2 (204),AK2,204
CD38 (952),CD38,952
FKBP4 (2288),FKBP4,2288
KDM1A (23028),KDM1A,23028
RBM6 (10180),RBM6,10180
CAMKK1 (84254),CAMKK1,84254
RECQL (5965),RECQL,5965
VPS50 (55610),VPS50,55610
HSPB6 (126393),HSPB6,126393
ARHGAP33 (115703),ARHGAP33,115703
NDUFAB1 (4706),NDUFAB1,4706
PDK4 (5166),PDK4,5166
ZMYND10 (51364),ZMYND10,51364
ARX (170302),ARX,170302
SLC25A13 (10165),SLC25A13,10165
ST7 (7982),ST7,7982
CDC27 (996),CDC27,996
CALCR (799),CALCR,799
HCCS (3052),HCCS,3052
DVL2 (1856),DVL2,1856
PRSS22 (64063),PRSS22,64063
UPF1 (5976),UPF1,5976
SKAP2 (8935),SKAP2,8935
SLC25A5 (292),SLC25A5,292
MCUB (55013),MCUB,55013
HOXA11 (3207),HOXA11,3207
POLR2J (5439),POLR2J,5439
DHX33 (56919),DHX33,56919
MEOX1 (4222),MEOX1,4222
THSD7A (221981),THSD7A,221981
LIG3 (3980),LIG3,3980
RPAP3 (79657),RPAP3,79657
ACSM3 (6296),ACSM3,6296
REXO5 (81691),REXO5,81691
CIAPIN1 (57019),CIAPIN1,57019
SPPL2B (56928),SPPL2B,56928
ATOSB (80256),ATOSB,80256
COPZ2 (51226),COPZ2,51226
PRKAR2B (5577),PRKAR2B,5577
MSL3 (10943),MSL3,10943
CREBBP (1387),CREBBP,1387
TSPOAP1 (9256),TSPOAP1,9256
MPO (4353),MPO,4353
PON1 (5444),PON1,5444
GCFC2 (6936),GCFC2,6936
WDR54 (84058),WDR54,84058
CROT (54677),CROT,54677
ABCB4 (5244),ABCB4,5244
KMT2E (55904),KMT2E,55904
RHBDD2 (57414),RHBDD2,57414
SOX8 (30812),SOX8,30812
IBTK (25998),IBTK,25998
ZNF195 (7748),ZNF195,7748
MYCBP2 (23077),MYCBP2,23077
FBXL3 (26224),FBXL3,26224
ITGAL (3683),ITGAL,3683
PDK2 (5164),PDK2,5164
ITGA3 (3675),ITGA3,3675
ZFX (7543),ZFX,7543
LAMP2 (3920),LAMP2,3920
ITGA2B (3674),ITGA2B,3674
GDE1 (51573),GDE1,51573
REX1BD (55049),REX1BD,55049
CRLF1 (9244),CRLF1,9244
OSBPL7 (114881),OSBPL7,114881
TMEM98 (26022),TMEM98,26022
YBX2 (51087),YBX2,51087
MAP3K14 (9020),MAP3K14,9020
ABCC8 (6833),ABCC8,6833
TMEM132A (54972),TMEM132A,54972
AP2B1 (163),AP2B1,163
ZNF263 (10127),ZNF263,10127
CX3CL1 (6376),CX3CL1,6376
SPATA20 (64847),SPATA20,64847
CACNA1G (8913),CACNA1G,8913
TNFRSF12A (51330),TNFRSF12A,51330
DLX6 (1750),DLX6,1750
MAP3K9 (4293),MAP3K9,4293
RALA (5898),RALA,5898
BAIAP2L1 (55971),BAIAP2L1,55971
KDM7A (80853),KDM7A,80853
ETV1 (2115),ETV1,2115
AGK (55750),AGK,55750
ALDH3B1 (221),ALDH3B1,221
TTC22 (55001),TTC22,55001
PHTF2 (57157),PHTF2,57157
CCL26 (10344),CCL26,10344
FARP2 (9855),FARP2,9855
USH1C (10083),USH1C,10083
GGCT (79017),GGCT,79017
DBF4 (10926),DBF4,10926
TBXA2R (6915),TBXA2R,6915
IFRD1 (3475),IFRD1,3475
COX10 (1352),COX10,1352
GTF2IRD1 (9569),GTF2IRD1,9569
PAF1 (54623),PAF1,54623
VPS41 (27072),VPS41,27072
ARHGAP44 (9912),ARHGAP44,9912
ELAC2 (60528),ELAC2,60528
SCIN (85477),SCIN,85477
ARSD (414),ARSD,414
PNPLA4 (8228),PNPLA4,8228
ADIPOR2 (79602),ADIPOR2,79602
CDKL3 (51265),CDKL3,51265
UPP2 (151531),UPP2,151531
MARK4 (57787),MARK4,57787
PROM1 (8842),PROM1,8842
CCDC124 (115098),CCDC124,115098
PAFAH1B1 (5048),PAFAH1B1,5048
DNAH9 (1770),DNAH9,1770
BLTP2 (9703),BLTP2,9703
SLC13A2 (9058),SLC13A2,9058
GAS7 (8522),GAS7,8522
TRAPPC6A (79090),TRAPPC6A,79090
MATK (4145),MATK,4145
CEACAM7 (1087),CEACAM7,1087
CD79B (974),CD79B,974
ST7L (54879),ST7L,54879
PAX6 (5080),PAX6,5080
RPUSD1 (113000),RPUSD1,113000
RHBDF1 (64285),RHBDF1,64285
LUC7L (55692),LUC7L,55692
CACNA2D2 (9254),CACNA2D2,9254
BAIAP3 (8938),BAIAP3,8938
TSR3 (115939),TSR3,115939
PIGQ (9091),PIGQ,9091
CRAMP1 (57585),CRAMP1,57585
TEAD3 (7005),TEAD3,7005
SELE (6401),SELE,6401
DNAJC11 (55735),DNAJC11,55735
MYLIP (29116),MYLIP,29116
NOX1 (27035),NOX1,27035
E2F2 (1870),E2F2,1870
PSMB1 (5689),PSMB1,5689
SYN1 (6853),SYN1,6853
JARID2 (3720),JARID2,3720
CDKL5 (6792),CDKL5,6792
CAMK1G (57172),CAMK1G,57172
CDK11A (728642),CDK11A,728642
NADK (65220),NADK,65220
TFAP2B (7021),TFAP2B,7021
DLEC1 (9940),DLEC1,9940
CYTH3 (9265),CYTH3,9265
ADAM22 (53616),ADAM22,53616
SYPL1 (6856),SYPL1,6856
CYB561 (1534),CYB561,1534
SPAG9 (9043),SPAG9,9043
CELSR3 (1951),CELSR3,1951
AASS (10157),AASS,10157
PLEKHG6 (55200),PLEKHG6,55200
SS18L2 (51188),SS18L2,51188
MPND (84954),MPND,84954
MGST1 (4257),MGST1,4257
CRY1 (1407),CRY1,1407
PGLYRP1 (8993),PGLYRP1,8993
NFIX (4784),NFIX,4784
ST3GAL1 (6482),ST3GAL1,6482
MMP25 (64386),MMP25,64386
IL32 (9235),IL32,9235
PKD1 (5310),PKD1,5310
MAPK8IP2 (23542),MAPK8IP2,23542
MED24 (9862),MED24,9862
RHOBTB2 (23221),RHOBTB2,23221
HEATR5B (54497),HEATR5B,54497
SEC62 (7095),SEC62,7095
RPS20 (6224),RPS20,6224
CSDE1 (7812),CSDE1,7812
UBE3C (9690),UBE3C,9690
REV3L (5980),REV3L,5980
TENM1 (10178),TENM1,10178
PAX7 (5081),PAX7,5081
MASP2 (10747),MASP2,10747
IYD (389434),IYD,389434
FAM76A (199870),FAM76A,199870
TRAF3IP3 (80342),TRAF3IP3,80342
POMT2 (29954),POMT2,29954
VTA1 (51534),VTA1,51534
MLXIPL (51085),MLXIPL,51085
BAZ1B (9031),BAZ1B,9031
RANBP9 (10048),RANBP9,10048
ETV7 (51513),ETV7,51513
SPRTN (83932),SPRTN,83932
METTL13 (51603),METTL13,51603
DYRK4 (8798),DYRK4,8798
ZNF207 (7756),ZNF207,7756
UQCRC1 (7384),UQCRC1,7384
STARD3NL (83930),STARD3NL,83930
CD9 (928),CD9,928
NCAPD2 (9918),NCAPD2,9918
IFFO1 (25900),IFFO1,25900
GIPR (2696),GIPR,2696
PHF7 (51533),PHF7,51533
SEMA3G (56920),SEMA3G,56920
NISCH (11188),NISCH,11188
STAB1 (23166),STAB1,23166
FUZ (80199),FUZ,80199
SLC6A13 (6540),SLC6A13,6540
IDS (3423),IDS,3423
PRSS3 (5646),PRSS3,5646
ZNF200 (7752),ZNF200,7752
CD4 (920),CD4,920
LRRC23 (10233),LRRC23,10233
BTK (695),BTK,695
HFE (3077),HFE,3077
SCMH1 (22955),SCMH1,22955
FYN (2534),FYN,2534
HIVEP2 (3097),HIVEP2,3097
FMO1 (2326),FMO1,2326
ELOA (6924),ELOA,6924
LYPLA2 (11313),LYPLA2,11313
CLCN6 (1185),CLCN6,1185
MRC2 (9902),MRC2,9902
SLC6A7 (6534),SLC6A7,6534
TSPAN9 (10867),TSPAN9,10867
BTBD7 (55727),BTBD7,55727
APBA3 (9546),APBA3,9546
MKS1 (54903),MKS1,54903
ABHD5 (51099),ABHD5,51099
ANOS1 (3730),ANOS1,3730
AKAP8L (26993),AKAP8L,26993
MBTD1 (54799),MBTD1,54799
UTP18 (51096),UTP18,51096
RNF216 (54476),RNF216,54476
TTC19 (54902),TTC19,54902
PTBP1 (5725),PTBP1,5725
DPF1 (8193),DPF1,8193
SYT7 (9066),SYT7,9066
LARS2 (23395),LARS2,23395
PIK3C2A (5286),PIK3C2A,5286
PLAUR (5329),PLAUR,5329
ANLN (54443),ANLN,54443
WIZ (58525),WIZ,58525
RABGAP1 (23637),RABGAP1,23637
DCN (1634),DCN,1634
QPCTL (54814),QPCTL,54814
PPP5C (5536),PPP5C,5536
CEP68 (23177),CEP68,23177
MAP4K3 (8491),MAP4K3,8491
ZBTB32 (27033),ZBTB32,27033
LDAF1 (57146),LDAF1,57146
GABRA3 (2556),GABRA3,2556
BRCA1 (672),BRCA1,672
ERCC1 (2067),ERCC1,2067
CD22 (933),CD22,933
SEMA3B (7869),SEMA3B,7869
MBTPS2 (51360),MBTPS2,51360
PRICKLE3 (4007),PRICKLE3,4007
LTF (4057),LTF,4057
EXTL3 (2137),EXTL3,2137
ELOVL5 (60481),ELOVL5,60481
ALOX5 (240),ALOX5,240
KDM5D (8284),KDM5D,8284
CALCOCO1 (57658),CALCOCO1,57658
UBR7 (55148),UBR7,55148
MAP4K5 (11183),MAP4K5,11183
EHD3 (30845),EHD3,30845
PSMC4 (5704),PSMC4,5704
MAN2B2 (23324),MAN2B2,23324
CLDN11 (5010),CLDN11,5010
SLC25A39 (51629),SLC25A39,51629
MVP (9961),MVP,9961
NUB1 (51667),NUB1,51667
PGM3 (5238),PGM3,5238
RWDD2A (112611),RWDD2A,112611
CLK1 (1195),CLK1,1195
POLR3B (55703),POLR3B,55703
ANGEL1 (23357),ANGEL1,23357
RNF14 (9604),RNF14,9604
DNASE1L1 (1774),DNASE1L1,1774
DDX11 (1663),DDX11,1663
HEBP1 (50865),HEBP1,50865
GPRC5A (9052),GPRC5A,9052
MAMLD1 (10046),MAMLD1,10046
CD6 (923),CD6,923
TACC3 (10460),TACC3,10460
UFL1 (23376),UFL1,23376
POLA2 (23649),POLA2,23649
ZC3H3 (23144),ZC3H3,23144
CAPN1 (823),CAPN1,823
ACP3 (55),ACP3,55
MDH1 (4190),MDH1,4190
SLC30A9 (10463),SLC30A9,10463
MTMR11 (10903),MTMR11,10903
COX15 (1355),COX15,1355
CCDC88C (440193),CCDC88C,440193
YAF2 (10138),YAF2,10138
ZMYND11 (10771),ZMYND11,10771
WAS (7454),WAS,7454
DPEP1 (1800),DPEP1,1800
BID (637),BID,637
MATR3 (9782),MATR3,9782
NPC1L1 (29881),NPC1L1,29881
XYLT2 (64132),XYLT2,64132
RGPD5 (84220),RGPD5,84220
NUDCD3 (23386),NUDCD3,23386
ISL1 (3670),ISL1,3670
CHDH (55349),CHDH,55349
IL20RA (53832),IL20RA,53832
GLT8D1 (55830),GLT8D1,55830
ATP2C1 (27032),ATP2C1,27032
SLC38A5 (92745),SLC38A5,92745
RALBP1 (10928),RALBP1,10928
RUFY3 (22902),RUFY3,22902
CNTN1 (1272),CNTN1,1272
SLC11A1 (6556),SLC11A1,6556
WWTR1 (25937),WWTR1,25937
AGPS (8540),AGPS,8540
STEEP1 (63932),STEEP1,63932
ATP1A2 (477),ATP1A2,477
TTC27 (55622),TTC27,55622
ZNF582 (147948),ZNF582,147948
VSIG2 (23584),VSIG2,23584
PHLDB1 (23187),PHLDB1,23187
MARCO (8685),MARCO,8685
CYP24A1 (1591),CYP24A1,1591
PRDM11 (56981),PRDM11,56981
SYT13 (57586),SYT13,57586
SNAI2 (6591),SNAI2,6591
CD74 (972),CD74,972
HGF (3082),HGF,3082
ZRANB1 (54764),ZRANB1,54764
NCDN (23154),NCDN,23154
ADGRA2 (25960),ADGRA2,25960
ZFP64 (55734),ZFP64,55734
MNAT1 (4331),MNAT1,4331
SAMD4A (23034),SAMD4A,23034
RUNX3 (864),RUNX3,864
MRE11 (4361),MRE11,4361
PLEKHB1 (58473),PLEKHB1,58473
SERPINB1 (1992),SERPINB1,1992
SLC7A9 (11136),SLC7A9,11136
SPAST (6683),SPAST,6683
NRXN3 (9369),NRXN3,9369
OSBPL5 (114879),OSBPL5,114879
AQR (9716),AQR,9716
CPS1 (1373),CPS1,1373
FHL1 (2273),FHL1,2273
RTF2 (51507),RTF2,51507
NLRP2 (55655),NLRP2,55655
SLC45A4 (57210),SLC45A4,57210
RNF10 (9921),RNF10,9921
ZNF839 (55778),ZNF839,55778
ZDHHC6 (64429),ZDHHC6,64429
GRAMD1B (57476),GRAMD1B,57476
RNH1 (6050),RNH1,6050
NDUFS1 (4719),NDUFS1,4719
RB1CC1 (9821),RB1CC1,9821
ERP44 (23071),ERP44,23071
ALAS1 (211),ALAS1,211
BIRC3 (330),BIRC3,330
AKAP11 (11215),AKAP11,11215
GLRX2 (51022),GLRX2,51022
SNAPC1 (6617),SNAPC1,6617
DERA (51071),DERA,51071
STRAP (11171),STRAP,11171
ABCC2 (1244),ABCC2,1244
DEF6 (50619),DEF6,50619
PLEKHO1 (51177),PLEKHO1,51177
GCLM (2730),GCLM,2730
UBR2 (23304),UBR2,23304
EHD2 (30846),EHD2,30846
DEPDC1 (55635),DEPDC1,55635
CCDC28A (25901),CCDC28A,25901
RRAGD (58528),RRAGD,58528
HSF2 (3298),HSF2,3298
PHF20 (51230),PHF20,51230
HSD17B6 (8630),HSD17B6,8630
NR1H3 (10062),NR1H3,10062
TYMP (1890),TYMP,1890
NCAPH2 (29781),NCAPH2,29781
TOMM34 (10953),TOMM34,10953
SEC63 (11231),SEC63,11231
KPNA6 (23633),KPNA6,23633
VIM (7431),VIM,7431
FAS (355),FAS,355
RNASET2 (8635),RNASET2,8635
CD44 (960),CD44,960
KCNG1 (3755),KCNG1,3755
AGPAT4 (56895),AGPAT4,56895
SLAMF7 (57823),SLAMF7,57823
BTN3A1 (11119),BTN3A1,11119
MIPEP (4285),MIPEP,4285
PRKCH (5583),PRKCH,5583
IFNGR1 (3459),IFNGR1,3459
B4GALT7 (11285),B4GALT7,11285
SH2D2A (9047),SH2D2A,9047
VRK2 (7444),VRK2,7444
TNFRSF1B (7133),TNFRSF1B,7133
VEZT (55591),VEZT,55591
POU2F2 (5452),POU2F2,5452
BRD9 (65980),BRD9,65980
SNX1 (6642),SNX1,6642
TBPL1 (9519),TBPL1,9519
BMAL2 (56938),BMAL2,56938
BCLAF1 (9774),BCLAF1,9774
SLC39A9 (55334),SLC39A9,55334
ANK1 (286),ANK1,286
TFB1M (51106),TFB1M,51106
RABEP1 (9135),RABEP1,9135
HMGB3 (3149),HMGB3,3149
NUP160 (23279),NUP160,23279
BAK1 (578),BAK1,578
MUSK (4593),MUSK,4593
IKZF2 (22807),IKZF2,22807
GRN (2896),GRN,2896
FAM13B (51306),FAM13B,51306
ARHGAP31 (57514),ARHGAP31,57514
CENPQ (55166),CENPQ,55166
SARS1 (6301),SARS1,6301
RANBP3 (8498),RANBP3,8498
ARID4A (5926),ARID4A,5926
EIPR1 (7260),EIPR1,7260
PNPLA6 (10908),PNPLA6,10908
IFT88 (8100),IFT88,8100
ALG1 (56052),ALG1,56052
ZCCHC8 (55596),ZCCHC8,55596
ABCF2 (10061),ABCF2,10061
CHPF2 (54480),CHPF2,54480
LRRC7 (57554),LRRC7,57554
FUT8 (2530),FUT8,2530
UBA6 (55236),UBA6,55236
GAB2 (9846),GAB2,9846
ATP6V0A1 (535),ATP6V0A1,535
PIAS1 (8554),PIAS1,8554
SLC4A7 (9497),SLC4A7,9497
APBA2 (321),APBA2,321
MAP2K3 (5606),MAP2K3,5606
CLXN (79645),CLXN,79645
TMSB10 (9168),TMSB10,9168
ASTE1 (28990),ASTE1,28990
RNF19A (25897),RNF19A,25897
PEX3 (8504),PEX3,8504
GABARAPL2 (11345),GABARAPL2,11345
SH3YL1 (26751),SH3YL1,26751
FAM136A (84908),FAM136A,84908
VCL (7414),VCL,7414
DEPDC1B (55789),DEPDC1B,55789
DAPK2 (23604),DAPK2,23604
NSMAF (8439),NSMAF,8439
ADSS2 (159),ADSS2,159
TIMP2 (7077),TIMP2,7077
RFC1 (5981),RFC1,5981
TBC1D23 (55773),TBC1D23,55773
CUL3 (8452),CUL3,8452
MYOM2 (9172),MYOM2,9172
CYP46A1 (10858),CYP46A1,10858
ZZZ3 (26009),ZZZ3,26009
USP2 (9099),USP2,9099
TUBG2 (27175),TUBG2,27175
RPL26L1 (51121),RPL26L1,51121
FLT4 (2324),FLT4,2324
NSUN2 (54888),NSUN2,54888
FBXO42 (54455),FBXO42,54455
MFAP3 (4238),MFAP3,4238
MRI1 (84245),MRI1,84245
METTL1 (4234),METTL1,4234
HOXC8 (3224),HOXC8,3224
AGA (175),AGA,175
PI4K2B (55300),PI4K2B,55300
BOD1L1 (259282),BOD1L1,259282
MAT2B (27430),MAT2B,27430
TLL1 (7092),TLL1,7092
EDC4 (23644),EDC4,23644
TRIO (7204),TRIO,7204
VCAN (1462),VCAN,1462
CLEC16A (23274),CLEC16A,23274
CDH1 (999),CDH1,999
MTREX (23517),MTREX,23517
DNAH5 (1767),DNAH5,1767
ZFYVE16 (9765),ZFYVE16,9765
RIPOR1 (79567),RIPOR1,79567
RAI14 (26064),RAI14,26064
SOX30 (11063),SOX30,11063
PNKP (11284),PNKP,11284
BEST2 (54831),BEST2,54831
PHLPP2 (23035),PHLPP2,23035
SPDL1 (54908),SPDL1,54908
STAU2 (27067),STAU2,27067
SLC66A1 (54896),SLC66A1,54896
CTNS (1497),CTNS,1497
RTN4R (65078),RTN4R,65078
PHF23 (79142),PHF23,79142
CDH10 (1008),CDH10,1008
INPP4A (3631),INPP4A,3631
RAB27B (5874),RAB27B,5874
PSMA4 (5685),PSMA4,5685
MYO16 (23026),MYO16,23026
LSG1 (55341),LSG1,55341
PARP3 (10039),PARP3,10039
TNC (3371),TNC,3371
THAP3 (90326),THAP3,90326
RIPOR3 (140876),RIPOR3,140876
TDP1 (55775),TDP1,55775
AIFM2 (84883),AIFM2,84883
SPATA7 (55812),SPATA7,55812
MED17 (9440),MED17,9440
RETSAT (54884),RETSAT,54884
CAPG (822),CAPG,822
AP2S1 (1175),AP2S1,1175
USH2A (7399),USH2A,7399
TG (7038),TG,7038
ADAM28 (10863),ADAM28,10863
BARX2 (8538),BARX2,8538
DCUN1D1 (54165),DCUN1D1,54165
JADE2 (23338),JADE2,23338
ZIC2 (7546),ZIC2,7546
LCP2 (3937),LCP2,3937
TRIT1 (54802),TRIT1,54802
ADRB1 (153),ADRB1,153
CUL7 (9820),CUL7,9820
CTNNA1 (1495),CTNNA1,1495
PHKA2 (5256),PHKA2,5256
CNTLN (54875),CNTLN,54875
EPHA3 (2042),EPHA3,2042
HSPA5 (3309),HSPA5,3309
DSG2 (1829),DSG2,1829
GEMIN8 (54960),GEMIN8,54960
OFD1 (8481),OFD1,8481
GPM6B (2824),GPM6B,2824
MAGEC2 (51438),MAGEC2,51438
PREX2 (80243),PREX2,80243
WDR37 (22884),WDR37,22884
YTHDC2 (64848),YTHDC2,64848
CTPS2 (56474),CTPS2,56474
ATP6V1H (51606),ATP6V1H,51606
POLR2B (5431),POLR2B,5431
ATOSA (56204),ATOSA,56204
ARAP2 (116984),ARAP2,116984
TPR (7175),TPR,7175
CP (1356),CP,1356
KATNIP (23247),KATNIP,23247
DTNBP1 (84062),DTNBP1,84062
XK (7504),XK,7504
ANO2 (57101),ANO2,57101
FERRY3 (57102),FERRY3,57102
SCML1 (6322),SCML1,6322
WWC3 (55841),WWC3,55841
ARHGAP6 (395),ARHGAP6,395
FAM184B (27146),FAM184B,27146
MAP4 (4134),MAP4,4134
GOPC (57120),GOPC,57120
ROS1 (6098),ROS1,6098
USP28 (57646),USP28,57646
HDAC9 (9734),HDAC9,9734
TSPAN17 (26262),TSPAN17,26262
NOP16 (51491),NOP16,51491
CC2D2A (57545),CC2D2A,57545
RRM2B (50484),RRM2B,50484
ZNF800 (168850),ZNF800,168850
TNFRSF17 (608),TNFRSF17,608
SNX29 (92017),SNX29,92017
LMO3 (55885),LMO3,55885
MRPS10 (55173),MRPS10,55173
RSF1 (51773),RSF1,51773
VPS13D (55187),VPS13D,55187
CELF2 (10659),CELF2,10659
FAM120A (23196),FAM120A,23196
R3HDM1 (23518),R3HDM1,23518
COL9A2 (1298),COL9A2,1298
KITLG (4254),KITLG,4254
ERCC8 (1161),ERCC8,1161
ADAMTS6 (11174),ADAMTS6,11174
H6PD (9563),H6PD,9563
VAMP3 (9341),VAMP3,9341
PER3 (8863),PER3,8863
TNFRSF9 (3604),TNFRSF9,3604
EPN3 (55040),EPN3,55040
LTBP1 (4052),LTBP1,4052
RCN1 (5954),RCN1,5954
ELN (2006),ELN,2006
RFC2 (5982),RFC2,5982
ARID1B (57492),ARID1B,57492
CLPTM1L (81037),CLPTM1L,81037
NEDD4L (23327),NEDD4L,23327
FOXP3 (50943),FOXP3,50943
PPP1R3F (89801),PPP1R3F,89801
HEXB (3074),HEXB,3074
PTCD2 (79810),PTCD2,79810
NEXMIF (340533),NEXMIF,340533
JKAMP (51528),JKAMP,51528
DKK3 (27122),DKK3,27122
ARHGEF5 (7984),ARHGEF5,7984
NFE2L3 (9603),NFE2L3,9603
MCUR1 (63933),MCUR1,63933
LIMA1 (51474),LIMA1,51474
LETMD1 (25875),LETMD1,25875
SLC4A8 (9498),SLC4A8,9498
LAMC3 (10319),LAMC3,10319
PTGER3 (5733),PTGER3,5733
TNIP3 (79931),TNIP3,79931
MAPK9 (5601),MAPK9,5601
COL23A1 (91522),COL23A1,91522
BCAR1 (9564),BCAR1,9564
FHIP1B (84067),FHIP1B,84067
HERPUD1 (9709),HERPUD1,9709
HOMER3 (9454),HOMER3,9454
RAD51 (5888),RAD51,5888
POLQ (10721),POLQ,10721
PIK3CB (5291),PIK3CB,5291
CYBA (1535),CYBA,1535
THOC3 (84321),THOC3,84321
HEBP2 (23593),HEBP2,23593
MPHOSPH9 (10198),MPHOSPH9,10198
PLEKHA5 (54477),PLEKHA5,54477
PRSS8 (5652),PRSS8,5652
SIKE1 (80143),SIKE1,80143
RRP12 (23223),RRP12,23223
FNIP2 (57600),FNIP2,57600
MSMO1 (6307),MSMO1,6307
TTC17 (55761),TTC17,55761
ALX4 (60529),ALX4,60529
FSTL4 (23105),FSTL4,23105
FOXN3 (1112),FOXN3,1112
AKR7A2 (8574),AKR7A2,8574
MRTO4 (51154),MRTO4,51154
NNAT (4826),NNAT,4826
USE1 (55850),USE1,55850
MCF2L2 (23101),MCF2L2,23101
NRIP2 (83714),NRIP2,83714
LAMA3 (3909),LAMA3,3909
AP5M1 (55745),AP5M1,55745
ANAPC4 (29945),ANAPC4,29945
KCNQ1 (3784),KCNQ1,3784
TRAPPC3 (27095),TRAPPC3,27095
THRAP3 (9967),THRAP3,9967
PHPT1 (29085),PHPT1,29085
ENTPD2 (954),ENTPD2,954
LY75 (4065),LY75,4065
ARID4B (51742),ARID4B,51742
OPN3 (23596),OPN3,23596
SDCCAG8 (10806),SDCCAG8,10806
PTPRN (5798),PTPRN,5798
HHAT (55733),HHAT,55733
KIF1B (23095),KIF1B,23095
FOXC1 (2296),FOXC1,2296
TBC1D22A (25771),TBC1D22A,25771
SYNE2 (23224),SYNE2,23224
PLEKHH1 (57475),PLEKHH1,57475
ATP9A (10079),ATP9A,10079
CHRDL2 (25884),CHRDL2,25884
FAM168A (23201),FAM168A,23201
RELT (84957),RELT,84957
GALC (2581),GALC,2581
NOP58 (51602),NOP58,51602
SZRD1 (26099),SZRD1,26099
KCNH2 (3757),KCNH2,3757
CUL1 (8454),CUL1,8454
FAM114A2 (10827),FAM114A2,10827
CYFIP2 (26999),CYFIP2,26999
TAB2 (23118),TAB2,23118
GINM1 (116254),GINM1,116254
EIF2AK2 (5610),EIF2AK2,5610
USP36 (57602),USP36,57602
KMT2C (58508),KMT2C,58508
MCOLN3 (55283),MCOLN3,55283
CCDC85A (114800),CCDC85A,114800
PUM2 (23369),PUM2,23369
MRPL43 (84545),MRPL43,84545
HPF1 (54969),HPF1,54969
ZFR (51663),ZFR,51663
ZNF280C (55609),ZNF280C,55609
NPFFR2 (10886),NPFFR2,10886
PHF21B (112885),PHF21B,112885
TRAF1 (7185),TRAF1,7185
RC3H2 (54542),RC3H2,54542
IL17RB (55540),IL17RB,55540
TRAF3IP2 (10758),TRAF3IP2,10758
GYG2 (8908),GYG2,8908
DCBLD2 (131566),DCBLD2,131566
SERPINB3 (6317),SERPINB3,6317
SOAT1 (6646),SOAT1,6646
PKP2 (5318),PKP2,5318
MSH4 (4438),MSH4,4438
F7 (2155),F7,2155
GDI2 (2665),GDI2,2665
PRDM1 (639),PRDM1,639
ATG5 (9474),ATG5,9474
TMCC3 (57458),TMCC3,57458
PITHD1 (57095),PITHD1,57095
MTA3 (57504),MTA3,57504
USP13 (8975),USP13,8975
ATP11B (23200),ATP11B,23200
LAMC2 (3918),LAMC2,3918
CDK14 (5218),CDK14,5218
SEC61A1 (29927),SEC61A1,29927
PPP1R12A (4659),PPP1R12A,4659
RASGRF1 (5923),RASGRF1,5923
CAMK2B (816),CAMK2B,816
CROCC (9696),CROCC,9696
POLR3E (55718),POLR3E,55718
ATP2B4 (493),ATP2B4,493
ZC3H11A (9877),ZC3H11A,9877
RIOK2 (55781),RIOK2,55781
YIPF1 (54432),YIPF1,54432
NDC1 (55706),NDC1,55706
DGKG (1608),DGKG,1608
FLYWCH1 (84256),FLYWCH1,84256
UNKL (64718),UNKL,64718
TBXAS1 (6916),TBXAS1,6916
PARP12 (64761),PARP12,64761
ALDH18A1 (5832),ALDH18A1,5832
TARBP1 (6894),TARBP1,6894
GATB (5188),GATB,5188
MXD1 (4084),MXD1,4084
CDK17 (5128),CDK17,5128
DNAJC25 (548645),DNAJC25,548645
SLC2A3 (6515),SLC2A3,6515
PSD (5662),PSD,5662
CTDP1 (9150),CTDP1,9150
YBX3 (8531),YBX3,8531
STYK1 (55359),STYK1,55359
WNK1 (65125),WNK1,65125
CCAR1 (55749),CCAR1,55749
OGFR (11054),OGFR,11054
GNA15 (2769),GNA15,2769
PIGV (55650),PIGV,55650
PTPRU (10076),PTPRU,10076
SNRNP40 (9410),SNRNP40,9410
COL11A1 (1301),COL11A1,1301
QSER1 (79832),QSER1,79832
MPC1 (51660),MPC1,51660
ACAA1 (30),ACAA1,30
BCAT1 (586),BCAT1,586
HDAC7 (51564),HDAC7,51564
LZTS1 (11178),LZTS1,11178
PRDM6 (93166),PRDM6,93166
SPAG4 (6676),SPAG4,6676
NCKAP1 (10787),NCKAP1,10787
MRPS35 (60488),MRPS35,60488
GUCY1B1 (2983),GUCY1B1,2983
SFSWAP (6433),SFSWAP,6433
TNK2 (10188),TNK2,10188
MON2 (23041),MON2,23041
CDH3 (1001),CDH3,1001
GPBP1 (65056),GPBP1,65056
DGAT2 (84649),DGAT2,84649
ZNF112 (7771),ZNF112,7771
CS (1431),CS,1431
LTK (4058),LTK,4058
MRPS24 (64951),MRPS24,64951
ELMO2 (63916),ELMO2,63916
WAPL (23063),WAPL,23063
VMP1 (81671),VMP1,81671
APPBP2 (10513),APPBP2,10513
POLD1 (5424),POLD1,5424
SEZ6 (124925),SEZ6,124925
EIF4B (1975),EIF4B,1975
SLC6A16 (28968),SLC6A16,28968
BICRA (29998),BICRA,29998
SPHK2 (56848),SPHK2,56848
RPL18 (6141),RPL18,6141
CA11 (770),CA11,770
ISOC2 (79763),ISOC2,79763
U2AF2 (11338),U2AF2,11338
EPN1 (29924),EPN1,29924
MED29 (55588),MED29,55588
AHRR (57491),AHRR,57491
ZNF275 (10838),ZNF275,10838
MTMR1 (8776),MTMR1,8776
GPC1 (2817),GPC1,2817
ADCK1 (57143),ADCK1,57143
HAGH (3029),HAGH,3029
RNF4 (6047),RNF4,6047
CASP8 (841),CASP8,841
LIMCH1 (22998),LIMCH1,22998
INTS13 (55726),INTS13,55726
TM7SF3 (51768),TM7SF3,51768
DLX3 (1747),DLX3,1747
SPA17 (53340),SPA17,53340
TSPAN32 (10077),TSPAN32,10077
CCN5 (8839),CCN5,8839
ST3GAL6 (10402),ST3GAL6,10402
ATP2C2 (9914),ATP2C2,9914
NGFR (4804),NGFR,4804
CDON (50937),CDON,50937
TAF2 (6873),TAF2,6873
HIPK2 (28996),HIPK2,28996
TNPO3 (23534),TNPO3,23534
RFXANK (8625),RFXANK,8625
TMEM161A (54929),TMEM161A,54929
LPAR2 (9170),LPAR2,9170
CTSA (5476),CTSA,5476
SUGP2 (10147),SUGP2,10147
SLC12A2 (6558),SLC12A2,6558
SNX24 (28966),SNX24,28966
EYA2 (2139),EYA2,2139
CNN2 (1265),CNN2,1265
ABCA7 (10347),ABCA7,10347
SNCAIP (9627),SNCAIP,9627
DDX20 (11218),DDX20,11218
BTBD1 (53339),BTBD1,53339
FAR2 (55711),FAR2,55711
BCAS1 (8537),BCAS1,8537
CHI3L2 (1117),CHI3L2,1117
SBNO2 (22904),SBNO2,22904
PMS1 (5378),PMS1,5378
HMG20B (10362),HMG20B,10362
CALCRL (10203),CALCRL,10203
TAF11 (6882),TAF11,6882
ANKS1A (23294),ANKS1A,23294
AP3D1 (8943),AP3D1,8943
ZNF76 (7629),ZNF76,7629
NHERF2 (9351),NHERF2,9351
NTHL1 (4913),NTHL1,4913
BLTP3A (54887),BLTP3A,54887
GNAI3 (2773),GNAI3,2773
IPO5 (3843),IPO5,3843
OAT (4942),OAT,4942
WDR3 (10885),WDR3,10885
PKN2 (5586),PKN2,5586
WDR18 (57418),WDR18,57418
TRAM2 (9697),TRAM2,9697
NTN1 (9423),NTN1,9423
GLP2R (9340),GLP2R,9340
MCM10 (55388),MCM10,55388
DGKA (1606),DGKA,1606
ERBB3 (2065),ERBB3,2065
ANKRD44 (91526),ANKRD44,91526
KARS1 (3735),KARS1,3735
ADAT1 (23536),ADAT1,23536
PDIA5 (10954),PDIA5,10954
TBC1D22B (55633),TBC1D22B,55633
NDUFB4 (4710),NDUFB4,4710
SPEN (23013),SPEN,23013
MYLK (4638),MYLK,4638
ZC3H15 (55854),ZC3H15,55854
MAP2K4 (6416),MAP2K4,6416
PACC1 (55248),PACC1,55248
SNAP91 (9892),SNAP91,9892
SLK (9748),SLK,9748
CYB5R4 (51167),CYB5R4,51167
COL17A1 (1308),COL17A1,1308
GSTO2 (119391),GSTO2,119391
SEC61A2 (55176),SEC61A2,55176
PRKCQ (5588),PRKCQ,5588
TLE2 (7089),TLE2,7089
ASB1 (51665),ASB1,51665
FAM107B (83641),FAM107B,83641
ME1 (4199),ME1,4199
TBC1D1 (23216),TBC1D1,23216
CDK13 (8621),CDK13,8621
MTHFD2 (10797),MTHFD2,10797
SLC9A7 (84679),SLC9A7,84679
FOXJ2 (55810),FOXJ2,55810
YBX1 (4904),YBX1,4904
PDE4A (5141),PDE4A,5141
PPP2R5A (5525),PPP2R5A,5525
ELAVL1 (1994),ELAVL1,1994
TIE1 (7075),TIE1,7075
DIP2B (57609),DIP2B,57609
SMARCD1 (6602),SMARCD1,6602
KDM4A (9682),KDM4A,9682
NFYC (4802),NFYC,4802
ZMYND12 (84217),ZMYND12,84217
SLC9A3 (6550),SLC9A3,6550
NGEF (25791),NGEF,25791
ASPM (259266),ASPM,259266
CD84 (8832),CD84,8832
ELOVL1 (64834),ELOVL1,64834
SPI1 (6688),SPI1,6688
POLR1H (30834),POLR1H,30834
CLDN18 (51208),CLDN18,51208
ZBTB11 (27107),ZBTB11,27107
ATXN3 (4287),ATXN3,4287
GOLGA5 (9950),GOLGA5,9950
FGFR2 (2263),FGFR2,2263
LRRC40 (55631),LRRC40,55631
ISOC1 (51015),ISOC1,51015
EML1 (2009),EML1,2009
TRMT11 (60487),TRMT11,60487
THUMPD1 (55623),THUMPD1,55623
MSANTD3 (91283),MSANTD3,91283
KIF26A (26153),KIF26A,26153
ATG2B (55102),ATG2B,55102
ARFGEF1 (10565),ARFGEF1,10565
ZFAT (57623),ZFAT,57623
MTFR1 (9650),MTFR1,9650
STAG3 (10734),STAG3,10734
FECH (2235),FECH,2235
MYO9A (4649),MYO9A,4649
DDX3Y (8653),DDX3Y,8653
PFKP (5214),PFKP,5214
IDI1 (3422),IDI1,3422
SP100 (6672),SP100,6672
KLF6 (1316),KLF6,1316
PLPP1 (8611),PLPP1,8611
NEO1 (4756),NEO1,4756
TRAM1 (23471),TRAM1,23471
PHKA1 (5255),PHKA1,5255
TNFRSF1A (7132),TNFRSF1A,7132
CACNB1 (782),CACNB1,782
EVI5 (7813),EVI5,7813
STOML1 (9399),STOML1,9399
PKM (5315),PKM,5315
DHX29 (54505),DHX29,54505
DNTTIP2 (30836),DNTTIP2,30836
METTL22 (79091),METTL22,79091
TP53BP1 (7158),TP53BP1,7158
TRO (7216),TRO,7216
RRP15 (51018),RRP15,51018
RHOA (387),RHOA,387
DHX8 (1659),DHX8,1659
PRKCZ (5590),PRKCZ,5590
IARS2 (55699),IARS2,55699
SYT1 (6857),SYT1,6857
NAV3 (89795),NAV3,89795
IDH3G (3421),IDH3G,3421
ROGDI (79641),ROGDI,79641
PDZD4 (57595),PDZD4,57595
ATP2B3 (492),ATP2B3,492
ROCK1 (6093),ROCK1,6093
CBFB (865),CBFB,865
PDK3 (5165),PDK3,5165
HYAL2 (8692),HYAL2,8692
HDAC4 (9759),HDAC4,9759
RASSF1 (11186),RASSF1,11186
FGFR3 (2261),FGFR3,2261
IFI35 (3430),IFI35,3430
HEATR6 (63897),HEATR6,63897
COASY (80347),COASY,80347
PLEKHH3 (79990),PLEKHH3,79990
MEF2A (4205),MEF2A,4205
OTUD5 (55593),OTUD5,55593
TFE3 (7030),TFE3,7030
TBC1D25 (4943),TBC1D25,4943
ACSL4 (2182),ACSL4,2182
INPP5A (3632),INPP5A,3632
GPKOW (27238),GPKOW,27238
GRIPAP1 (56850),GRIPAP1,56850
FTSJ1 (24140),FTSJ1,24140
PRR11 (55771),PRR11,55771
REEP1 (65055),REEP1,65055
ATP11A (23250),ATP11A,23250
POLR1A (25885),POLR1A,25885
LAPTM4A (9741),LAPTM4A,9741
TTC7A (57217),TTC7A,57217
IP6K2 (51447),IP6K2,51447
SRBD1 (55133),SRBD1,55133
KIF2A (3796),KIF2A,3796
RASGRP2 (10235),RASGRP2,10235
PSME4 (23198),PSME4,23198
IFT80 (57560),IFT80,57560
SIRT2 (22933),SIRT2,22933
ERLEC1 (27248),ERLEC1,27248
PPP2R5B (5526),PPP2R5B,5526
PYGM (5837),PYGM,5837
PITX1 (5307),PITX1,5307
MAST4 (375449),MAST4,375449
ADGRF5 (221395),ADGRF5,221395
SDK2 (54549),SDK2,54549
NUP133 (55746),NUP133,55746
NUCKS1 (64710),NUCKS1,64710
VPS35 (55737),VPS35,55737
DNAJA2 (10294),DNAJA2,10294
BCL3 (602),BCL3,602
KCNAB2 (8514),KCNAB2,8514
ABCC9 (10060),ABCC9,10060
GAL (51083),GAL,51083
CLEC2D (29121),CLEC2D,29121
FUNDC1 (139341),FUNDC1,139341
MAOB (4129),MAOB,4129
RORA (6095),RORA,6095
DRD4 (1815),DRD4,1815
TGFBR3 (7049),TGFBR3,7049
PLA2G10 (8399),PLA2G10,8399
HES2 (54626),HES2,54626
ATP1B3 (483),ATP1B3,483
NEDD4 (4734),NEDD4,4734
PIGB (9488),PIGB,9488
MAPK6 (5597),MAPK6,5597
GNB5 (10681),GNB5,10681
RAB27A (5873),RAB27A,5873
HDHD5 (27440),HDHD5,27440
UFD1 (7353),UFD1,7353
LRP6 (4040),LRP6,4040
GUCY2C (2984),GUCY2C,2984
PHRF1 (57661),PHRF1,57661
ELP1 (8518),ELP1,8518
NUCB2 (4925),NUCB2,4925
PFN2 (5217),PFN2,5217
PTPN3 (5774),PTPN3,5774
SPTB (6710),SPTB,6710
DAPP1 (27071),DAPP1,27071
SLC44A1 (23446),SLC44A1,23446
TMEM260 (54916),TMEM260,54916
SMG6 (23293),SMG6,23293
EXOC5 (10640),EXOC5,10640
CLTCL1 (8218),CLTCL1,8218
FGF22 (27006),FGF22,27006
FSTL3 (10272),FSTL3,10272
DGCR2 (9993),DGCR2,9993
RNF126 (55658),RNF126,55658
MNT (4335),MNT,4335
ZXDC (79364),ZXDC,79364
JMJD6 (23210),JMJD6,23210
POLB (5423),POLB,5423
ST6GALNAC1 (55808),ST6GALNAC1,55808
WIPI1 (55062),WIPI1,55062
FRMPD1 (22844),FRMPD1,22844
GBA2 (57704),GBA2,57704
NDST1 (3340),NDST1,3340
ASNS (440),ASNS,440
AP3M2 (10947),AP3M2,10947
CNGB1 (1258),CNGB1,1258
ST6GALNAC2 (10610),ST6GALNAC2,10610
PABPC1 (26986),PABPC1,26986
TESK2 (10420),TESK2,10420
CFAP20 (29105),CFAP20,29105
CSNK2A2 (1459),CSNK2A2,1459
PTPN21 (11099),PTPN21,11099
EIF2B3 (8891),EIF2B3,8891
CAMK2A (815),CAMK2A,815
TCOF1 (6949),TCOF1,6949
CDC42 (998),CDC42,998
OSBPL3 (26031),OSBPL3,26031
EPHA8 (2046),EPHA8,2046
SLC12A3 (6559),SLC12A3,6559
RAD18 (56852),RAD18,56852
ATP2B1 (490),ATP2B1,490
NCK2 (8440),NCK2,8440
MAP4K4 (9448),MAP4K4,9448
MGAT4A (11320),MGAT4A,11320
RPL31 (6160),RPL31,6160
WDR1 (9948),WDR1,9948
SNX13 (23161),SNX13,23161
ARHGAP10 (79658),ARHGAP10,79658
RPS6KA2 (6196),RPS6KA2,6196
ING3 (54556),ING3,54556
VASH1 (22846),VASH1,22846
LMCD1 (29995),LMCD1,29995
BUD23 (114049),BUD23,114049
SEL1L (6400),SEL1L,6400
TRIP13 (9319),TRIP13,9319
ATP6AP1 (537),ATP6AP1,537
TCF3 (6929),TCF3,6929
TRIB2 (28951),TRIB2,28951
DAZAP1 (26528),DAZAP1,26528
MBD3 (53615),MBD3,53615
PRLH (51052),PRLH,51052
HLTF (6596),HLTF,6596
FAM50A (9130),FAM50A,9130
FAM3A (60343),FAM3A,60343
CPSF1 (29894),CPSF1,29894
MYO3B (140469),MYO3B,140469
CYBRD1 (79901),CYBRD1,79901
CDH19 (28513),CDH19,28513
PDCD2 (5134),PDCD2,5134
SLC6A15 (55117),SLC6A15,55117
RDH11 (51109),RDH11,51109
PRKACA (5566),PRKACA,5566
ADGRL1 (22859),ADGRL1,22859
ACTN1 (87),ACTN1,87
ZFYVE26 (23503),ZFYVE26,23503
RPS6KA6 (27330),RPS6KA6,27330
EPN2 (22905),EPN2,22905
PTPN18 (26469),PTPN18,26469
LIMS2 (55679),LIMS2,55679
ASIC4 (55515),ASIC4,55515
SPEG (10290),SPEG,10290
LNX1 (84708),LNX1,84708
ALDH3A2 (224),ALDH3A2,224
TFRC (7037),TFRC,7037
SREBF1 (6720),SREBF1,6720
AFF4 (27125),AFF4,27125
UBE2D1 (7321),UBE2D1,7321
PALS1 (64398),PALS1,64398
RHOBTB1 (9886),RHOBTB1,9886
SMC1A (8243),SMC1A,8243
HSD17B10 (3028),HSD17B10,3028
MARK2 (2011),MARK2,2011
HMMR (3161),HMMR,3161
CHFR (55743),CHFR,55743
TRHDE (29953),TRHDE,29953
P4HA2 (8974),P4HA2,8974
NFATC3 (4775),NFATC3,4775
TRNT1 (51095),TRNT1,51095
ACADVL (37),ACADVL,37
STK10 (6793),STK10,6793
FBXW11 (23291),FBXW11,23291
ACAP1 (9744),ACAP1,9744
CRMP1 (1400),CRMP1,1400
EVC (2121),EVC,2121
DERL2 (51009),DERL2,51009
SIDT1 (54847),SIDT1,54847
NDE1 (54820),NDE1,54820
IRAG1 (10335),IRAG1,10335
TMEM38A (79041),TMEM38A,79041
AP1M1 (8907),AP1M1,8907
PVR (5817),PVR,5817
XRCC1 (7515),XRCC1,7515
SCARB1 (949),SCARB1,949
CYP2W1 (54905),CYP2W1,54905
MCM2 (4171),MCM2,4171
PANX2 (56666),PANX2,56666
SELENOO (83642),SELENOO,83642
TP63 (8626),TP63,8626
ALPK1 (80216),ALPK1,80216
LLGL2 (3993),LLGL2,3993
PDE8A (5151),PDE8A,5151
CLCN4 (1183),CLCN4,1183
NLE1 (54475),NLE1,54475
SDHA (6389),SDHA,6389
SMARCE1 (6605),SMARCE1,6605
FNDC8 (54752),FNDC8,54752
GSDMB (55876),GSDMB,55876
KDM5A (5927),KDM5A,5927
ADAM11 (4185),ADAM11,4185
PPP2R3A (5523),PPP2R3A,5523
FERMT2 (10979),FERMT2,10979
DHRS9 (10170),DHRS9,10170
PTGS2 (5743),PTGS2,5743
IGF2BP2 (10644),IGF2BP2,10644
MAP3K13 (9175),MAP3K13,9175
ST6GAL1 (6480),ST6GAL1,6480
FRY (10129),FRY,10129
PICALM (8301),PICALM,8301
NSF (4905),NSF,4905
GLI2 (2736),GLI2,2736
CLASP1 (23332),CLASP1,23332
MRPS34 (65993),MRPS34,65993
NOTCH3 (4854),NOTCH3,4854
CLNS1A (1207),CLNS1A,1207
PPP2R2C (5522),PPP2R2C,5522
TEAD2 (8463),TEAD2,8463
EED (8726),EED,8726
CDHR2 (54825),CDHR2,54825
SNCB (6620),SNCB,6620
TSG101 (7251),TSG101,7251
NCBP3 (55421),NCBP3,55421
ATP2A3 (489),ATP2A3,489
CA12 (771),CA12,771
MGLL (11343),MGLL,11343
NTN4 (59277),NTN4,59277
BCS1L (617),BCS1L,617
NUAK1 (9891),NUAK1,9891
DPP8 (54878),DPP8,54878
SLC24A1 (9187),SLC24A1,9187
ZNF532 (55205),ZNF532,55205
SCARF1 (8578),SCARF1,8578
LMAN1 (3998),LMAN1,3998
HACD3 (51495),HACD3,51495
IPCEF1 (26034),IPCEF1,26034
ZZEF1 (23140),ZZEF1,23140
ENO1 (2023),ENO1,2023
SLC12A1 (6557),SLC12A1,6557
MYDGF (56005),MYDGF,56005
ANO8 (57719),ANO8,57719
TUBE1 (51175),TUBE1,51175
ARHGEF10L (55160),ARHGEF10L,55160
TXK (7294),TXK,7294
KCNQ2 (3785),KCNQ2,3785
TACR2 (6865),TACR2,6865
ACTR6 (64431),ACTR6,64431
TIPIN (54962),TIPIN,54962
SRI (6717),SRI,6717
EIF4G3 (8672),EIF4G3,8672
NUP37 (79023),NUP37,79023
SEMA3A (10371),SEMA3A,10371
GTSE1 (51512),GTSE1,51512
SEMA3C (10512),SEMA3C,10512
TTC38 (55020),TTC38,55020
ACAT1 (38),ACAT1,38
GRAMD4 (23151),GRAMD4,23151
CELSR1 (9620),CELSR1,9620
WNT8B (7479),WNT8B,7479
ZNF638 (27332),ZNF638,27332
SLC25A40 (55972),SLC25A40,55972
TIMM21 (29090),TIMM21,29090
ADD2 (119),ADD2,119
RASAL2 (9462),RASAL2,9462
VPS9D1 (9605),VPS9D1,9605
ZNF37A (7587),ZNF37A,7587
MARK3 (4140),MARK3,4140
SLC25A3 (5250),SLC25A3,5250
FNDC3B (64778),FNDC3B,64778
FOSL2 (2355),FOSL2,2355
CACNG5 (27091),CACNG5,27091
CACNG4 (27092),CACNG4,27092
FRYL (285527),FRYL,285527
TMEM131 (23505),TMEM131,23505
FSCN1 (6624),FSCN1,6624
ACTB (60),ACTB,60
MOCOS (55034),MOCOS,55034
PLD1 (5337),PLD1,5337
ATP12A (479),ATP12A,479
WDR62 (284403),WDR62,284403
DLG1 (1739),DLG1,1739
RAB7A (7879),RAB7A,7879
BCAP29 (55973),BCAP29,55973
SEC31B (25956),SEC31B,25956
SART3 (9733),SART3,9733
ARHGAP15 (55843),ARHGAP15,55843
TUBA3D (113457),TUBA3D,113457
PAX2 (5076),PAX2,5076
EXOSC7 (23016),EXOSC7,23016
KIFAP3 (22920),KIFAP3,22920
MKRN2 (23609),MKRN2,23609
MCM6 (4175),MCM6,4175
REXO2 (25996),REXO2,25996
RBM7 (10179),RBM7,10179
RBMS2 (5939),RBMS2,5939
BAZ2A (11176),BAZ2A,11176
PTPN23 (25930),PTPN23,25930
MLH1 (4292),MLH1,4292
UNG (7374),UNG,7374
FMO4 (2329),FMO4,2329
KLHL20 (27252),KLHL20,27252
RGS11 (8786),RGS11,8786
SLC46A1 (113235),SLC46A1,113235
PLXNA2 (5362),PLXNA2,5362
SPAG5 (10615),SPAG5,10615
ANKRD13A (88455),ANKRD13A,88455
TPD52 (7163),TPD52,7163
ACACB (32),ACACB,32
TRAF4 (9618),TRAF4,9618
PAG1 (55824),PAG1,55824
GPATCH1 (55094),GPATCH1,55094
NT5C2 (22978),NT5C2,22978
MCAM (4162),MCAM,4162
GPC4 (2239),GPC4,2239
MBNL3 (55796),MBNL3,55796
CAMSAP3 (57662),CAMSAP3,57662
RAP1GAP (5909),RAP1GAP,5909
XAB2 (56949),XAB2,56949
ARHGEF1 (9138),ARHGEF1,9138
STXBP2 (6813),STXBP2,6813
MAP2K7 (5609),MAP2K7,5609
DGKD (8527),DGKD,8527
CTTNBP2 (83992),CTTNBP2,83992
RARB (5915),RARB,5915
TOP2B (7155),TOP2B,7155
TM9SF3 (56889),TM9SF3,56889
NFKB2 (4791),NFKB2,4791
UBE2T (29089),UBE2T,29089
PPP1R12B (4660),PPP1R12B,4660
DNAJC10 (54431),DNAJC10,54431
GTF3C1 (2975),GTF3C1,2975
IL4R (3566),IL4R,3566
USP33 (23032),USP33,23032
PAK3 (5063),PAK3,5063
CAPN6 (827),CAPN6,827
SNRPA (6626),SNRPA,6626
SPAG6 (9576),SPAG6,9576
EXOSC5 (56915),EXOSC5,56915
DYNC1I2 (1781),DYNC1I2,1781
APBB1IP (54518),APBB1IP,54518
LRCH4 (4034),LRCH4,4034
FAM76B (143684),FAM76B,143684
SIRT6 (51548),SIRT6,51548
TYR (7299),TYR,7299
POLD3 (10714),POLD3,10714
ACTN2 (88),ACTN2,88
CAPZB (832),CAPZB,832
GPR137B (7107),GPR137B,7107
NAALAD2 (10003),NAALAD2,10003
JADE1 (79960),JADE1,79960
SLC25A43 (203427),SLC25A43,203427
UBE2A (7319),UBE2A,7319
FGFR1 (2260),FGFR1,2260
SMC1B (27127),SMC1B,27127
FBLN1 (2192),FBLN1,2192
ITGA8 (8516),ITGA8,8516
CST7 (8530),CST7,8530
MAP2 (4133),MAP2,4133
PIAS2 (9063),PIAS2,9063
AMPH (273),AMPH,273
ARAF (369),ARAF,369
MCCC1 (56922),MCCC1,56922
LAMP3 (27074),LAMP3,27074
FAP (2191),FAP,2191
NEBL (10529),NEBL,10529
ACER3 (55331),ACER3,55331
UBE2K (3093),UBE2K,3093
PIK3C3 (5289),PIK3C3,5289
N4BP2 (55728),N4BP2,55728
TIGAR (57103),TIGAR,57103
TULP3 (7289),TULP3,7289
SYNJ2 (8871),SYNJ2,8871
ADCY2 (108),ADCY2,108
PPP2R5C (5527),PPP2R5C,5527
RBFOX1 (54715),RBFOX1,54715
GNB1 (2782),GNB1,2782
HOXA9 (3205),HOXA9,3205
EDN1 (1906),EDN1,1906
MLLT10 (8028),MLLT10,8028
ZCWPW1 (55063),ZCWPW1,55063
P2RY10 (27334),P2RY10,27334
ITM2A (9452),ITM2A,9452
NRDC (4898),NRDC,4898
VDAC3 (7419),VDAC3,7419
PCM1 (5108),PCM1,5108
TNRC6C (57690),TNRC6C,57690
CBFA2T2 (9139),CBFA2T2,9139
BRINP1 (1620),BRINP1,1620
ITCH (83737),ITCH,83737
PKD2L2 (27039),PKD2L2,27039
TP53INP2 (58476),TP53INP2,58476
SDF4 (51150),SDF4,51150
MYH7B (57644),MYH7B,57644
BPIFB2 (80341),BPIFB2,80341
TP73 (7161),TP73,7161
TOLLIP (54472),TOLLIP,54472
UBE2D4 (51619),UBE2D4,51619
CLUL1 (27098),CLUL1,27098
RUNX1T1 (862),RUNX1T1,862
CDH17 (1015),CDH17,1015
THOC1 (9984),THOC1,9984
FKBP7 (51661),FKBP7,51661
OSBPL6 (114880),OSBPL6,114880
SLC1A3 (6507),SLC1A3,6507
XRCC5 (7520),XRCC5,7520
LXN (56925),LXN,56925
SP140 (11262),SP140,11262
MKNK1 (8569),MKNK1,8569
TNS1 (7145),TNS1,7145
REXO1 (57455),REXO1,57455
SAR1A (56681),SAR1A,56681
CDC14A (8556),CDC14A,8556
RAPGEF3 (10411),RAPGEF3,10411
CEACAM1 (634),CEACAM1,634
SENP1 (29843),SENP1,29843
DUSP13B (51207),DUSP13B,51207
CIC (23152),CIC,23152
LIPE (3991),LIPE,3991
FDFT1 (2222),FDFT1,2222
PAFAH1B3 (5050),PAFAH1B3,5050
OPHN1 (4983),OPHN1,4983
KIF22 (3835),KIF22,3835
SCGN (10590),SCGN,10590
CARMIL1 (55604),CARMIL1,55604
PGM1 (5236),PGM1,5236
DDX1 (1653),DDX1,1653
DNM2 (1785),DNM2,1785
EPB41L2 (2037),EPB41L2,2037
RIMS1 (22999),RIMS1,22999
MOXD1 (26002),MOXD1,26002
STX7 (8417),STX7,8417
RABL2B (11158),RABL2B,11158
KEAP1 (9817),KEAP1,9817
DDX43 (55510),DDX43,55510
PTPRH (5794),PTPRH,5794
DCT (1638),DCT,1638
SLC35C2 (51006),SLC35C2,51006
CRYBG3 (131544),CRYBG3,131544
EPHA6 (285220),EPHA6,285220
RFX3 (5991),RFX3,5991
RIF1 (55183),RIF1,55183
RAB21 (23011),RAB21,23011
SLC4A4 (8671),SLC4A4,8671
SMARCA2 (6595),SMARCA2,6595
SESN1 (27244),SESN1,27244
MID2 (11043),MID2,11043
COL5A3 (50509),COL5A3,50509
SRCAP (10847),SRCAP,10847
PUM3 (9933),PUM3,9933
CPB2 (1361),CPB2,1361
CHRNA3 (1136),CHRNA3,1136
KCNN2 (3781),KCNN2,3781
CNOT4 (4850),CNOT4,4850
PSEN1 (5663),PSEN1,5663
CPOX (1371),CPOX,1371
CLDND1 (56650),CLDND1,56650
MOK (5891),MOK,5891
HSP90AA1 (3320),HSP90AA1,3320
RBL1 (5933),RBL1,5933
DLGAP4 (22839),DLGAP4,22839
IGSF9B (22997),IGSF9B,22997
NDC80 (10403),NDC80,10403
AP4E1 (23431),AP4E1,23431
RSBN1 (54665),RSBN1,54665
MAGI3 (260425),MAGI3,260425
CXCL2 (2920),CXCL2,2920
AFP (174),AFP,174
COL4A4 (1286),COL4A4,1286
TCF7 (6932),TCF7,6932
OSTM1 (28962),OSTM1,28962
CDH7 (1005),CDH7,1005
IMPG2 (50939),IMPG2,50939
PCNP (57092),PCNP,57092
EXD2 (55218),EXD2,55218
ARG2 (384),ARG2,384
MEF2C (4208),MEF2C,4208
PTPRC (5788),PTPRC,5788
PKP1 (5317),PKP1,5317
UBA5 (79876),UBA5,79876
STK17B (9262),STK17B,9262
CDC14B (8555),CDC14B,8555
ZNF510 (22869),ZNF510,22869
LRP2 (4036),LRP2,4036
ZNF506 (440515),ZNF506,440515
JMJD4 (65094),JMJD4,65094
DUSP12 (11266),DUSP12,11266
AACS (65985),AACS,65985
DELE1 (9812),DELE1,9812
CADPS2 (93664),CADPS2,93664
IFT25 (51668),IFT25,51668
PHLPP1 (23239),PHLPP1,23239
ATP8B1 (5205),ATP8B1,5205
IL12RB2 (3595),IL12RB2,3595
SMARCD3 (6604),SMARCD3,6604
WDR70 (55100),WDR70,55100
FYB1 (2533),FYB1,2533
MPP4 (58538),MPP4,58538
STRADB (55437),STRADB,55437
BZW1 (9689),BZW1,9689
PGR (5241),PGR,5241
C1QTNF3 (114899),C1QTNF3,114899
ME2 (4200),ME2,4200
C5orf22 (55322),C5orf22,55322
CCNT2 (905),CCNT2,905
FAM135A (57579),FAM135A,57579
COL19A1 (1310),COL19A1,1310
EPB41L3 (23136),EPB41L3,23136
COBLL1 (22837),COBLL1,22837
DLG3 (1741),DLG3,1741
KCNK2 (3776),KCNK2,3776
SERTAD4 (56256),SERTAD4,56256
TRAF5 (7188),TRAF5,7188
MRPL22 (29093),MRPL22,29093
GEMIN5 (25929),GEMIN5,25929
OPRK1 (4986),OPRK1,4986
NFE2L1 (4779),NFE2L1,4779
SEMA5B (54437),SEMA5B,54437
GSK3B (2932),GSK3B,2932
ITGB5 (3693),ITGB5,3693
ERC1 (23085),ERC1,23085
XPO1 (7514),XPO1,7514
RNF13 (11342),RNF13,11342
TRPM3 (80036),TRPM3,80036
PALB2 (79728),PALB2,79728
DOP1A (23033),DOP1A,23033
LYRM2 (57226),LYRM2,57226
BCKDHB (594),BCKDHB,594
KAT6A (7994),KAT6A,7994
TUT7 (79670),TUT7,79670
ULK2 (9706),ULK2,9706
GRHL2 (79977),GRHL2,79977
TNPO1 (3842),TNPO1,3842
PLOD1 (5351),PLOD1,5351
P2RX5 (5026),P2RX5,5026
ITGAE (3682),ITGAE,3682
DIS3 (22894),DIS3,22894
PIBF1 (10464),PIBF1,10464
TDRD3 (81550),TDRD3,81550
NUFIP1 (26747),NUFIP1,26747
PDS5B (23047),PDS5B,23047
OXCT1 (5019),OXCT1,5019
RRAGB (10325),RRAGB,10325
CYLD (1540),CYLD,1540
SLC27A5 (10998),SLC27A5,10998
ZNF324 (25799),ZNF324,25799
ZNF671 (79891),ZNF671,79891
ZNF416 (55659),ZNF416,55659
ZNF586 (54807),ZNF586,54807
ZNF446 (55663),ZNF446,55663
ZNF264 (9422),ZNF264,9422
RPS5 (6193),RPS5,6193
FAT1 (2195),FAT1,2195
YTHDC1 (91746),YTHDC1,91746
CHMP2B (25978),CHMP2B,25978
SMAP2 (64744),SMAP2,64744
PPIE (10450),PPIE,10450
ZMPSTE24 (10269),ZMPSTE24,10269
STARD7 (56910),STARD7,56910
NOA1 (84273),NOA1,84273
REST (5978),REST,5978
HAL (3034),HAL,3034
SSH1 (54434),SSH1,54434
GSTP1 (2950),GSTP1,2950
APLP2 (334),APLP2,334
FAM234B (57613),FAM234B,57613
SLCO1A2 (6579),SLCO1A2,6579
WBP11 (51729),WBP11,51729
EIF3I (8668),EIF3I,8668
NKAIN1 (79570),NKAIN1,79570
COL16A1 (1307),COL16A1,1307
TXLNA (200081),TXLNA,200081
APOB (338),APOB,338
NCOA1 (8648),NCOA1,8648
AGBL5 (60509),AGBL5,60509
EFR3B (22979),EFR3B,22979
KIF3C (3797),KIF3C,3797
RAB10 (10890),RAB10,10890
GCKR (2646),GCKR,2646
HADHA (3030),HADHA,3030
MAPRE3 (22924),MAPRE3,22924
CAD (790),CAD,790
CD59 (966),CD59,966
CD82 (3732),CD82,3732
BCORL1 (63035),BCORL1,63035
ATRX (546),ATRX,546
AK6 (102157402),AK6,102157402
MYNN (55892),MYNN,55892
MECOM (2122),MECOM,2122
SCAMP1 (9522),SCAMP1,9522
PREP (5550),PREP,5550
HACE1 (57531),HACE1,57531
SEH1L (81929),SEH1L,81929
WDR47 (22911),WDR47,22911
WDFY1 (57590),WDFY1,57590
OVGP1 (5016),OVGP1,5016
SLC25A24 (29957),SLC25A24,29957
MAP3K4 (4216),MAP3K4,4216
PILRA (29992),PILRA,29992
IGSF9 (57549),IGSF9,57549
ABCB1 (5243),ABCB1,5243
ZNF213 (7760),ZNF213,7760
AKR1B1 (231),AKR1B1,231
CPNE3 (8895),CPNE3,8895
RRN3 (54700),RRN3,54700
CTTN (2017),CTTN,2017
WNT11 (7481),WNT11,7481
MTIF2 (4528),MTIF2,4528
DDHD2 (23259),DDHD2,23259
TTC39A (22996),TTC39A,22996
EPS15 (2060),EPS15,2060
ORC1 (4998),ORC1,4998
MGST2 (4258),MGST2,4258
CHERP (10523),CHERP,10523
ATG16L1 (55054),ATG16L1,55054
USP40 (55230),USP40,55230
POMGNT1 (55624),POMGNT1,55624
RAD54L (8438),RAD54L,8438
MAST2 (23139),MAST2,23139
DNAJA1 (3301),DNAJA1,3301
B4GALT1 (2683),B4GALT1,2683
CHMP5 (51510),CHMP5,51510
NFX1 (4799),NFX1,4799
AQP6 (363),AQP6,363
DIMT1 (27292),DIMT1,27292
IPO11 (51194),IPO11,51194
FOLH1 (2346),FOLH1,2346
EIF2AK1 (27102),EIF2AK1,27102
EPDR1 (54749),EPDR1,54749
SNX10 (29887),SNX10,29887
SEPHS1 (22929),SEPHS1,22929
MRPL28 (10573),MRPL28,10573
HBQ1 (3049),HBQ1,3049
ITPKC (80271),ITPKC,80271
CEACAM6 (4680),CEACAM6,4680
FAT2 (2196),FAT2,2196
RBM22 (55696),RBM22,55696
TMED2 (10959),TMED2,10959
ERO1B (56605),ERO1B,56605
ZFAND6 (54469),ZFAND6,54469
HSD17B2 (3294),HSD17B2,3294
TXLNG (55787),TXLNG,55787
PPEF1 (5475),PPEF1,5475
LAT2 (7462),LAT2,7462
HUWE1 (10075),HUWE1,10075
ZW10 (9183),ZW10,9183
ALG9 (79796),ALG9,79796
MYBPC2 (4606),MYBPC2,4606
ACOX3 (8310),ACOX3,8310
MTMR2 (8898),MTMR2,8898
PPP1R15A (23645),PPP1R15A,23645
HSD17B14 (51171),HSD17B14,51171
TRIP6 (7205),TRIP6,7205
ACHE (43),ACHE,43
FTL (2512),FTL,2512
SRRT (51593),SRRT,51593
BAX (581),BAX,581
NLK (51701),NLK,51701
PIGS (94005),PIGS,94005
ADAMTS2 (9509),ADAMTS2,9509
TMPRSS11E (28983),TMPRSS11E,28983
ATXN7L3 (56970),ATXN7L3,56970
PGS1 (9489),PGS1,9489
PSMC5 (5705),PSMC5,5705
UIMC1 (51720),UIMC1,51720
CETP (1071),CETP,1071
MMP2 (4313),MMP2,4313
LPCAT2 (54947),LPCAT2,54947
GNAO1 (2775),GNAO1,2775
OGFOD1 (55239),OGFOD1,55239
SH3BP2 (6452),SH3BP2,6452
NOP14 (8602),NOP14,8602
ADD1 (118),ADD1,118
L2HGDH (79944),L2HGDH,79944
TXNDC16 (57544),TXNDC16,57544
RTRAF (51637),RTRAF,51637
NID2 (22795),NID2,22795
GMCL1 (64395),GMCL1,64395
SF3B2 (10992),SF3B2,10992
KLHL42 (57542),KLHL42,57542
GNAS (2778),GNAS,2778
DNM1L (10059),DNM1L,10059
PTHLH (5744),PTHLH,5744
PHACTR3 (116154),PHACTR3,116154
ERGIC2 (51290),ERGIC2,51290
TFAP2C (7022),TFAP2C,7022
AURKA (6790),AURKA,6790
CASS4 (57091),CASS4,57091
PIR (8544),PIR,8544
AAMDC (28971),AAMDC,28971
RFX2 (5990),RFX2,5990
METTL2A (339175),METTL2A,339175
SULT2B1 (6820),SULT2B1,6820
ALG6 (29929),ALG6,29929
CNOT3 (4849),CNOT3,4849
GP6 (51206),GP6,51206
PTPN4 (5775),PTPN4,5775
DDX18 (8886),DDX18,8886
KHSRP (8570),KHSRP,8570
GNA11 (2767),GNA11,2767
ASAP3 (55616),ASAP3,55616
EDEM2 (55741),EDEM2,55741
DNMT3B (1789),DNMT3B,1789
TPX2 (22974),TPX2,22974
PDRG1 (81572),PDRG1,81572
EPB41L1 (2036),EPB41L1,2036
SLC15A1 (6564),SLC15A1,6564
DOCK9 (23348),DOCK9,23348
ANKRD10 (55608),ANKRD10,55608
TGDS (23483),TGDS,23483
DOCK3 (1795),DOCK3,1795
C3orf18 (51161),C3orf18,51161
COQ9 (57017),COQ9,57017
TMEM40 (55287),TMEM40,55287
KIF9 (64147),KIF9,64147
ARHGAP28 (79822),ARHGAP28,79822
CRLS1 (54675),CRLS1,54675
PPP1R13B (23368),PPP1R13B,23368
ATRN (8455),ATRN,8455
SMOX (54498),SMOX,54498
FKBP1A (2280),FKBP1A,2280
NSFL1C (55968),NSFL1C,55968
SLC4A11 (83959),SLC4A11,83959
DNAAF9 (25943),DNAAF9,25943
ZNF343 (79175),ZNF343,79175
EBF4 (57593),EBF4,57593
CPXM1 (56265),CPXM1,56265
MAVS (57506),MAVS,57506
LZTS3 (9762),LZTS3,9762
XRN2 (22803),XRN2,22803
KIZ (55857),KIZ,55857
DYNLL1 (8655),DYNLL1,8655
TESC (54997),TESC,54997
SNX5 (27131),SNX5,27131
RPL6 (6128),RPL6,6128
SIRPG (55423),SIRPG,55423
MAPKAPK5 (8550),MAPKAPK5,8550
P2RX7 (5027),P2RX7,5027
ESF1 (51575),ESF1,51575
RBBP9 (10741),RBBP9,10741
ANAPC5 (51433),ANAPC5,51433
SLC23A2 (9962),SLC23A2,9962
SLC8B1 (80024),SLC8B1,80024
TMEM230 (29058),TMEM230,29058
DZANK1 (55184),DZANK1,55184
KDM2B (84678),KDM2B,84678
CFAP61 (26074),CFAP61,26074
LHX5 (64211),LHX5,64211
TASP1 (55617),TASP1,55617
OAS1 (4938),OAS1,4938
GCN1 (10985),GCN1,10985
RPLP0 (6175),RPLP0,6175
PXN (5829),PXN,5829
SIRT4 (23409),SIRT4,23409
KIF16B (55614),KIF16B,55614
TRMT6 (51605),TRMT6,51605
CHGB (1114),CHGB,1114
PEBP1 (5037),PEBP1,5037
BRAP (8315),BRAP,8315
ERP29 (10961),ERP29,10961
FUS (2521),FUS,2521
IGBP1 (3476),IGBP1,3476
FXYD5 (53827),FXYD5,53827
ZNF302 (55900),ZNF302,55900
GRAMD1A (57655),GRAMD1A,57655
FXYD3 (5349),FXYD3,5349
HEPH (9843),HEPH,9843
CDIP1 (29965),CDIP1,29965
CMTM1 (113540),CMTM1,113540
KCNH4 (23415),KCNH4,23415
GANAB (23193),GANAB,23193
GMIP (51291),GMIP,51291
RBM41 (55285),RBM41,55285
BIRC5 (332),BIRC5,332
LAG3 (3902),LAG3,3902
MLF2 (8079),MLF2,8079
OTUB2 (78990),OTUB2,78990
DDX24 (57062),DDX24,57062
ZBTB25 (7597),ZBTB25,7597
NECAP1 (25977),NECAP1,25977
ARHGAP4 (393),ARHGAP4,393
ANKRD24 (170961),ANKRD24,170961
DHX32 (55760),DHX32,55760
RCOR1 (23186),RCOR1,23186
GPATCH2L (55668),GPATCH2L,55668
LTBP4 (8425),LTBP4,8425
BLVRB (645),BLVRB,645
SLC9A1 (6548),SLC9A1,6548
SPTLC1 (10558),SPTLC1,10558
PAPOLA (10914),PAPOLA,10914
CCNK (8812),CCNK,8812
PCBP4 (57060),PCBP4,57060
RGS1 (5996),RGS1,5996
YPEL3 (83719),YPEL3,83719
MRPS33 (51650),MRPS33,51650
NDUFB2 (4708),NDUFB2,4708
NUDC (10726),NUDC,10726
MAEA (10296),MAEA,10296
ICAM1 (3383),ICAM1,3383
STRN4 (29888),STRN4,29888
IRAK3 (11213),IRAK3,11213
LYZ (4069),LYZ,4069
MUL1 (79594),MUL1,79594
TFAP4 (7023),TFAP4,7023
PDCD7 (10081),PDCD7,10081
SPG21 (51324),SPG21,51324
DNAJB11 (51726),DNAJB11,51726
P3H2 (55214),P3H2,55214
CHRD (8646),CHRD,8646
FLT3LG (2323),FLT3LG,2323
RAB11FIP3 (9727),RAB11FIP3,9727
GNPTG (84572),GNPTG,84572
ZNF268 (10795),ZNF268,10795
GOLGA3 (2802),GOLGA3,2802
PABPC4 (8761),PABPC4,8761
CERS4 (79603),CERS4,79603
MCOLN1 (57192),MCOLN1,57192
USP48 (84196),USP48,84196
EFNB1 (1947),EFNB1,1947
PDPR (55066),PDPR,55066
AARS1 (16),AARS1,16
GLG1 (2734),GLG1,2734
KIF4A (24137),KIF4A,24137
TNRC6A (27327),TNRC6A,27327
PLEKHG2 (64857),PLEKHG2,64857
DLL3 (10683),DLL3,10683
NAT14 (57106),NAT14,57106
PITPNM2 (57605),PITPNM2,57605
EXOC1 (55763),EXOC1,55763
RBM27 (54439),RBM27,54439
POU4F3 (5459),POU4F3,5459
OSBPL8 (114882),OSBPL8,114882
DTX2 (113878),DTX2,113878
NLRC4 (58484),NLRC4,58484
PUS7 (54517),PUS7,54517
NRCAM (4897),NRCAM,4897
LAMB1 (3912),LAMB1,3912
SLC26A4 (5172),SLC26A4,5172
SLC26A3 (1811),SLC26A3,1811
DLD (1738),DLD,1738
WDR7 (23335),WDR7,23335
TXNL1 (9352),TXNL1,9352
ABCC6 (368),ABCC6,368
CMTM6 (54918),CMTM6,54918
ITGA6 (3655),ITGA6,3655
RAPGEF4 (11069),RAPGEF4,11069
MAP3K20 (51776),MAP3K20,51776
SMPX (23676),SMPX,23676
FH (2271),FH,2271
SEL1L3 (23231),SEL1L3,23231
TF (7018),TF,7018
CDV3 (55573),CDV3,55573
MYO15A (51168),MYO15A,51168
ALKBH5 (54890),ALKBH5,54890
NLRP1 (22861),NLRP1,22861
PITPNM3 (83394),PITPNM3,83394
SPAG7 (9552),SPAG7,9552
ORC6 (23594),ORC6,23594
ZFHX4 (79776),ZFHX4,79776
ZC3HC1 (51530),ZC3HC1,51530
ESR1 (2099),ESR1,2099
RGS17 (26575),RGS17,26575
ANGPT2 (285),ANGPT2,285
TMEM101 (84336),TMEM101,84336
CD200 (4345),CD200,4345
CCDC80 (151887),CCDC80,151887
PSME1 (5720),PSME1,5720
PPP2R3C (55012),PPP2R3C,55012
HAUS4 (54930),HAUS4,54930
JPH4 (84502),JPH4,84502
SLC7A8 (23428),SLC7A8,23428
OSGEP (55644),OSGEP,55644
SLC22A17 (51310),SLC22A17,51310
RNF31 (55072),RNF31,55072
SCFD1 (23256),SCFD1,23256
G2E3 (55632),G2E3,55632
HECTD1 (25831),HECTD1,25831
HNRNPC (3183),HNRNPC,3183
RPGRIP1 (57096),RPGRIP1,57096
SUPT16H (11198),SUPT16H,11198
TOX4 (9878),TOX4,9878
GEMIN2 (8487),GEMIN2,8487
TGM1 (7051),TGM1,7051
TINF2 (26277),TINF2,26277
DAZL (1618),DAZL,1618
SEMA6A (57556),SEMA6A,57556
TRPM7 (54822),TRPM7,54822
TYRO3 (7301),TYRO3,7301
WDR76 (79968),WDR76,79968
CAPN3 (825),CAPN3,825
SNAP23 (8773),SNAP23,8773
TBX15 (6913),TBX15,6913
PHGDH (26227),PHGDH,26227
COL9A3 (1299),COL9A3,1299
EZR (7430),EZR,7430
MYL6 (4637),MYL6,4637
AGO1 (26523),AGO1,26523
TEKT2 (27285),TEKT2,27285
CLSPN (63967),CLSPN,63967
RFFL (117584),RFFL,117584
UNC13D (201294),UNC13D,201294
MFSD11 (79157),MFSD11,79157
DPYSL2 (1808),DPYSL2,1808
TGFB2 (7042),TGFB2,7042
GPATCH2 (55105),GPATCH2,55105
NUP50 (10762),NUP50,10762
CDC45 (8318),CDC45,8318
COMT (1312),COMT,1312
ADA2 (51816),ADA2,51816
ECHDC1 (55862),ECHDC1,55862
LRRFIP2 (9209),LRRFIP2,9209
SEC22C (9117),SEC22C,9117
XYLB (9942),XYLB,9942
HDAC6 (10013),HDAC6,10013
GABRP (2568),GABRP,2568
CDC6 (990),CDC6,990
UPRT (139596),UPRT,139596
CDC23 (8697),CDC23,8697
AAAS (8086),AAAS,8086
CBX5 (23468),CBX5,23468
SUCO (51430),SUCO,51430
MSH2 (4436),MSH2,4436
MAP3K1 (4214),MAP3K1,4214
DHPS (1725),DHPS,1725
HOOK2 (29911),HOOK2,29911
ARCN1 (372),ARCN1,372
EPB41L4B (54566),EPB41L4B,54566
TMEM38B (55151),TMEM38B,55151
PSMD5 (5711),PSMD5,5711
PTGS1 (5742),PTGS1,5742
NUP188 (23511),NUP188,23511
CRAT (1384),CRAT,1384
SH2D3C (10044),SH2D3C,10044
NANS (54187),NANS,54187
TBC1D2 (55357),TBC1D2,55357
WHRN (25861),WHRN,25861
PDE6C (5146),PDE6C,5146
CWF19L1 (55280),CWF19L1,55280
SEMA4G (57715),SEMA4G,57715
BTAF1 (9044),BTAF1,9044
IKZF5 (64376),IKZF5,64376
BLNK (29760),BLNK,29760
TLL2 (7093),TLL2,7093
CYP26A1 (1592),CYP26A1,1592
TDRD1 (56165),TDRD1,56165
SORBS1 (10580),SORBS1,10580
BAMBI (25805),BAMBI,25805
IL11 (3589),IL11,3589
WAC (51322),WAC,51322
CREM (1390),CREM,1390
NUBP2 (10101),NUBP2,10101
HIVEP1 (3096),HIVEP1,3096
CRISP3 (10321),CRISP3,10321
FKBP5 (2289),FKBP5,2289
SRPK1 (6732),SRPK1,6732
BRPF3 (27154),BRPF3,27154
MRPS18A (55168),MRPS18A,55168
TMEM14A (28978),TMEM14A,28978
EFHC1 (114327),EFHC1,114327
HSP90AB1 (3326),HSP90AB1,3326
CDC5L (988),CDC5L,988
ITPR3 (3710),ITPR3,3710
ZNF184 (7738),ZNF184,7738
DSP (1832),DSP,1832
SIRT1 (23411),SIRT1,23411
HNRNPH3 (3189),HNRNPH3,3189
IFT74 (80173),IFT74,80173
JAK2 (3717),JAK2,3717
IL12RB1 (3594),IL12RB1,3594
ABL1 (25),ABL1,25
ACOT7 (11332),ACOT7,11332
SH3GLB1 (51100),SH3GLB1,51100
CDC7 (8317),CDC7,8317
SYDE2 (84144),SYDE2,84144
PCSK5 (5125),PCSK5,5125
SCD (6319),SCD,6319
TMED1 (11018),TMED1,11018
ABLIM1 (3983),ABLIM1,3983
ERMP1 (79956),ERMP1,79956
RAB18 (22931),RAB18,22931
NRP1 (8829),NRP1,8829
PRTFDC1 (56952),PRTFDC1,56952
PALMD (54873),PALMD,54873
TSPAN15 (23555),TSPAN15,23555
MACROH2A2 (55506),MACROH2A2,55506
WASHC2A (387680),WASHC2A,387680
MAST3 (23031),MAST3,23031
MZF1 (7593),MZF1,7593
OCEL1 (79629),OCEL1,79629
MYO9B (4650),MYO9B,4650
KCNK6 (9424),KCNK6,9424
CATSPERG (57828),CATSPERG,57828
PSMD8 (5714),PSMD8,5714
FBXL19 (54620),FBXL19,54620
STX1B (112755),STX1B,112755
HSD3B7 (80270),HSD3B7,80270
SETD1A (9739),SETD1A,9739
BCL7C (9274),BCL7C,9274
EFNA2 (1943),EFNA2,1943
CIRBP (1153),CIRBP,1153
ATP5F1D (513),ATP5F1D,513
CBARP (255057),CBARP,255057
IGFALS (3483),IGFALS,3483
HNRNPM (4670),HNRNPM,4670
MARCHF2 (51257),MARCHF2,51257
NDUFB7 (4713),NDUFB7,4713
TECR (9524),TECR,9524
TIMM13 (26517),TIMM13,26517
CDC34 (997),CDC34,997
MTAP (4507),MTAP,4507
MISP (126353),MISP,126353
CEP170B (283638),CEP170B,283638
POLR2E (5434),POLR2E,5434
POLRMT (5442),POLRMT,5442
HCN2 (610),HCN2,610
IZUMO4 (113177),IZUMO4,113177
RASSF7 (8045),RASSF7,8045
GADD45B (4616),GADD45B,4616
PALM (5064),PALM,5064
MADCAM1 (8174),MADCAM1,8174
MKNK2 (2872),MKNK2,2872
ARVCF (421),ARVCF,421
TRMT2A (27037),TRMT2A,27037
RANBP1 (5902),RANBP1,5902
ZDHHC8 (29801),ZDHHC8,29801
KLHL22 (84861),KLHL22,84861
MED15 (51586),MED15,51586
SERPIND1 (3053),SERPIND1,3053
SNAP29 (9342),SNAP29,9342
CRKL (1399),CRKL,1399
LZTR1 (8216),LZTR1,8216
MMP11 (4320),MMP11,4320
CECR2 (27443),CECR2,27443
SMARCB1 (6598),SMARCB1,6598
P2RX6 (9127),P2RX6,9127
DERL3 (91319),DERL3,91319
BCL2L13 (23786),BCL2L13,23786
OSM (5008),OSM,5008
CABIN1 (23523),CABIN1,23523
TBC1D10A (83874),TBC1D10A,83874
SUSD2 (56241),SUSD2,56241
SF3A1 (10291),SF3A1,10291
GGT5 (2687),GGT5,2687
RNF215 (200312),RNF215,200312
SEC14L2 (23541),SEC14L2,23541
SPECC1L (23384),SPECC1L,23384
PPIL2 (23759),PPIL2,23759
UPB1 (51733),UPB1,51733
YPEL1 (29799),YPEL1,29799
SNRPD3 (6634),SNRPD3,6634
PES1 (23481),PES1,23481
MAPK1 (5594),MAPK1,5594
GGT1 (2678),GGT1,2678
PRODH (5625),PRODH,5625
PPM1F (9647),PPM1F,9647
SLC35E4 (339665),SLC35E4,339665
TOP3B (8940),TOP3B,8940
CRYBB3 (1417),CRYBB3,1417
CYTH4 (27128),CYTH4,27128
ESS2 (8220),ESS2,8220
MFNG (4242),MFNG,4242
CARD10 (29775),CARD10,29775
SLC25A1 (6576),SLC25A1,6576
GRK3 (157),GRK3,157
LGALS2 (3957),LGALS2,3957
GGA1 (26088),GGA1,26088
HIRA (7290),HIRA,7290
SH3BP1 (23616),SH3BP1,23616
SEZ6L (23544),SEZ6L,23544
LGALS1 (3956),LGALS1,3956
HPS4 (89781),HPS4,89781
PIK3IP1 (113791),PIK3IP1,113791
SRRD (402055),SRRD,402055
PATZ1 (23598),PATZ1,23598
TRIOBP (11078),TRIOBP,11078
TFIP11 (24144),TFIP11,24144
GCAT (23464),GCAT,23464
ANKRD54 (129138),ANKRD54,129138
EIF3L (51386),EIF3L,51386
SNU13 (4809),SNU13,4809
MICALL1 (85377),MICALL1,85377
POLR2F (5435),POLR2F,5435
SOX10 (6663),SOX10,6663
CCDC134 (79879),CCDC134,79879
DEPDC5 (9681),DEPDC5,9681
PICK1 (9463),PICK1,9463
TTC28 (23331),TTC28,23331
SLC16A8 (23539),SLC16A8,23539
CENPM (79019),CENPM,79019
SEPTIN3 (55964),SEPTIN3,55964
SLC5A1 (6523),SLC5A1,6523
SLC5A4 (6527),SLC5A4,6527
KDELR3 (11015),KDELR3,11015
CYP2D6 (1565),CYP2D6,1565
DDX17 (10521),DDX17,10521
DMC1 (11144),DMC1,11144
TCF20 (6942),TCF20,6942
HSCB (150274),HSCB,150274
CBY1 (25776),CBY1,25776
TOMM22 (56993),TOMM22,56993
RSPH14 (27156),RSPH14,27156
XBP1 (7494),XBP1,7494
RTCB (51493),RTCB,51493
JOSD1 (9929),JOSD1,9929
FBXO7 (25793),FBXO7,25793
GTPBP1 (9567),GTPBP1,9567
POLDIP3 (84271),POLDIP3,84271
RAB36 (9609),RAB36,9609
TIMP3 (7078),TIMP3,7078
PPP6R2 (9701),PPP6R2,9701
SBF1 (6305),SBF1,6305
SUN2 (25777),SUN2,25777
CYB5R3 (1727),CYB5R3,1727
DNAL4 (10126),DNAL4,10126
MIOX (55586),MIOX,55586
LMF2 (91289),LMF2,91289
RHBDD3 (25807),RHBDD3,25807
PACSIN2 (11252),PACSIN2,11252
TTLL1 (25809),TTLL1,25809
RASL10A (10633),RASL10A,10633
AP1B1 (162),AP1B1,162
HMGXB4 (10042),HMGXB4,10042
TOM1 (10043),TOM1,10043
NEFH (4744),NEFH,4744
CHKB (1120),CHKB,1120
BIK (638),BIK,638
HMOX1 (3162),HMOX1,3162
MCAT (27349),MCAT,27349
THOC5 (8563),THOC5,8563
MCM5 (4174),MCM5,4174
APOBEC3H (164668),APOBEC3H,164668
ARSA (410),ARSA,410
TSPO (706),TSPO,706
RASD2 (23551),RASD2,23551
TTLL12 (23170),TTLL12,23170
CBX7 (23492),CBX7,23492
PDGFB (5155),PDGFB,5155
CABP7 (164633),CABP7,164633
RPL3 (6122),RPL3,6122
ZMAT5 (55954),ZMAT5,55954
RBFOX2 (23543),RBFOX2,23543
SYNGR1 (9145),SYNGR1,9145
TAB1 (10454),TAB1,10454
ASCC2 (84164),ASCC2,84164
MTMR3 (8897),MTMR3,8897
MIEF1 (54471),MIEF1,54471
APOL4 (80832),APOL4,80832
APOL1 (8542),APOL1,8542
PNPLA3 (80339),PNPLA3,80339
MYH9 (4627),MYH9,4627
CACNA1I (8911),CACNA1I,8911
SAMM50 (25813),SAMM50,25813
TXN2 (25828),TXN2,25828
FOXRED2 (80020),FOXRED2,80020
EIF3D (8664),EIF3D,8664
TNRC6B (23112),TNRC6B,23112
SGSM3 (27352),SGSM3,27352
IFT27 (11020),IFT27,11020
PVALB (5816),PVALB,5816
KIAA0930 (23313),KIAA0930,23313
NCF4 (4689),NCF4,4689
CSF2RB (1439),CSF2RB,1439
SLC25A17 (10478),SLC25A17,10478
UPK3A (7380),UPK3A,7380
FAM118A (55007),FAM118A,55007
KCTD17 (79734),KCTD17,79734
ST13 (6767),ST13,6767
IL2RB (3560),IL2RB,3560
RBX1 (9978),RBX1,9978
EP300 (2033),EP300,2033
L3MBTL2 (83746),L3MBTL2,83746
CHADL (150356),CHADL,150356
RANGAP1 (5905),RANGAP1,5905
ZC3H7B (23264),ZC3H7B,23264
PHF5A (84844),PHF5A,84844
ACO2 (50),ACO2,50
POLR3H (171568),POLR3H,171568
TRMU (55687),TRMU,55687
PMM1 (5372),PMM1,5372
DESI1 (27351),DESI1,27351
CERK (64781),CERK,64781
BRD1 (23774),BRD1,23774
ZBED4 (9889),ZBED4,9889
MLC1 (23209),MLC1,23209
HDAC10 (83933),HDAC10,83933
ABHD4 (63874),ABHD4,63874
KHNYN (23351),KHNYN,23351
FKBP3 (2287),FKBP3,2287
SDR39U1 (56948),SDR39U1,56948
CTSG (1511),CTSG,1511
GZMB (3002),GZMB,3002
RBM23 (55147),RBM23,55147
PRMT5 (10419),PRMT5,10419
COCH (1690),COCH,1690
AP4S1 (11154),AP4S1,11154
POLE2 (5427),POLE2,5427
VCPKMT (79609),VCPKMT,79609
SOS2 (6655),SOS2,6655
CDKL1 (8814),CDKL1,8814
NIN (51199),NIN,51199
PYGL (5836),PYGL,5836
TRIM9 (114088),TRIM9,114088
PSMC6 (5706),PSMC6,5706
GNPNAT1 (64841),GNPNAT1,64841
DDHD1 (80821),DDHD1,80821
CDKN3 (1033),CDKN3,1033
CNIH1 (10175),CNIH1,10175
CGRRF1 (10668),CGRRF1,10668
ATP6V1D (51382),ATP6V1D,51382
PLEK2 (26499),PLEK2,26499
PIGH (5283),PIGH,5283
PSMA3 (5684),PSMA3,5684
VTI1B (10490),VTI1B,10490
TIMM9 (26520),TIMM9,26520
GSTZ1 (2954),GSTZ1,2954
KIAA0586 (9786),KIAA0586,9786
TMED8 (283578),TMED8,283578
SAMD15 (161394),SAMD15,161394
AHSA1 (10598),AHSA1,10598
DAAM1 (23002),DAAM1,23002
ISM2 (145501),ISM2,145501
SPTLC2 (9517),SPTLC2,9517
RIN3 (79890),RIN3,79890
LGMN (5641),LGMN,5641
ALKBH1 (8846),ALKBH1,8846
SNW1 (22938),SNW1,22938
CHGA (1113),CHGA,1113
ITPK1 (3705),ITPK1,3705
DHRS7 (51635),DHRS7,51635
PPM1A (5494),PPM1A,5494
SIX4 (51804),SIX4,51804
GALNT16 (57452),GALNT16,57452
CEP128 (145508),CEP128,145508
ERH (2079),ERH,2079
HIF1A (3091),HIF1A,3091
SUSD6 (9766),SUSD6,9766
SRSF5 (6430),SRSF5,6430
SLC10A1 (6554),SLC10A1,6554
EIF5 (1983),EIF5,1983
SERPINA4 (5267),SERPINA4,5267
DICER1 (23405),DICER1,23405
ZFYVE21 (79038),ZFYVE21,79038
MTHFD1 (4522),MTHFD1,4522
TCL1A (8115),TCL1A,8115
ZC3H14 (79882),ZC3H14,79882
TELO2 (9894),TELO2,9894
PCNX1 (22990),PCNX1,22990
BDKRB1 (623),BDKRB1,623
GSKIP (51527),GSKIP,51527
VRK1 (7443),VRK1,7443
PSMC1 (5700),PSMC1,5700
PAPLN (89932),PAPLN,89932
RPS6KA5 (9252),RPS6KA5,9252
PPP4R3A (55671),PPP4R3A,55671
C14orf93 (60686),C14orf93,60686
PSMB5 (5693),PSMB5,5693
YY1 (7528),YY1,7528
ACIN1 (22985),ACIN1,22985
CCNB1IP1 (57820),CCNB1IP1,57820
TRIP11 (9321),TRIP11,9321
APEX1 (328),APEX1,328
PABPN1 (8106),PABPN1,8106
EFS (10278),EFS,10278
ARHGAP5 (394),ARHGAP5,394
CINP (51550),CINP,51550
DHRS2 (10202),DHRS2,10202
SRP54 (6729),SRP54,6729
CHD8 (57680),CHD8,57680
PCK2 (5106),PCK2,5106
PRORP (9692),PRORP,9692
DCAF11 (80344),DCAF11,80344
PSMA6 (5687),PSMA6,5687
NFKBIA (4792),NFKBIA,4792
EMC9 (51016),EMC9,51016
PSME2 (5721),PSME2,5721
BRMS1L (84312),BRMS1L,84312
REC8 (9985),REC8,9985
TM9SF1 (10548),TM9SF1,10548
SEC23A (10484),SEC23A,10484
GMPR2 (51292),GMPR2,51292
PNN (5411),PNN,5411
RABGGTA (5875),RABGGTA,5875
NFATC4 (4776),NFATC4,4776
PLTP (5360),PLTP,5360
PCIF1 (63935),PCIF1,63935
GSS (2937),GSS,2937
MMP9 (4318),MMP9,4318
VSX1 (30813),VSX1,30813
TRPC4AP (26133),TRPC4AP,26133
PYGB (5834),PYGB,5834
ABHD12 (26090),ABHD12,26090
PROCR (10544),PROCR,10544
GINS1 (9837),GINS1,9837
NINL (22981),NINL,22981
CD40 (958),CD40,958
UQCC1 (55245),UQCC1,55245
ZMYND8 (23613),ZMYND8,23613
SGK2 (10110),SGK2,10110
IFT52 (51098),IFT52,51098
MYBL2 (4605),MYBL2,4605
HNF4A (3172),HNF4A,3172
NDRG3 (57446),NDRG3,57446
RAB5IF (55969),RAB5IF,55969
NFATC2 (4773),NFATC2,4773
RIMS4 (140730),RIMS4,140730
PABPC1L (80336),PABPC1L,80336
STK4 (6789),STK4,6789
SALL4 (57167),SALL4,57167
ADNP (23394),ADNP,23394
PFDN4 (5203),PFDN4,5203
DOK5 (55816),DOK5,55816
CSTF1 (1477),CSTF1,1477
BMP7 (655),BMP7,655
RAE1 (8480),RAE1,8480
TPD52L2 (7165),TPD52L2,7165
DNAJC5 (80331),DNAJC5,80331
CTSZ (1522),CTSZ,1522
PRPF6 (24148),PRPF6,24148
TUBB1 (81027),TUBB1,81027
PRELID3B (51012),PRELID3B,51012
HRH3 (11255),HRH3,11255
MTG2 (26164),MTG2,26164
PSMA7 (5688),PSMA7,5688
SLCO4A1 (28231),SLCO4A1,28231
NTSR1 (4923),NTSR1,4923
MRGBP (55257),MRGBP,55257
TCFL5 (10732),TCFL5,10732
DIDO1 (11083),DIDO1,11083
GID8 (54994),GID8,54994
SLC17A9 (63910),SLC17A9,63910
ARFGAP1 (55738),ARFGAP1,55738
COL20A1 (57642),COL20A1,57642
CHRNA4 (1137),CHRNA4,1137
EEF1A2 (1917),EEF1A2,1917
PTK6 (5753),PTK6,5753
GMEB2 (26205),GMEB2,26205
ADISSP (54976),ADISSP,54976
SPEF1 (25876),SPEF1,25876
CDC25B (994),CDC25B,994
ISM1 (140862),ISM1,140862
RNF24 (11237),RNF24,11237
ARFRP1 (10139),ARFRP1,10139
NDUFAF5 (79133),NDUFAF5,79133
TRIB3 (57761),TRIB3,57761
RASSF2 (9770),RASSF2,9770
CSNK2A1 (1457),CSNK2A1,1457
SLC52A3 (113278),SLC52A3,113278
ANGPT4 (51378),ANGPT4,51378
RSPO4 (343637),RSPO4,343637
CDS2 (8760),CDS2,8760
HM13 (81502),HM13,81502
SNPH (9751),SNPH,9751
MYLK2 (85366),MYLK2,85366
SIRPB1 (10326),SIRPB1,10326
SEC23B (10483),SEC23B,10483
FERMT1 (55612),FERMT1,55612
CCM2L (140706),CCM2L,140706
PLCB4 (5332),PLCB4,5332
MYL9 (10398),MYL9,10398
HCK (3055),HCK,3055
TM9SF4 (9777),TM9SF4,9777
CRNKL1 (51340),CRNKL1,51340
POFUT1 (23509),POFUT1,23509
SAMHD1 (25939),SAMHD1,25939
KIF3B (9371),KIF3B,9371
MROH8 (140699),MROH8,140699
NOP56 (10528),NOP56,10528
MANBAL (63905),MANBAL,63905
IDH3B (3420),IDH3B,3420
MAPRE1 (22919),MAPRE1,22919
JAG1 (182),JAG1,182
CDK5RAP1 (51654),CDK5RAP1,51654
SNTA1 (6640),SNTA1,6640
TTI1 (9675),TTI1,9675
E2F1 (1869),E2F1,1869
RPRD1B (58490),RPRD1B,58490
PXMP4 (11264),PXMP4,11264
CHMP4B (128866),CHMP4B,128866
CST3 (1471),CST3,1471
ASIP (434),ASIP,434
CST4 (1472),CST4,1472
ACTR5 (79913),ACTR5,79913
WFDC2 (10406),WFDC2,10406
AHCY (191),AHCY,191
PPP1R16B (26051),PPP1R16B,26051
FAM83D (81610),FAM83D,81610
DHX35 (60625),DHX35,60625
DNTTIP1 (116092),DNTTIP1,116092
MAP1LC3A (84557),MAP1LC3A,84557
SYNDIG1 (79953),SYNDIG1,79953
PIGU (128869),PIGU,128869
TNNC2 (7125),TNNC2,7125
ACOT8 (10005),ACOT8,10005
APMAP (57136),APMAP,57136
CELF4 (56853),CELF4,56853
ZNF516 (9658),ZNF516,9658
ADNP2 (22850),ADNP2,22850
RBFA (79863),RBFA,79863
USP14 (9097),USP14,9097
VAPA (9218),VAPA,9218
METTL4 (64863),METTL4,64863
LPIN2 (9663),LPIN2,9663
SMCHD1 (23347),SMCHD1,23347
MYOM1 (8736),MYOM1,8736
MYL12A (10627),MYL12A,10627
CEP76 (79959),CEP76,79959
ST8SIA5 (29906),ST8SIA5,29906
CEP192 (55125),CEP192,55125
RNMT (8731),RNMT,8731
SMAD7 (4092),SMAD7,4092
LIPG (9388),LIPG,9388
LAMA1 (284217),LAMA1,284217
RNF125 (54941),RNF125,54941
ANKRD12 (23253),ANKRD12,23253
NOL4 (8715),NOL4,8715
POLI (11201),POLI,11201
MIB1 (57534),MIB1,57534
RBBP8 (5932),RBBP8,5932
RIOK3 (8780),RIOK3,8780
CSTF2 (1478),CSTF2,1478
MXRA5 (25878),MXRA5,25878
VSIG1 (340547),VSIG1,340547
PSMD10 (5716),PSMD10,5716
ATG4A (115201),ATG4A,115201
STS (412),STS,412
TBL1X (6907),TBL1X,6907
GPR143 (4935),GPR143,4935
PGRMC1 (10857),PGRMC1,10857
POLA1 (5422),POLA1,5422
MID1 (4281),MID1,4281
NKAP (79576),NKAP,79576
NXT2 (55916),NXT2,55916
ALG13 (79868),ALG13,79868
PRPS2 (5634),PRPS2,5634
MOSPD1 (56180),MOSPD1,56180
AMMECR1 (9949),AMMECR1,9949
CHRDL1 (91851),CHRDL1,91851
WDR13 (64743),WDR13,64743
SUV39H1 (6839),SUV39H1,6839
SRPX (8406),SRPX,8406
GLRA2 (2742),GLRA2,2742
XIAP (331),XIAP,331
STAG2 (10735),STAG2,10735
ATP11C (286410),ATP11C,286410
MCF2 (4168),MCF2,4168
ABCD1 (215),ABCD1,215
CCDC22 (28952),CCDC22,28952
CACNA1F (778),CACNA1F,778
SYP (6855),SYP,6855
PLP2 (5355),PLP2,5355
PLS3 (5358),PLS3,5358
NAA10 (8260),NAA10,8260
RENBP (5973),RENBP,5973
ELF4 (2000),ELF4,2000
SMARCA1 (6594),SMARCA1,6594
MTMR8 (55613),MTMR8,55613
ASB9 (140462),ASB9,140462
ZC3H12B (340554),ZC3H12B,340554
RBBP7 (5931),RBBP7,5931
KCND1 (3750),KCND1,3750
SLC25A14 (9016),SLC25A14,9016
FMR1 (2332),FMR1,2332
PIM2 (11040),PIM2,11040
SCML2 (10389),SCML2,10389
SLC35A2 (7355),SLC35A2,7355
PQBP1 (10084),PQBP1,10084
PCSK1N (27344),PCSK1N,27344
EMD (2010),EMD,2010
TAFAZZIN (6901),TAFAZZIN,6901
PGK1 (5230),PGK1,5230
MAGT1 (84061),MAGT1,84061
SMS (6611),SMS,6611
PHEX (5251),PHEX,5251
UBL4A (8266),UBL4A,8266
CD99L2 (83692),CD99L2,83692
EEA1 (8411),EEA1,8411
RP2 (6102),RP2,6102
JADE3 (9767),JADE3,9767
CDK16 (5127),CDK16,5127
USP11 (8237),USP11,8237
PCYT1B (9468),PCYT1B,9468
HTATSF1 (27336),HTATSF1,27336
VGLL1 (51442),VGLL1,51442
TIMP1 (7076),TIMP1,7076
KLHL4 (56062),KLHL4,56062
GABRE (2564),GABRE,2564
PCDH11X (27328),PCDH11X,27328
FGD1 (2245),FGD1,2245
PIN4 (5303),PIN4,5303
PORCN (64840),PORCN,64840
ITIH6 (347365),ITIH6,347365
MAGED2 (10916),MAGED2,10916
RBM3 (5935),RBM3,5935
KLF8 (11279),KLF8,11279
SRPX2 (27286),SRPX2,27286
SYTL4 (94121),SYTL4,94121
ZDHHC15 (158866),ZDHHC15,158866
CENPI (2491),CENPI,2491
DRP2 (1821),DRP2,1821
TAF7L (54457),TAF7L,54457
PBDC1 (51260),PBDC1,51260
GLA (2717),GLA,2717
ARMCX3 (51566),ARMCX3,51566
BEX4 (56271),BEX4,56271
RUBCNL (80183),RUBCNL,80183
NALCN (259232),NALCN,259232
FGF14 (2259),FGF14,2259
NDFIP2 (54602),NDFIP2,54602
TNFSF13B (10673),TNFSF13B,10673
FNDC3A (22862),FNDC3A,22862
MLNR (2862),MLNR,2862
CDADC1 (81602),CDADC1,81602
CAB39L (81617),CAB39L,81617
KLF5 (688),KLF5,688
STK24 (8428),STK24,8428
ACP5 (54),ACP5,54
DNAJC3 (5611),DNAJC3,5611
UGGT2 (55757),UGGT2,55757
ARHGEF7 (8874),ARHGEF7,8874
SGCG (6445),SGCG,6445
PARP4 (143),PARP4,143
SUPT20H (55578),SUPT20H,55578
MRPS31 (10240),MRPS31,10240
SLC25A15 (10166),SLC25A15,10166
KPNA3 (3839),KPNA3,3839
FLT1 (2321),FLT1,2321
RGCC (28984),RGCC,28984
VWA8 (23078),VWA8,23078
DGKH (160851),DGKH,160851
KATNAL1 (84056),KATNAL1,84056
INTS6 (26512),INTS6,26512
DHRS12 (79758),DHRS12,79758
MEDAG (84935),MEDAG,84935
TSC22D1 (8848),TSC22D1,8848
CLN5 (1203),CLN5,1203
OLFM4 (10562),OLFM4,10562
MSLN (10232),MSLN,10232
MGRN1 (23295),MGRN1,23295
ZNF629 (23361),ZNF629,23361
TRADD (8717),TRADD,8717
HSF4 (3299),HSF4,3299
CORO1A (11151),CORO1A,11151
MAPK3 (5595),MAPK3,5595
GDPD3 (79153),GDPD3,79153
ELMO3 (79767),ELMO3,79767
PHKB (5257),PHKB,5257
LYRM1 (57149),LYRM1,57149
NUTF2 (10204),NUTF2,10204
NUP93 (9688),NUP93,9688
CENPT (80152),CENPT,80152
TSNAXIP1 (55815),TSNAXIP1,55815
NFAT5 (10725),NFAT5,10725
LONP2 (83752),LONP2,83752
N4BP1 (9683),N4BP1,9683
CBLN1 (869),CBLN1,869
ARL2BP (23568),ARL2BP,23568
PLLP (51090),PLLP,51090
ZNF423 (23090),ZNF423,23090
CCL22 (6367),CCL22,6367
DHODH (1723),DHODH,1723
CCL17 (6361),CCL17,6361
CTCF (10664),CTCF,10664
ACD (65057),ACD,65057
POLR2C (5432),POLR2C,5432
PARD6A (50855),PARD6A,50855
ZNF821 (55565),ZNF821,55565
MMP15 (4324),MMP15,4324
USB1 (79650),USB1,79650
CYB5B (80777),CYB5B,80777
CFAP263 (29070),CFAP263,29070
NME3 (4832),NME3,4832
NDRG4 (65009),NDRG4,65009
PSMD7 (5713),PSMD7,5713
SETD6 (79918),SETD6,79918
SLC38A7 (55238),SLC38A7,55238
VAC14 (55697),VAC14,55697
HAS3 (3038),HAS3,3038
TANGO6 (79613),TANGO6,79613
COG4 (25839),COG4,25839
SMPD3 (55512),SMPD3,55512
SLC7A6OS (84138),SLC7A6OS,84138
SLC7A6 (9057),SLC7A6,9057
PLA2G15 (23659),PLA2G15,23659
ESRP2 (80004),ESRP2,80004
FA2H (79152),FA2H,79152
WDR59 (79726),WDR59,79726
MON1B (22879),MON1B,22879
CMC2 (56942),CMC2,56942
AXIN1 (8312),AXIN1,8312
HCFC1R1 (54985),HCFC1R1,54985
NPRL3 (8131),NPRL3,8131
MLYCD (23417),MLYCD,23417
MPG (4350),MPG,4350
NECAB2 (54550),NECAB2,54550
HSDL1 (83693),HSDL1,83693
TAF1C (9013),TAF1C,9013
NAGPA (51172),NAGPA,51172
WFDC1 (58189),WFDC1,58189
SEC14L5 (9717),SEC14L5,9717
COTL1 (23406),COTL1,23406
USP10 (9100),USP10,9100
CRISPLD2 (83716),CRISPLD2,83716
TSC2 (7249),TSC2,7249
ZNF500 (26048),ZNF500,26048
NME4 (4833),NME4,4833
ABCC1 (4363),ABCC1,4363
NOMO3 (408050),NOMO3,408050
LMF1 (64788),LMF1,64788
FOXF1 (2294),FOXF1,2294
CIAO3 (64428),CIAO3,64428
MTHFSD (64779),MTHFSD,64779
CLCN7 (1186),CLCN7,1186
HAGHL (84264),HAGHL,84264
ANTKMT (65990),ANTKMT,65990
SLC7A5 (8140),SLC7A5,8140
METRN (79006),METRN,79006
FBXO31 (79791),FBXO31,79791
STUB1 (10273),STUB1,10273
RHBDL1 (9028),RHBDL1,9028
NUBP1 (4682),NUBP1,4682
UBE2I (7329),UBE2I,7329
CRYM (1428),CRYM,1428
EEF2K (29904),EEF2K,29904
CAPN15 (6650),CAPN15,6650
PIEZO1 (9780),PIEZO1,9780
GSPT1 (2935),GSPT1,2935
ZNF174 (7727),ZNF174,7727
CLUAP1 (23059),CLUAP1,23059
UBFD1 (56061),UBFD1,56061
EARS2 (124454),EARS2,124454
ELOB (6923),ELOB,6923
GGA2 (23062),GGA2,23062
CPPED1 (55313),CPPED1,55313
USP31 (57478),USP31,57478
HMOX2 (3163),HMOX2,3163
DNAJA3 (9093),DNAJA3,9093
BFAR (51283),BFAR,51283
SALL1 (6299),SALL1,6299
TOX3 (27324),TOX3,27324
RBL2 (5934),RBL2,5934
QPRT (23475),QPRT,23475
XYLT1 (64131),XYLT1,64131
PYCARD (29108),PYCARD,29108
RPGRIP1L (23322),RPGRIP1L,23322
MAZ (4150),MAZ,4150
STX4 (6810),STX4,6810
CDIPT (10423),CDIPT,10423
BCKDK (10295),BCKDK,10295
KAT8 (84148),KAT8,84148
NOMO1 (23420),NOMO1,23420
IL21R (50615),IL21R,50615
SYT17 (51760),SYT17,51760
TMC5 (79838),TMC5,79838
CCP110 (9738),CCP110,9738
VPS35L (57020),VPS35L,57020
SLC6A2 (6530),SLC6A2,6530
RNF40 (9810),RNF40,9810
KNOP1 (400506),KNOP1,400506
AAGAB (79719),AAGAB,79719
IQCH (64799),IQCH,64799
LACTB (114294),LACTB,114294
CORO2B (10391),CORO2B,10391
CSK (1445),CSK,1445
HERC1 (8925),HERC1,8925
TRIP4 (9325),TRIP4,9325
MTFMT (123263),MTFMT,123263
AP3B2 (8120),AP3B2,8120
ACSBG1 (23205),ACSBG1,23205
IGDCC4 (57722),IGDCC4,57722
RAB11A (8766),RAB11A,8766
CTSH (1512),CTSH,1512
TTC23 (64927),TTC23,64927
CD276 (80381),CD276,80381
FAH (2184),FAH,2184
CEMIP (57214),CEMIP,57214
RPAP1 (26015),RPAP1,26015
HOMER2 (9455),HOMER2,9455
EHD4 (30844),EHD4,30844
TMEM87A (25963),TMEM87A,25963
ZNF106 (64397),ZNF106,64397
CEP152 (22995),CEP152,22995
ATP8B4 (79895),ATP8B4,79895
DTWD1 (56986),DTWD1,56986
TGM5 (9333),TGM5,9333
ENTREP2 (23359),ENTREP2,23359
GABPB1 (2553),GABPB1,2553
TJP1 (7082),TJP1,7082
BMF (90427),BMF,90427
DMXL2 (23312),DMXL2,23312
SCG3 (29106),SCG3,29106
DNAJC17 (55192),DNAJC17,55192
EIF3J (8669),EIF3J,8669
SPG11 (80208),SPG11,80208
RHOV (171177),RHOV,171177
VPS18 (57617),VPS18,57617
OIP5 (11339),OIP5,11339
SLC30A4 (7782),SLC30A4,7782
BLOC1S6 (26258),BLOC1S6,26258
MYEF2 (50804),MYEF2,50804
SGK3 (23678),SGK3,23678
PDGFRL (5157),PDGFRL,5157
CSPP1 (79848),CSPP1,79848
ZDHHC2 (51201),ZDHHC2,51201
BRF2 (55290),BRF2,55290
TRIM35 (23087),TRIM35,23087
ZFAND1 (79752),ZFAND1,79752
RP1 (6101),RP1,6101
CA2 (760),CA2,760
FZD3 (7976),FZD3,7976
INTS9 (55756),INTS9,55756
RIPK2 (8767),RIPK2,8767
EYA1 (2138),EYA1,2138
NBN (4683),NBN,4683
TRPA1 (8989),TRPA1,8989
CPQ (10404),CPQ,10404
DECR1 (1666),DECR1,1666
CALB1 (793),CALB1,793
BPNT2 (54928),BPNT2,54928
SFRP1 (6422),SFRP1,6422
LAPTM4B (55353),LAPTM4B,55353
UBE2W (55284),UBE2W,55284
POP1 (10940),POP1,10940
NIPAL2 (79815),NIPAL2,79815
IKBKB (3551),IKBKB,3551
PLAT (5327),PLAT,5327
JPH1 (56704),JPH1,56704
STK3 (6788),STK3,6788
GDAP1 (54332),GDAP1,54332
RAB2A (5862),RAB2A,5862
EIF3E (3646),EIF3E,3646
EMC2 (9694),EMC2,9694
ESRP1 (54845),ESRP1,54845
CCN4 (8840),CCN4,8840
NDRG1 (10397),NDRG1,10397
ZC2HC1A (51101),ZC2HC1A,51101
IL7 (3574),IL7,3574
STMN2 (11075),STMN2,11075
ARMC1 (55156),ARMC1,55156
TRPS1 (7227),TRPS1,7227
SPAG1 (6674),SPAG1,6674
CHRAC1 (54108),CHRAC1,54108
NCALD (83988),NCALD,83988
SNX16 (64089),SNX16,64089
UBR5 (51366),UBR5,51366
GSDMD (79792),GSDMD,79792
GFUS (7264),GFUS,7264
PYCR3 (65263),PYCR3,65263
EEF1D (1936),EEF1D,1936
ANXA13 (312),ANXA13,312
SQLE (6713),SQLE,6713
SH2D4A (63898),SH2D4A,63898
INTS10 (55174),INTS10,55174
ERI1 (90459),ERI1,90459
SLC39A14 (23516),SLC39A14,23516
MTMR9 (66036),MTMR9,66036
LEPROTL1 (23484),LEPROTL1,23484
DCTN6 (10671),DCTN6,10671
R3HCC1 (203069),R3HCC1,203069
GSR (2936),GSR,2936
TNFRSF10A (8797),TNFRSF10A,8797
UBXN8 (7993),UBXN8,7993
PPP2CB (5516),PPP2CB,5516
ERICH1 (157697),ERICH1,157697
NEFM (4741),NEFM,4741
TUSC3 (7991),TUSC3,7991
KLHDC4 (54758),KLHDC4,54758
MCM4 (4173),MCM4,4173
KCTD9 (54793),KCTD9,54793
FGL1 (2267),FGL1,2267
ASAH1 (427),ASAH1,427
BNIP3L (665),BNIP3L,665
MAN2B1 (4125),MAN2B1,4125
KCNN4 (3783),KCNN4,3783
NUCB1 (4924),NUCB1,4924
DHDH (27294),DHDH,27294
GYS1 (2997),GYS1,2997
MAP4K1 (11184),MAP4K1,11184
ECH1 (1891),ECH1,1891
HNRNPL (3191),HNRNPL,3191
NFKBIB (4793),NFKBIB,4793
LHB (3972),LHB,3972
TUBB4A (10382),TUBB4A,10382
SARS2 (54938),SARS2,54938
SNRNP70 (6625),SNRNP70,6625
CLPTM1 (1209),CLPTM1,1209
RELB (5971),RELB,5971
CLASRP (11129),CLASRP,11129
LIN7B (64130),LIN7B,64130
PPP1R37 (284352),PPP1R37,284352
FCGRT (2217),FCGRT,2217
PIH1D1 (55011),PIH1D1,55011
CKM (1158),CKM,1158
ARHGEF18 (23370),ARHGEF18,23370
PPP1R13L (10848),PPP1R13L,10848
PEX11G (92960),PEX11G,92960
ERCC2 (2068),ERCC2,2068
DOT1L (84444),DOT1L,84444
PLEKHJ1 (55111),PLEKHJ1,55111
SLC17A7 (57030),SLC17A7,57030
RNASEH2A (10535),RNASEH2A,10535
KLC3 (147700),KLC3,147700
CD37 (951),CD37,951
SF3A2 (8175),SF3A2,8175
AMH (268),AMH,268
DKKL1 (27120),DKKL1,27120
LYL1 (4066),LYL1,4066
OAZ1 (4946),OAZ1,4946
TRMT1 (55621),TRMT1,55621
STX10 (8677),STX10,8677
DMPK (1760),DMPK,1760
TBC1D17 (79735),TBC1D17,79735
IL4I1 (259307),IL4I1,259307
TLE6 (79816),TLE6,79816
YJU2B (81576),YJU2B,81576
PTOV1 (53635),PTOV1,53635
TLE5 (166),TLE5,166
NOVA2 (4858),NOVA2,4858
SGTA (6449),SGTA,6449
MED25 (81857),MED25,81857
SNAPC2 (6618),SNAPC2,6618
C19orf53 (28974),C19orf53,28974
TIMM44 (10469),TIMM44,10469
CCDC61 (729440),CCDC61,729440
IL27RA (9466),IL27RA,9466
ASF1B (55723),ASF1B,55723
TNNT1 (7138),TNNT1,7138
VRK3 (51231),VRK3,51231
FAM32A (26017),FAM32A,26017
PPP6R1 (22870),PPP6R1,22870
C19orf44 (84167),C19orf44,84167
MED26 (9441),MED26,9441
OLFM2 (93145),OLFM2,93145
RASAL3 (64926),RASAL3,64926
AKAP8 (10270),AKAP8,10270
EPHX3 (79852),EPHX3,79852
ILVBL (10994),ILVBL,10994
ZNF419 (79744),ZNF419,79744
SYDE1 (85360),SYDE1,85360
CASP14 (23581),CASP14,23581
SLC1A6 (6511),SLC1A6,6511
AURKC (6795),AURKC,6795
POP4 (10775),POP4,10775
CCNE1 (898),CCNE1,898
URI1 (8725),URI1,8725
PDCD5 (9141),PDCD5,9141
ANKRD27 (84079),ANKRD27,84079
RPS16 (6217),RPS16,6217
TIMM50 (92609),TIMM50,92609
FBL (2091),FBL,2091
DYRK1B (9149),DYRK1B,9149
CCNP (79935),CCNP,79935
GPI (2821),GPI,2821
AKT2 (208),AKT2,208
PLD3 (23646),PLD3,23646
PRX (57716),PRX,57716
PIAS4 (51588),PIAS4,51588
NUMBL (9253),NUMBL,9253
EBI3 (10148),EBI3,10148
YJU2 (55702),YJU2,55702
SHD (56961),SHD,56961
TBCB (1155),TBCB,1155
FSD1 (79187),FSD1,79187
POLR2I (5438),POLR2I,5438
OVOL3 (728361),OVOL3,728361
CLIP3 (25999),CLIP3,25999
SLC1A5 (6510),SLC1A5,6510
PRKD2 (25865),PRKD2,25865
TJP3 (27134),TJP3,27134
APLP1 (333),APLP1,333
CACTIN (58509),CACTIN,58509
CCDC9 (26093),CCDC9,26093
HNRNPUL1 (11100),HNRNPUL1,11100
FZR1 (51343),FZR1,51343
BBC3 (27113),BBC3,27113
TGFB1 (7040),TGFB1,7040
DENND3 (22898),DENND3,22898
DMAC2 (55101),DMAC2,55101
PLIN3 (10226),PLIN3,10226
MYH14 (79784),MYH14,79784
MRPL4 (51073),MRPL4,51073
CD79A (973),CD79A,973
RPS19 (6223),RPS19,6223
NOP53 (29997),NOP53,29997
NKG7 (4818),NKG7,4818
ICAM5 (7087),ICAM5,7087
ETFB (2109),ETFB,2109
CD33 (945),CD33,945
CEACAM5 (1048),CEACAM5,1048
BABAM1 (29086),BABAM1,29086
TYK2 (7297),TYK2,7297
CDC37 (11140),CDC37,11140
NAPA (8775),NAPA,8775
RABAC1 (10567),RABAC1,10567
ATP1A3 (478),ATP1A3,478
MEIS3 (56917),MEIS3,56917
PTPRS (5802),PTPRS,5802
CNFN (84518),CNFN,84518
MEGF8 (1954),MEGF8,1954
KDELR1 (10945),KDELR1,10945
CYTH2 (9266),CYTH2,9266
GRWD1 (83743),GRWD1,83743
GRIN2D (2906),GRIN2D,2906
SYNGR4 (23546),SYNGR4,23546
CLEC11A (6320),CLEC11A,6320
ODAD1 (93233),ODAD1,93233
CARD8 (22900),CARD8,22900
LIG1 (3978),LIG1,3978
SIGLEC6 (946),SIGLEC6,946
ZNF175 (7728),ZNF175,7728
PLA2G4C (8605),PLA2G4C,8605
RAB3D (9545),RAB3D,9545
DBP (1628),DBP,1628
TMEM205 (374882),TMEM205,374882
CAPS (828),CAPS,828
PLPPR2 (64748),PLPPR2,64748
FAM83E (54854),FAM83E,54854
RASIP1 (54922),RASIP1,54922
FGF21 (26291),FGF21,26291
BCAT2 (587),BCAT2,587
MIER2 (54531),MIER2,54531
PLEKHA4 (57664),PLEKHA4,57664
PPP2R1A (5518),PPP2R1A,5518
TNPO2 (30000),TNPO2,30000
CACNG7 (59284),CACNG7,59284
GCDH (2639),GCDH,2639
DNASE2 (1777),DNASE2,1777
MAST1 (22983),MAST1,22983
LENG1 (79165),LENG1,79165
PRPF31 (26121),PRPF31,26121
TFPT (29844),TFPT,29844
JAK3 (3718),JAK3,3718
RPL18A (6142),RPL18A,6142
SLC5A5 (6528),SLC5A5,6528
KCNN1 (3780),KCNN1,3780
ARRDC2 (27106),ARRDC2,27106
PIK3R2 (5296),PIK3R2,5296
RAB3A (5864),RAB3A,5864
ISYNA1 (51477),ISYNA1,51477
ELL (8178),ELL,8178
CRTC1 (23373),CRTC1,23373
COMP (1311),COMP,1311
UPK1A (11045),UPK1A,11045
COPE (11316),COPE,11316
DDX49 (54555),DDX49,54555
ETV2 (2116),ETV2,2116
ARMC6 (93436),ARMC6,93436
TMEM147 (10430),TMEM147,10430
MAG (4099),MAG,4099
TMEM59L (25789),TMEM59L,25789
USF2 (7392),USF2,7392
LSR (51599),LSR,51599
KXD1 (79036),KXD1,79036
FKBP8 (23770),FKBP8,23770
SUGP1 (57794),SUGP1,57794
HPN (3249),HPN,3249
ZNF14 (7561),ZNF14,7561
SCN1B (6324),SCN1B,6324
PBX4 (80714),PBX4,80714
ERF (2077),ERF,2077
GSK3A (2931),GSK3A,2931
ATP13A1 (57130),ATP13A1,57130
ZNF574 (64763),ZNF574,64763
GRIK5 (2901),GRIK5,2901
SIPA1L3 (23094),SIPA1L3,23094
ZNF85 (7639),ZNF85,7639
ETHE1 (23474),ETHE1,23474
CADM4 (199731),CADM4,199731
SMG9 (56006),SMG9,56006
AVL9 (23080),AVL9,23080
RUNDC3B (154661),RUNDC3B,154661
CFAP69 (79846),CFAP69,79846
GTPBP10 (85865),GTPBP10,85865
RASA4 (10156),RASA4,10156
CDK6 (1021),CDK6,1021
PMPCB (9512),PMPCB,9512
DNAJC2 (27000),DNAJC2,27000
TFPI2 (7980),TFPI2,7980
BET1 (10282),BET1,10282
NAMPT (10135),NAMPT,10135
POLR1F (221830),POLR1F,221830
PIK3CG (5294),PIK3CG,5294
PON3 (5446),PON3,5446
PON2 (5445),PON2,5445
ITGB8 (3696),ITGB8,3696
HBP1 (26959),HBP1,26959
DUS4L (11062),DUS4L,11062
SP4 (6671),SP4,6671
WDR91 (29062),WDR91,29062
DNAH11 (8701),DNAH11,8701
CBLL1 (79872),CBLL1,79872
DLX5 (1749),DLX5,1749
MTPN (136319),MTPN,136319
STEAP1B (256227),STEAP1B,256227
PTN (5764),PTN,5764
PALS2 (51678),PALS2,51678
GSDME (1687),GSDME,1687
ATP6V0A4 (50617),ATP6V0A4,50617
ZC3HAV1 (56829),ZC3HAV1,56829
IFT56 (79989),IFT56,79989
OGDH (4967),OGDH,4967
ADAP1 (11033),ADAP1,11033
TFEC (22797),TFEC,22797
H2AZ2 (94239),H2AZ2,94239
CAV2 (858),CAV2,858
CAV1 (857),CAV1,857
MET (4233),MET,4233
RNF32 (140545),RNF32,140545
LMBR1 (64327),LMBR1,64327
HOXA1 (3198),HOXA1,3198
DNAJB6 (10049),DNAJB6,10049
HOXA2 (3199),HOXA2,3199
HOXA3 (3200),HOXA3,3200
LFNG (3955),LFNG,3955
HOXA5 (3202),HOXA5,3202
HOXA6 (3203),HOXA6,3203
BRAT1 (221927),BRAT1,221927
IQCE (23288),IQCE,23288
ANKRD7 (56311),ANKRD7,56311
VIPR2 (7434),VIPR2,7434
TSPAN12 (23554),TSPAN12,23554
SSBP1 (6742),SSBP1,6742
HOXA13 (3209),HOXA13,3209
CPED1 (79974),CPED1,79974
HIBADH (11112),HIBADH,11112
TAX1BP1 (8887),TAX1BP1,8887
CPVL (54504),CPVL,54504
CHN2 (1124),CHN2,1124
GRB10 (2887),GRB10,2887
ABHD11 (83451),ABHD11,83451
COBL (23242),COBL,23242
FKBP14 (55033),FKBP14,55033
PLEKHA8 (84725),PLEKHA8,84725
STX1A (6804),STX1A,6804
NOD1 (10392),NOD1,10392
GARS1 (2617),GARS1,2617
CRHR2 (1395),CRHR2,1395
EPHB6 (2051),EPHB6,2051
MINDY4 (84182),MINDY4,84182
CASP2 (835),CASP2,835
CHCHD2 (51142),CHCHD2,51142
HSPB1 (3315),HSPB1,3315
NPTX2 (4885),NPTX2,4885
PDAP1 (11333),PDAP1,11333
BUD31 (8896),BUD31,8896
PTCD1 (26024),PTCD1,26024
CYP3A5 (1577),CYP3A5,1577
ZKSCAN1 (7586),ZKSCAN1,7586
EIF3B (8662),EIF3B,8662
SNX8 (29886),SNX8,29886
NUDT1 (4521),NUDT1,4521
PTPRZ1 (5803),PTPRZ1,5803
TAF6 (6878),TAF6,6878
WASL (8976),WASL,8976
HYAL4 (23553),HYAL4,23553
AIMP2 (7965),AIMP2,7965
TFR2 (7036),TFR2,7036
MOSPD3 (64598),MOSPD3,64598
PCOLCE (5118),PCOLCE,5118
FBXO24 (26261),FBXO24,26261
RBM28 (55131),RBM28,55131
USP42 (84132),USP42,84132
IMPDH1 (3614),IMPDH1,3614
AGFG2 (3268),AGFG2,3268
LSM5 (23658),LSM5,23658
SERPINE1 (5054),SERPINE1,5054
AP1S1 (1174),AP1S1,1174
C1GALT1 (56913),C1GALT1,56913
PLOD3 (8985),PLOD3,8985
RPA3 (6119),RPA3,6119
ZNHIT1 (10467),ZNHIT1,10467
CLDN15 (24146),CLDN15,24146
GLCCI1 (113263),GLCCI1,113263
PHF14 (9678),PHF14,9678
NRF1 (4899),NRF1,4899
TMEM106B (54664),TMEM106B,54664
EZH2 (2146),EZH2,2146
CEP41 (95681),CEP41,95681
ZNF862 (643641),ZNF862,643641
SFRP4 (6424),SFRP4,6424
MEST (4232),MEST,4232
ANKMY2 (57037),ANKMY2,57037
ACTR3C (653857),ACTR3C,653857
TSPAN13 (27075),TSPAN13,27075
RARRES2 (5919),RARRES2,5919
AGR2 (10551),AGR2,10551
AHR (196),AHR,196
CHCHD3 (54927),CHCHD3,54927
GIMAP2 (26157),GIMAP2,26157
TMEM176B (28959),TMEM176B,28959
GLI3 (2737),GLI3,2737
PSMA2 (5683),PSMA2,5683
MRPL32 (64983),MRPL32,64983
COA1 (55744),COA1,55744
BLVRA (644),BLVRA,644
URGCP (55665),URGCP,55665
TMEM248 (55069),TMEM248,55069
RHEB (6009),RHEB,6009
PRKAG2 (51422),PRKAG2,51422
AEBP1 (165),AEBP1,165
POLD2 (5425),POLD2,5425
BCL7B (9275),BCL7B,9275
YKT6 (10652),YKT6,10652
TBL2 (26608),TBL2,26608
CLIP2 (7461),CLIP2,7461
EIF4H (7458),EIF4H,7458
LIMK1 (3984),LIMK1,3984
SPATA6L (55064),SPATA6L,55064
SLC1A1 (6505),SLC1A1,6505
LHX2 (9355),LHX2,9355
FKTN (2218),FKTN,2218
FSD1L (83856),FSD1L,83856
CNTNAP3 (79937),CNTNAP3,79937
SPIN1 (10927),SPIN1,10927
NMRK1 (54981),NMRK1,54981
TMEM245 (23731),TMEM245,23731
PRUNE2 (158471),PRUNE2,158471
MEGF9 (1955),MEGF9,1955
TRIM14 (9830),TRIM14,9830
CORO2A (7464),CORO2A,7464
TGFBR1 (7046),TGFBR1,7046
SEC61B (10952),SEC61B,10952
C5 (727),C5,727
OGN (4969),OGN,4969
ASPN (54829),ASPN,54829
ECM2 (1842),ECM2,1842
TLE4 (7091),TLE4,7091
LHX6 (26468),LHX6,26468
PTGR1 (22949),PTGR1,22949
SUSD1 (64420),SUSD1,64420
AMBP (259),AMBP,259
AKNA (80709),AKNA,80709
DNM1 (1759),DNM1,1759
ENG (2022),ENG,2022
AK1 (203),AK1,203
CDC37L1 (55664),CDC37L1,55664
RLN2 (6019),RLN2,6019
RLN1 (6013),RLN1,6013
PLGRKT (55848),PLGRKT,55848
TBC1D13 (54662),TBC1D13,54662
RIC1 (57589),RIC1,57589
KDM4C (23081),KDM4C,23081
DOCK8 (81704),DOCK8,81704
KANK1 (23189),KANK1,23189
ELAVL2 (1993),ELAVL2,1993
NCS1 (23413),NCS1,23413
TESK1 (7016),TESK1,7016
KCNT1 (57582),KCNT1,57582
CA9 (768),CA9,768
FUBP3 (8939),FUBP3,8939
TYRP1 (7306),TYRP1,7306
CREB3 (10488),CREB3,10488
RGP1 (9827),RGP1,9827
MPDZ (8777),MPDZ,8777
RIGI (23586),RIGI,23586
EDF1 (8721),EDF1,8721
PIP5K1B (8395),PIP5K1B,8395
GLIS3 (169792),GLIS3,169792
BAG1 (573),BAG1,573
RAPGEF1 (2889),RAPGEF1,2889
NPDC1 (56654),NPDC1,56654
APBA1 (320),APBA1,320
SETX (23064),SETX,23064
SH3GL2 (6456),SH3GL2,6456
PTGDS (5730),PTGDS,5730
ABCA2 (20),ABCA2,20
SHB (6461),SHB,6461
UBE2R2 (54926),UBE2R2,54926
ABHD17B (51104),ABHD17B,51104
EXOSC3 (51010),EXOSC3,51010
ZFAND5 (7763),ZFAND5,7763
DVL1 (1855),DVL1,1855
PDLIM1 (9124),PDLIM1,9124
CCNJ (54619),CCNJ,54619
DNTT (1791),DNTT,1791
GATA3 (2625),GATA3,2625
ATRNL1 (26033),ATRNL1,26033
HPS1 (3257),HPS1,3257
PHYH (5264),PHYH,5264
RASSF4 (83937),RASSF4,83937
DNMBP (23268),DNMBP,23268
RAB11FIP2 (22841),RAB11FIP2,22841
CXCL12 (6387),CXCL12,6387
ERLIN1 (10613),ERLIN1,10613
EIF3A (8661),EIF3A,8661
CUBN (8029),CUBN,8029
TRDMT1 (1787),TRDMT1,1787
DDX50 (79009),DDX50,79009
MAPK8 (5599),MAPK8,5599
SEC23IP (11196),SEC23IP,11196
ATE1 (11101),ATE1,11101
NSMCE4A (54780),NSMCE4A,54780
PLEKHA1 (59338),PLEKHA1,59338
PALD1 (27143),PALD1,27143
UNC5B (219699),UNC5B,219699
CDH23 (64072),CDH23,64072
VSIR (64115),VSIR,64115
SPOCK2 (9806),SPOCK2,9806
MICU1 (10367),MICU1,10367
PPP3CB (5532),PPP3CB,5532
CCSER2 (54462),CCSER2,54462
BMPR1A (657),BMPR1A,657
MINPP1 (9562),MINPP1,9562
ACTA2 (59),ACTA2,59
LIPA (3988),LIPA,3988
TLX1 (3195),TLX1,3195
TWNK (56652),TWNK,56652
LZTS2 (84445),LZTS2,84445
SFXN3 (81855),SFXN3,81855
KAZALD1 (81621),KAZALD1,81621
FBXW4 (6468),FBXW4,6468
NPM3 (10360),NPM3,10360
TNKS2 (80351),TNKS2,80351
GBF1 (8729),GBF1,8729
ARHGAP21 (57584),ARHGAP21,57584
CPEB3 (22849),CPEB3,22849
FBXL15 (79176),FBXL15,79176
CUEDC2 (79004),CUEDC2,79004
SUFU (51684),SUFU,51684
ANKRD26 (22852),ANKRD26,22852
ACBD5 (91452),ACBD5,91452
LHPP (64077),LHPP,64077
LARP4B (23185),LARP4B,23185
GTPBP4 (23560),GTPBP4,23560
EDRF1 (26098),EDRF1,26098
BCCIP (56647),BCCIP,56647
MTPAP (55149),MTPAP,55149
NEURL1 (9148),NEURL1,9148
SH3PXD2A (9644),SH3PXD2A,9644
PITRM1 (10531),PITRM1,10531
STN1 (79991),STN1,79991
MAP3K8 (1326),MAP3K8,1326
DKK1 (22943),DKK1,22943
EBF3 (253738),EBF3,253738
GLRX3 (10539),GLRX3,10539
SORCS1 (114815),SORCS1,114815
TASOR2 (54906),TASOR2,54906
XPNPEP1 (7511),XPNPEP1,7511
SMC3 (9126),SMC3,9126
SHOC2 (8036),SHOC2,8036
TFAM (7019),TFAM,7019
CCDC6 (8030),CCDC6,8030
CUL2 (8453),CUL2,8453
CCNY (219771),CCNY,219771
UBE2S (27338),UBE2S,27338
RPL28 (6158),RPL28,6158
ZMIZ1 (57178),ZMIZ1,57178
DNAJC12 (56521),DNAJC12,56521
PPIF (10105),PPIF,10105
PBLD (64081),PBLD,64081
TSPAN14 (81619),TSPAN14,81619
LGI1 (9211),LGI1,9211
TBC1D12 (23232),TBC1D12,23232
KRT23 (25984),KRT23,25984
NUFIP2 (57532),NUFIP2,57532
GIT1 (28964),GIT1,28964
RPL19 (6143),RPL19,6143
FBXL20 (84961),FBXL20,84961
RUNDC3A (10900),RUNDC3A,10900
UBTF (7343),UBTF,7343
CSF3 (1440),CSF3,1440
PSMD3 (5709),PSMD3,5709
CASC3 (22794),CASC3,22794
RAPGEFL1 (51195),RAPGEFL1,51195
RGS9 (8787),RGS9,8787
RNF43 (54894),RNF43,54894
WNT3 (7473),WNT3,7473
RAD51C (5889),RAD51C,5889
SEPTIN4 (5414),SEPTIN4,5414
MTMR4 (9110),MTMR4,9110
TRIM37 (4591),TRIM37,4591
DHX40 (79665),DHX40,79665
KRT37 (8688),KRT37,8688
TUBD1 (51174),TUBD1,51174
KPNB1 (3837),KPNB1,3837
GOSR2 (9570),GOSR2,9570
PNPO (55163),PNPO,55163
RPS6KB1 (6198),RPS6KB1,6198
CDK5RAP3 (80279),CDK5RAP3,80279
CBX1 (10951),CBX1,10951
RECQL5 (9400),RECQL5,9400
PIGL (9487),PIGL,9487
GALK1 (2584),GALK1,2584
INTS2 (57508),INTS2,57508
CAMTA2 (23125),CAMTA2,23125
MED13 (9969),MED13,9969
HOXB6 (3216),HOXB6,3216
ENO3 (2027),ENO3,2027
PFN1 (5216),PFN1,5216
RNF167 (26001),RNF167,26001
SLC25A11 (8402),SLC25A11,8402
RASD1 (51655),RASD1,51655
CHRNE (1145),CHRNE,1145
RAI1 (10743),RAI1,10743
NUP88 (4927),NUP88,4927
C1QBP (708),C1QBP,708
SLC6A4 (6532),SLC6A4,6532
BLMH (642),BLMH,642
CPD (1362),CPD,1362
GOSR1 (9527),GOSR1,9527
CCDC47 (57003),CCDC47,57003
MED31 (51003),MED31,51003
DRG2 (1819),DRG2,1819
FTSJ3 (117246),FTSJ3,117246
AKAP10 (11216),AKAP10,11216
ALDH3A1 (218),ALDH3A1,218
SMARCD2 (6603),SMARCD2,6603
SYNGR2 (9144),SYNGR2,9144
B9D1 (27077),B9D1,27077
UTP6 (55813),UTP6,55813
DDX5 (1655),DDX5,1655
C17orf75 (64149),C17orf75,64149
CYTH1 (9267),CYTH1,9267
PSMD11 (5717),PSMD11,5717
LGALS3BP (3959),LGALS3BP,3959
ASIC2 (40),ASIC2,40
CCL7 (6354),CCL7,6354
CCL2 (6347),CCL2,6347
PEX12 (5193),PEX12,5193
KRT32 (3882),KRT32,3882
DHX58 (79132),DHX58,79132
KAT2A (2648),KAT2A,2648
RAB5C (5878),RAB5C,5878
NAGLU (4669),NAGLU,4669
HSD17B1 (3292),HSD17B1,3292
MLX (6945),MLX,6945
CNTNAP1 (8506),CNTNAP1,8506
EZH1 (2145),EZH1,2145
DLX4 (1748),DLX4,1748
PPP1R9B (84687),PPP1R9B,84687
COL1A1 (1277),COL1A1,1277
SGCA (6442),SGCA,6442
MRPL27 (51264),MRPL27,51264
VAT1 (10493),VAT1,10493
LRRC59 (55379),LRRC59,55379
RND2 (8153),RND2,8153
ALOX12 (239),ALOX12,239
HDAC5 (10014),HDAC5,10014
ABCC3 (8714),ABCC3,8714
LUC7L3 (51747),LUC7L3,51747
MPP2 (4355),MPP2,4355
SMURF2 (64750),SMURF2,64750
DUSP3 (1845),DUSP3,1845
CACNG1 (786),CACNG1,786
EFTUD2 (9343),EFTUD2,9343
HLF (3131),HLF,3131
SLC16A6 (9120),SLC16A6,9120
PRKAR1A (5573),PRKAR1A,5573
EFNB3 (1949),EFNB3,1949
FAM20A (54757),FAM20A,54757
YWHAE (7531),YWHAE,7531
MMD (23531),MMD,23531
RANGRF (29098),RANGRF,29098
DPH1 (1801),DPH1,1801
MAP2K6 (5608),MAP2K6,5608
DHRS7B (25979),DHRS7B,25979
WSB1 (26118),WSB1,26118
NHERF1 (9368),NHERF1,9368
MYH3 (4621),MYH3,4621
NAT9 (26151),NAT9,26151
TMEM104 (54868),TMEM104,54868
VTN (7448),VTN,7448
TNFAIP1 (7126),TNFAIP1,7126
IFT20 (90410),IFT20,90410
TMEM97 (27346),TMEM97,27346
CDR2L (30850),CDR2L,30850
PMP22 (5376),PMP22,5376
FOXN1 (8456),FOXN1,8456
UNC119 (9094),UNC119,9094
ALDOC (230),ALDOC,230
SUPT6H (6830),SUPT6H,6830
RAB34 (83871),RAB34,83871
PHF12 (57649),PHF12,57649
TMEM33 (55161),TMEM33,55161
GNRHR (2798),GNRHR,2798
SLAIN2 (57606),SLAIN2,57606
OCIAD1 (54940),OCIAD1,54940
DCUN1D4 (23142),DCUN1D4,23142
USP46 (64854),USP46,64854
ODAM (54959),ODAM,54959
CHIC2 (26511),CHIC2,26511
NMU (10874),NMU,10874
CRACD (57482),CRACD,57482
LAMTOR3 (8649),LAMTOR3,8649
NFKB1 (4790),NFKB1,4790
AREG (374),AREG,374
MANBA (4126),MANBA,4126
UBE2D3 (7323),UBE2D3,7323
MAPK10 (5602),MAPK10,5602
ELF2 (1998),ELF2,1998
NDUFC1 (4717),NDUFC1,4717
TBC1D9 (23158),TBC1D9,23158
ZNF330 (27309),ZNF330,27309
INPP4B (8821),INPP4B,8821
GAB1 (2549),GAB1,2549
KLHL2 (11275),KLHL2,11275
CPE (1363),CPE,1363
RPL34 (6164),RPL34,6164
WFS1 (7466),WFS1,7466
ANXA10 (11199),ANXA10,11199
GRPEL1 (80273),GRPEL1,80273
GAR1 (54433),GAR1,54433
FRG1 (2483),FRG1,2483
CLCN3 (1182),CLCN3,1182
AADAT (51166),AADAT,51166
GALNT7 (51809),GALNT7,51809
DHX15 (1665),DHX15,1665
SOD3 (6649),SOD3,6649
SEPSECS (51091),SEPSECS,51091
CPZ (8532),CPZ,8532
TRIM2 (23321),TRIM2,23321
SLC2A9 (56606),SLC2A9,56606
FBXW7 (55294),FBXW7,55294
NEIL3 (55247),NEIL3,55247
TBC1D19 (55296),TBC1D19,55296
NSD2 (7468),NSD2,7468
SH3D19 (152503),SH3D19,152503
STIM2 (57620),STIM2,57620
NKX3-2 (579),NKX3-2,579
MFSD10 (10227),MFSD10,10227
GLRB (2743),GLRB,2743
BST1 (683),BST1,683
RAPGEF2 (9693),RAPGEF2,9693
HGFAC (3083),HGFAC,3083
SNX25 (83891),SNX25,83891
LRP2BP (55805),LRP2BP,55805
UFSP2 (55325),UFSP2,55325
KLF3 (51274),KLF3,51274
KLHL5 (51088),KLHL5,51088
FAM149A (25854),FAM149A,25854
NCAPG (64151),NCAPG,64151
UGDH (7358),UGDH,7358
PPARGC1A (10891),PPARGC1A,10891
CRYAB (1410),CRYAB,1410
HTATIP2 (10553),HTATIP2,10553
CTSC (1075),CTSC,1075
CCDC34 (91057),CCDC34,91057
ZBTB16 (7704),ZBTB16,7704
ELP4 (26610),ELP4,26610
ZPR1 (8882),ZPR1,8882
MTCH2 (23788),MTCH2,23788
FNBP4 (23360),FNBP4,23360
TECTA (7007),TECTA,7007
SC5D (6309),SC5D,6309
JHY (79864),JHY,79864
B3GAT1 (27087),B3GAT1,27087
HSPA8 (3312),HSPA8,3312
VWA5A (4013),VWA5A,4013
DNAJC4 (3338),DNAJC4,3338
SIAE (54414),SIAE,54414
SNX15 (29907),SNX15,29907
LPXN (9404),LPXN,9404
DTX4 (23220),DTX4,23220
ATG2A (23130),ATG2A,23130
EHD1 (10938),EHD1,10938
OSBP (5007),OSBP,5007
UNC93B1 (81622),UNC93B1,81622
PUS3 (83480),PUS3,83480
DCPS (28960),DCPS,28960
KMT5B (51111),KMT5B,51111
FOXRED1 (55572),FOXRED1,55572
PPP6R3 (55291),PPP6R3,55291
NRXN2 (9379),NRXN2,9379
ST3GAL4 (6484),ST3GAL4,6484
CPT1A (1374),CPT1A,1374
CCND1 (595),CCND1,595
CCDC86 (79080),CCDC86,79080
PRPF19 (27339),PRPF19,27339
TMEM109 (79073),TMEM109,79073
CCKBR (887),CCKBR,887
HPX (3263),HPX,3263
TRIM3 (10612),TRIM3,10612
CHORDC1 (26973),CHORDC1,26973
FOLR1 (2348),FOLR1,2348
ANAPC15 (25906),ANAPC15,25906
FOLR3 (2352),FOLR3,2352
PANX1 (24145),PANX1,24145
ARHGEF17 (9828),ARHGEF17,9828
CEP164 (22897),CEP164,22897
RNF141 (50862),RNF141,50862
CEP126 (57562),CEP126,57562
EIF4G2 (1982),EIF4G2,1982
IL10RA (3587),IL10RA,3587
GALNT18 (374378),GALNT18,374378
BIRC2 (329),BIRC2,329
UBE4A (9354),UBE4A,9354
DDX6 (1656),DDX6,1656
UPK2 (7379),UPK2,7379
CBL (867),CBL,867
NECTIN1 (5818),NECTIN1,5818
HIPK3 (10114),HIPK3,10114
KIAA1549L (25758),KIAA1549L,25758
FBXO3 (26273),FBXO3,26273
PDHX (8050),PDHX,8050
SLC1A2 (6506),SLC1A2,6506
COMMD9 (29099),COMMD9,29099
SLC15A3 (51296),SLC15A3,51296
CD5 (921),CD5,921
ACCS (84680),ACCS,84680
SCGB2A2 (4250),SCGB2A2,4250
MDK (4192),MDK,4192
AMBRA1 (55626),AMBRA1,55626
MADD (8567),MADD,8567
PTPMT1 (114971),PTPMT1,114971
NAA40 (79829),NAA40,79829
CARS1 (833),CARS1,833
SLC67A1 (5002),SLC67A1,5002
CD81 (975),CD81,975
SLC35F2 (54733),SLC35F2,54733
ELMOD1 (55531),ELMOD1,55531
CALCA (796),CALCA,796
SOX6 (55553),SOX6,55553
C11orf58 (10944),C11orf58,10944
PITPNM1 (9600),PITPNM1,9600
RPS13 (6207),RPS13,6207
AIP (9049),AIP,9049
NUP98 (4928),NUP98,4928
NDUFS8 (4728),NDUFS8,4728
TCIRG1 (10312),TCIRG1,10312
CHKA (1119),CHKA,1119
EXPH5 (23086),EXPH5,23086
HPS5 (11234),HPS5,11234
GTF2H1 (2965),GTF2H1,2965
POU2AF1 (5450),POU2AF1,5450
PTPN5 (84867),PTPN5,84867
VWF (7450),VWF,7450
PSMD9 (5715),PSMD9,5715
P3H3 (10536),P3H3,10536
PPFIBP1 (8496),PPFIBP1,8496
PRPF40B (25766),PRPF40B,25766
CD69 (969),CD69,969
PRDM4 (11108),PRDM4,11108
CLEC2B (9976),CLEC2B,9976
COQ5 (84274),COQ5,84274
SELPLG (6404),SELPLG,6404
CORO1C (23603),CORO1C,23603
ASIC1 (41),ASIC1,41
CAPRIN2 (65981),CAPRIN2,65981
TSPAN11 (441631),TSPAN11,441631
KCTD10 (83892),KCTD10,83892
SLC11A2 (4891),SLC11A2,4891
MLEC (9761),MLEC,9761
MVK (4598),MVK,4598
CSRNP2 (81566),CSRNP2,81566
CAMKK2 (10645),CAMKK2,10645
BIN2 (51411),BIN2,51411
IL23A (51561),IL23A,51561
ATP5F1B (506),ATP5F1B,506
PTGES3 (10728),PTGES3,10728
SYT10 (341359),SYT10,341359
BCL7A (605),BCL7A,605
RSRC2 (65117),RSRC2,65117
CYP27B1 (1594),CYP27B1,1594
LIN7A (8825),LIN7A,8825
KRT18 (3875),KRT18,3875
ACSS3 (79611),ACSS3,79611
TNS2 (23371),TNS2,23371
GLI1 (2735),GLI1,2735
PPM1H (57460),PPM1H,57460
METAP2 (10988),METAP2,10988
LTA4H (4048),LTA4H,4048
ELK3 (2004),ELK3,2004
SLC6A12 (6539),SLC6A12,6539
WNT5B (81029),WNT5B,81029
MAGOHB (55110),MAGOHB,55110
TRPV4 (59341),TRPV4,59341
ITFG2 (55846),ITFG2,55846
FOXM1 (2305),FOXM1,2305
PARP11 (57097),PARP11,57097
ARPC3 (10094),ARPC3,10094
GPN3 (51184),GPN3,51184
VPS29 (51699),VPS29,51699
RAD51AP1 (10635),RAD51AP1,10635
CUX2 (23316),CUX2,23316
SH2B3 (10019),SH2B3,10019
AKAP3 (10566),AKAP3,10566
MANSC1 (54682),MANSC1,54682
DUSP16 (80824),DUSP16,80824
CREBL2 (1389),CREBL2,1389
ACAD10 (80724),ACAD10,80724
ALDH2 (217),ALDH2,217
CDKN1B (1027),CDKN1B,1027
GPRC5D (55507),GPRC5D,55507
NAA25 (80018),NAA25,80018
GSG1 (83445),GSG1,83445
SCNN1A (6337),SCNN1A,6337
LTBR (4055),LTBR,4055
OGFOD2 (79676),OGFOD2,79676
CDK2AP1 (8099),CDK2AP1,8099
OAS3 (4940),OAS3,4940
OAS2 (4939),OAS2,4939
ART4 (420),ART4,420
MGP (4256),MGP,4256
RASAL1 (8437),RASAL1,8437
ARHGDIB (397),ARHGDIB,397
GTF2H3 (2967),GTF2H3,2967
EIF2B1 (1967),EIF2B1,1967
DDX55 (57696),DDX55,57696
SLC38A1 (81539),SLC38A1,81539
ENDOU (8909),ENDOU,8909
SPRING1 (79794),SPRING1,79794
VDR (7421),VDR,7421
FZD10 (11211),FZD10,11211
RFC5 (5985),RFC5,5985
STX2 (2054),STX2,2054
ADGRD1 (283383),ADGRD1,283383
COPZ1 (22818),COPZ1,22818
TBC1D30 (23329),TBC1D30,23329
CAND1 (55832),CAND1,55832
RAB5B (5869),RAB5B,5869
MDM1 (56890),MDM1,56890
NUP107 (57122),NUP107,57122
CNOT2 (4848),CNOT2,4848
TIMELESS (8914),TIMELESS,8914
CPSF6 (11052),CPSF6,11052
KRR1 (11103),KRR1,11103
MRPL51 (51258),MRPL51,51258
GAPDH (2597),GAPDH,2597
NOP2 (4839),NOP2,4839
CHD4 (1108),CHD4,1108
ACRBP (84519),ACRBP,84519
BLTP3B (23074),BLTP3B,23074
COPS7A (50813),COPS7A,50813
ING4 (51147),ING4,51147
GNB3 (2784),GNB3,2784
CDCA3 (83461),CDCA3,83461
CHPT1 (56994),CHPT1,56994
USP5 (8078),USP5,8078
TPI1 (7167),TPI1,7167
GNPTAB (79158),GNPTAB,79158
SPSB2 (84727),SPSB2,84727
ENO2 (2026),ENO2,2026
ATN1 (1822),ATN1,1822
C12orf57 (113246),C12orf57,113246
PTPN6 (5777),PTPN6,5777
LPCAT3 (10162),LPCAT3,10162
NT5DC3 (51559),NT5DC3,51559
SUDS3 (64426),SUDS3,64426
GOLT1B (51026),GOLT1B,51026
LDHB (3945),LDHB,3945
PRKAB1 (5564),PRKAB1,5564
CMAS (55907),CMAS,55907
HCFC2 (29915),HCFC2,29915
ST8SIA1 (6489),ST8SIA1,6489
C2CD5 (9847),C2CD5,9847
RAB35 (11021),RAB35,11021
PHC1 (1911),PHC1,1911
COX6A1 (1337),COX6A1,1337
RIC8B (55188),RIC8B,55188
SRSF9 (8683),SRSF9,8683
FGFR1OP2 (26127),FGFR1OP2,26127
KLRB1 (3820),KLRB1,3820
COL12A1 (1303),COL12A1,1303
BTN3A3 (10384),BTN3A3,10384
TDP2 (51567),TDP2,51567
FRK (2444),FRK,2444
DSE (29940),DSE,29940
RWDD1 (51389),RWDD1,51389
RSPH4A (345895),RSPH4A,345895
MAK (4117),MAK,4117
TMEM14C (51522),TMEM14C,51522
PAK1IP1 (55003),PAK1IP1,55003
GCNT2 (2651),GCNT2,2651
SMIM8 (57150),SMIM8,57150
NEDD9 (4739),NEDD9,4739
CEP85L (387119),CEP85L,387119
ADTRP (84830),ADTRP,84830
ASF1A (25842),ASF1A,25842
MCM9 (254394),MCM9,254394
FAM184A (79632),FAM184A,79632
RNGTT (8732),RNGTT,8732
MAN1A1 (4121),MAN1A1,4121
GABRR2 (2570),GABRR2,2570
SERINC1 (57515),SERINC1,57515
HDDC2 (51020),HDDC2,51020
TPD52L1 (7164),TPD52L1,7164
HINT3 (135114),HINT3,135114
NCOA7 (135112),NCOA7,135112
RIPOR2 (9750),RIPOR2,9750
SASH1 (23328),SASH1,23328
UST (10090),UST,10090
ULBP1 (80329),ULBP1,80329
FBXO5 (26271),FBXO5,26271
MTRF1L (54516),MTRF1L,54516
PPARD (5467),PPARD,5467
FANCE (2178),FANCE,2178
TULP1 (7287),TULP1,7287
SLC26A8 (116369),SLC26A8,116369
MAPK14 (1432),MAPK14,1432
RHAG (6005),RHAG,6005
KCTD20 (222658),KCTD20,222658
STK38 (11329),STK38,11329
SRSF3 (6428),SRSF3,6428
MRPL18 (29074),MRPL18,29074
MCM3 (4172),MCM3,4172
RNF8 (9025),RNF8,9025
PHACTR1 (221692),PHACTR1,221692
MDGA1 (266727),MDGA1,266727
CILK1 (22858),CILK1,22858
FBXO9 (26268),FBXO9,26268
CD83 (9308),CD83,9308
MDN1 (23195),MDN1,23195
SAYSD1 (55776),SAYSD1,55776
BMP5 (653),BMP5,653
BACH2 (60468),BACH2,60468
RBM24 (221662),RBM24,221662
CAP2 (10486),CAP2,10486
ZNF451 (26036),ZNF451,26036
BAG2 (9532),BAG2,9532
RAB23 (51715),RAB23,51715
TSPO2 (222642),TSPO2,222642
GPR63 (81491),GPR63,81491
FBXL4 (26235),FBXL4,26235
CCNC (892),CCNC,892
PRDM13 (59336),PRDM13,59336
E2F3 (1871),E2F3,1871
PTP4A1 (7803),PTP4A1,7803
SIM1 (6492),SIM1,6492
ASCC3 (10973),ASCC3,10973
POPDC1 (11149),POPDC1,11149
COL9A1 (1297),COL9A1,1297
MED23 (9439),MED23,9439
WASF1 (8936),WASF1,8936
GPLD1 (2822),GPLD1,2822
ALDH5A1 (7915),ALDH5A1,7915
CRYBG1 (202),CRYBG1,202
VNN1 (8876),VNN1,8876
VNN2 (8875),VNN2,8875
ACOT13 (55856),ACOT13,55856
SMAP1 (60682),SMAP1,60682
RPS12 (6206),RPS12,6206
C6orf62 (81688),C6orf62,81688
B3GAT2 (135152),B3GAT2,135152
GMNN (51053),GMNN,51053
EYA4 (2070),EYA4,2070
SOBP (55084),SOBP,55084
NR2E1 (7101),NR2E1,7101
SNX3 (8724),SNX3,8724
HBS1L (10767),HBS1L,10767
TRIM38 (10475),TRIM38,10475
PEX7 (5191),PEX7,5191
ZBTB24 (9841),ZBTB24,9841
FIG4 (9896),FIG4,9896
PERP (64065),PERP,64065
ARFGEF3 (57221),ARFGEF3,57221
SLC16A10 (117247),SLC16A10,117247
HECA (51696),HECA,51696
ADGRG6 (57211),ADGRG6,57211
PHACTR2 (9749),PHACTR2,9749
EPM2A (7957),EPM2A,7957
SLC39A7 (7922),SLC39A7,7922
PHF1 (5252),PHF1,5252
CUTA (51596),CUTA,51596
PACRG (135138),PACRG,135138
QKI (9444),QKI,9444
PDE10A (10846),PDE10A,10846
MDFI (4188),MDFI,4188
TFEB (7942),TFEB,7942
SMOC2 (64094),SMOC2,64094
CCND3 (896),CCND3,896
BYSL (705),BYSL,705
FAM120B (84498),FAM120B,84498
TBP (6908),TBP,6908
GUCA1B (2979),GUCA1B,2979
BICRAL (23506),BICRAL,23506
PPP2R5D (5528),PPP2R5D,5528
MRPL2 (51069),MRPL2,51069
PTK7 (5754),PTK7,5754
SRF (6722),SRF,6722
CUL9 (23113),CUL9,23113
DNPH1 (10591),DNPH1,10591
DUSP22 (56940),DUSP22,56940
EXOC2 (55770),EXOC2,55770
COX7A2 (1347),COX7A2,1347
TMEM30A (55754),TMEM30A,55754
GMDS (2762),GMDS,2762
SENP6 (26054),SENP6,26054
IMPG1 (3617),IMPG1,3617
VEGFA (7422),VEGFA,7422
PRP4K (8899),PRP4K,8899
TTK (7272),TTK,7272
SLC29A1 (2030),SLC29A1,2030
CCN6 (8838),CCN6,8838
BTN2A1 (11120),BTN2A1,11120
LAMA4 (3910),LAMA4,3910
TENT5A (55603),TENT5A,55603
CLIC5 (53405),CLIC5,53405
FBRSL1 (57666),FBRSL1,57666
ENPP5 (59084),ENPP5,59084
PRSS16 (10279),PRSS16,10279
TBX18 (9096),TBX18,9096
ERBIN (55914),ERBIN,55914
HARS2 (23438),HARS2,23438
NUDT12 (83594),NUDT12,83594
CEP72 (55722),CEP72,55722
MAN2A1 (4124),MAN2A1,4124
SEMA5A (9037),SEMA5A,9037
TENT4A (11044),TENT4A,11044
GHR (2690),GHR,2690
HMGCS1 (3157),HMGCS1,3157
DAP (1611),DAP,1611
NME5 (8382),NME5,8382
BRD8 (10902),BRD8,10902
KIF20A (10112),KIF20A,10112
NNT (23530),NNT,23530
MRPS30 (10884),MRPS30,10884
HSPA9 (3313),HSPA9,3313
MRPS27 (23107),MRPS27,23107
PFDN1 (5201),PFDN1,5201
HBEGF (1839),HBEGF,1839
LOX (4015),LOX,4015
APBB3 (10307),APBB3,10307
TMCO6 (55374),TMCO6,55374
SPARC (6678),SPARC,6678
IK (3550),IK,3550
HMGCR (3156),HMGCR,3156
CERT1 (10087),CERT1,10087
FAF2 (23197),FAF2,23197
HAND1 (9421),HAND1,9421
PDE8B (8622),PDE8B,8622
CLK4 (57396),CLK4,57396
HAVCR1 (26762),HAVCR1,26762
GRM6 (2916),GRM6,2916
ITK (3702),ITK,3702
RNF130 (55819),RNF130,55819
THG1L (54974),THG1L,54974
ARSB (411),ARSB,411
CLINT1 (9685),CLINT1,9685
THBS4 (7060),THBS4,7060
CNOT6 (57472),CNOT6,57472
BTNL8 (79908),BTNL8,79908
TTC1 (7265),TTC1,7265
MSH3 (4437),MSH3,4437
RASGRF2 (5924),RASGRF2,5924
CCNG1 (900),CCNG1,900
POLR3G (10622),POLR3G,10622
DROSHA (29102),DROSHA,29102
CDH6 (1004),CDH6,1004
LMNB1 (4001),LMNB1,4001
ARRDC3 (57561),ARRDC3,57561
GOLPH3 (64083),GOLPH3,64083
SUB1 (10923),SUB1,10923
NPR3 (4883),NPR3,4883
ARB2A (83989),ARB2A,83989
SLC27A6 (28965),SLC27A6,28965
TARS1 (6897),TARS1,6897
IRX4 (50805),IRX4,50805
LNPEP (4012),LNPEP,4012
PDE4D (5144),PDE4D,5144
RAD1 (5810),RAD1,5810
BRIX1 (55299),BRIX1,55299
AGXT2 (64902),AGXT2,64902
PRLR (5618),PRLR,5618
SLC12A7 (10723),SLC12A7,10723
RAD50 (10111),RAD50,10111
ST8SIA4 (7903),ST8SIA4,7903
GNPDA1 (10007),GNPDA1,10007
PCDH12 (51294),PCDH12,51294
SKP1 (6500),SKP1,6500
NUP155 (9631),NUP155,9631
PPP2CA (5515),PPP2CA,5515
FGF1 (2246),FGF1,2246
NR3C1 (2908),NR3C1,2908
C5orf15 (56951),C5orf15,56951
PPWD1 (23398),PPWD1,23398
LIFR (3977),LIFR,3977
TRIM23 (373),TRIM23,373
TRAPPC13 (80006),TRAPPC13,80006
C9 (735),C9,735
SEC24A (10802),SEC24A,10802
TXNDC15 (79770),TXNDC15,79770
TTC33 (23548),TTC33,23548
RARS1 (5917),RARS1,5917
WWC1 (23286),WWC1,23286
MACROH2A1 (9555),MACROH2A1,9555
TCERG1 (10915),TCERG1,10915
DPYSL3 (1809),DPYSL3,1809
SMAD5 (4090),SMAD5,4090
CSNK1A1 (1452),CSNK1A1,1452
HMGXB3 (22993),HMGXB3,22993
ERGIC1 (57222),ERGIC1,57222
PDGFRB (5159),PDGFRB,5159
ATP6V0E1 (8992),ATP6V0E1,8992
BNIP1 (662),BNIP1,662
STC2 (8614),STC2,8614
CPEB4 (80315),CPEB4,80315
HRH2 (3274),HRH2,3274
DBN1 (1627),DBN1,1627
ZNF346 (23567),ZNF346,23567
UNC5A (90249),UNC5A,90249
EHHADH (1962),EHHADH,1962
CNTN3 (5067),CNTN3,5067
SMC4 (10051),SMC4,10051
SELENOK (58515),SELENOK,58515
ACTR8 (93973),ACTR8,93973
TBCCD1 (55171),TBCCD1,55171
TIMMDC1 (51300),TIMMDC1,51300
CRBN (51185),CRBN,51185
BCL6 (604),BCL6,604
HGD (3081),HGD,3081
CLDN16 (10686),CLDN16,10686
ARL6 (84100),ARL6,84100
NPHP3 (27031),NPHP3,27031
AMOTL2 (51421),AMOTL2,51421
NIT2 (56954),NIT2,56954
FAM162A (26355),FAM162A,26355
OGG1 (4968),OGG1,4968
KPNA1 (3836),KPNA1,3836
PCCB (5096),PCCB,5096
UBE3A (7337),UBE3A,7337
ARMC8 (25852),ARMC8,25852
CEP70 (80321),CEP70,80321
RBP2 (5948),RBP2,5948
RBP1 (5947),RBP1,5947
SLC25A36 (55186),SLC25A36,55186
GRK7 (131890),GRK7,131890
RNF7 (9616),RNF7,9616
TFDP2 (7029),TFDP2,7029
XRN1 (54464),XRN1,54464
KAT2B (8850),KAT2B,8850
BCHE (590),BCHE,590
PDCD10 (11235),PDCD10,11235
LRRC31 (79782),LRRC31,79782
WNT5A (7474),WNT5A,7474
PFKFB4 (5210),PFKFB4,5210
COL7A1 (1294),COL7A1,1294
FGF12 (2257),FGF12,2257
PRKAR2A (5576),PRKAR2A,5576
HES1 (3280),HES1,3280
USP4 (7375),USP4,7375
ACAP2 (23527),ACAP2,23527
ECT2 (1894),ECT2,1894
GNAT1 (2779),GNAT1,2779
GNAI2 (2771),GNAI2,2771
TFG (10342),TFG,10342
USP9Y (8287),USP9Y,8287
HYAL1 (3373),HYAL1,3373
TUSC2 (11334),TUSC2,11334
NPRL2 (10641),NPRL2,10641
RPL24 (6152),RPL24,6152
CYB561D2 (11068),CYB561D2,11068
CEP15 (57415),CEP15,57415
FXR1 (8087),FXR1,8087
CBLB (868),CBLB,868
BBX (56987),BBX,56987
IFT57 (55081),IFT57,55081
GNB4 (59345),GNB4,59345
IQCG (84223),IQCG,84223
GBE1 (2632),GBE1,2632
UMPS (7372),UMPS,7372
NCBP2 (22916),NCBP2,22916
SNX4 (8723),SNX4,8723
C3orf52 (79669),C3orf52,79669
FRMD4B (23150),FRMD4B,23150
SLC41A3 (54946),SLC41A3,54946
ROPN1B (152015),ROPN1B,152015
PLXNA1 (5361),PLXNA1,5361
ATP6V1A (523),ATP6V1A,523
ABTB1 (80325),ABTB1,80325
PODXL2 (50512),PODXL2,50512
UPK1B (7348),UPK1B,7348
CSPG5 (10675),CSPG5,10675
KLHL18 (23276),KLHL18,23276
SCAP (22937),SCAP,22937
EFCC1 (79825),EFCC1,79825
CFAP92 (57501),CFAP92,57501
NEK11 (79858),NEK11,79858
MRPL3 (11222),MRPL3,11222
PLSCR4 (57088),PLSCR4,57088
HEMK1 (51409),HEMK1,51409
CISH (1154),CISH,1154
MAPKAPK3 (7867),MAPKAPK3,7867
ACVR2B (93),ACVR2B,93
WDR48 (57599),WDR48,57599
COMMD2 (51122),COMMD2,51122
GORASP1 (64689),GORASP1,64689
PEX5L (51555),PEX5L,51555
RRP9 (9136),RRP9,9136
ABCC5 (10057),ABCC5,10057
AADAC (13),AADAC,13
ABHD14B (84836),ABHD14B,84836
EIF1B (10289),EIF1B,10289
ARHGEF26 (26084),ARHGEF26,26084
KLHL24 (54800),KLHL24,54800
PLCH1 (23007),PLCH1,23007
VIPR1 (7433),VIPR1,7433
DNAH1 (25981),DNAH1,25981
SSR3 (6747),SSR3,6747
ZBTB47 (92999),ZBTB47,92999
TNNC1 (7134),TNNC1,7134
NKTR (4820),NKTR,4820
CLCN2 (1181),CLCN2,1181
FOXP1 (27086),FOXP1,27086
EIF4G1 (1981),EIF4G1,1981
SPCS1 (28972),SPCS1,28972
NEK4 (6787),NEK4,6787
SLC4A3 (6508),SLC4A3,6508
INO80D (54891),INO80D,54891
EEF1B2 (1933),EEF1B2,1933
ADAM23 (8745),ADAM23,8745
DGUOK (1716),DGUOK,1716
MOB1A (55233),MOB1A,55233
KANSL3 (55683),KANSL3,55683
LMAN2L (81562),LMAN2L,81562
RTKN (6242),RTKN,6242
TTL (150465),TTL,150465
IL1A (3552),IL1A,3552
CCL20 (6364),CCL20,6364
PIKFYVE (200576),PIKFYVE,200576
KCNIP3 (30818),KCNIP3,30818
FAHD2A (51011),FAHD2A,51011
NCL (4691),NCL,4691
ACTR1B (10120),ACTR1B,10120
SLC35F5 (80255),SLC35F5,80255
ZAP70 (7535),ZAP70,7535
ACTR3 (10096),ACTR3,10096
STEAP3 (55240),STEAP3,55240
EPB41L5 (57669),EPB41L5,57669
TFCP2L1 (29842),TFCP2L1,29842
SF3B6 (51639),SF3B6,51639
TP53I3 (9540),TP53I3,9540
DNAJC27 (51277),DNAJC27,51277
STAM2 (10254),STAM2,10254
OTOF (9381),OTOF,9381
GPD2 (2820),GPD2,2820
CENPA (1058),CENPA,1058
CYTIP (9595),CYTIP,9595
ACVR1 (90),ACVR1,90
TANC1 (85461),TANC1,85461
SLC30A3 (7781),SLC30A3,7781
MPV17 (4358),MPV17,4358
GTF3C2 (2976),GTF3C2,2976
EIF2B4 (8890),EIF2B4,8890
NRBP1 (29959),NRBP1,29959
ITGB6 (3694),ITGB6,3694
FNDC4 (64838),FNDC4,64838
ITGA4 (3676),ITGA4,3676
PSMD14 (10213),PSMD14,10213
SNX17 (9784),SNX17,9784
ASB3 (51130),ASB3,51130
PPM1G (5496),PPM1G,5496
PDE1A (5136),PDE1A,5136
REEP6 (92840),REEP6,92840
PCSK4 (54760),PCSK4,54760
GCG (2641),GCG,2641
APC2 (10297),APC2,10297
IFIH1 (64135),IFIH1,64135
RPS15 (6209),RPS15,6209
GCA (25801),GCA,25801
INO80B (83444),INO80B,83444
MOGS (7841),MOGS,7841
TTC31 (64427),TTC31,64427
NDUFS7 (374291),NDUFS7,374291
PCGF1 (84759),PCGF1,84759
GRB14 (2888),GRB14,2888
CLIP4 (79745),CLIP4,79745
TLX2 (3196),TLX2,3196
SPTBN1 (6711),SPTBN1,6711
AUP1 (550),AUP1,550
RTN4 (57142),RTN4,57142
HTRA2 (27429),HTRA2,27429
LOXL3 (84695),LOXL3,84695
DOK1 (1796),DOK1,1796
GALNT3 (2591),GALNT3,2591
POLE4 (56655),POLE4,56655
TACR1 (6869),TACR1,6869
CCDC88A (55704),CCDC88A,55704
ACADL (33),ACADL,33
EVA1A (84141),EVA1A,84141
MRPL19 (9801),MRPL19,9801
LANCL1 (10314),LANCL1,10314
WDR75 (84128),WDR75,84128
EFEMP1 (2202),EFEMP1,2202
REG1A (5967),REG1A,5967
FANCL (55120),FANCL,55120
FN1 (2335),FN1,2335
STAT1 (6772),STAT1,6772
GLS (2744),GLS,2744
PAPOLG (64895),PAPOLG,64895
DNAH6 (1768),DNAH6,1768
PECR (55825),PECR,55825
UNC50 (25972),UNC50,25972
IGFBP2 (3485),IGFBP2,3485
ELMOD3 (84173),ELMOD3,84173
IGFBP5 (3488),IGFBP5,3488
USP34 (9736),USP34,9736
EFHD1 (80303),EFHD1,80303
KCNJ13 (3769),KCNJ13,3769
CCT4 (10575),CCT4,10575
GGCX (2677),GGCX,2677
EHBP1 (23301),EHBP1,23301
OTX1 (5013),OTX1,5013
TXNDC9 (10190),TXNDC9,10190
COQ10B (80219),COQ10B,80219
SF3B1 (23451),SF3B1,23451
ST3GAL5 (8869),ST3GAL5,8869
CHST10 (9486),CHST10,9486
PDCL3 (79031),PDCL3,79031
MOB4 (25843),MOB4,25843
HSPE1 (3336),HSPE1,3336
KDM3A (55818),KDM3A,55818
PLCD4 (84812),PLCD4,84812
CHMP3 (51652),CHMP3,51652
ZNF142 (7701),ZNF142,7701
IL1R2 (7850),IL1R2,7850
IL1R1 (3554),IL1R1,3554
WNT6 (7475),WNT6,7475
IL1RL2 (8808),IL1RL2,8808
IL1RL1 (9173),IL1RL1,9173
IL18R1 (8809),IL18R1,8809
SLC9A2 (6549),SLC9A2,6549
FHL2 (2274),FHL2,2274
MLPH (79083),MLPH,79083
CNPPD1 (27013),CNPPD1,27013
UXS1 (80146),UXS1,80146
ABCB6 (10058),ABCB6,10058
STK16 (8576),STK16,8576
HDLBP (3069),HDLBP,3069
PPP1R7 (5510),PPP1R7,5510
PASK (23178),PASK,23178
STK25 (10494),STK25,10494
TPO (7173),TPO,7173
PROC (5624),PROC,5624
ID2 (3398),ID2,3398
TAF1B (9014),TAF1B,9014
HPCAL1 (3241),HPCAL1,3241
ODC1 (4953),ODC1,4953
BIRC6 (57448),BIRC6,57448
NOL10 (79954),NOL10,79954
PLEKHB2 (55041),PLEKHB2,55041
GORASP2 (26003),GORASP2,26003
STRN (6801),STRN,6801
CEBPZ (10153),CEBPZ,10153
PRKD3 (23683),PRKD3,23683
DCAF17 (80067),DCAF17,80067
QPCT (25797),QPCT,25797
RAB3GAP1 (22930),RAB3GAP1,22930
SLC25A12 (8604),SLC25A12,8604
RMDN2 (151393),RMDN2,151393
DLX2 (1746),DLX2,1746
LCT (3938),LCT,3938
DARS1 (1615),DARS1,1615
SRSF7 (6432),SRSF7,6432
SDC1 (6382),SDC1,6382
PLCL1 (5334),PLCL1,5334
SLC1A4 (6509),SLC1A4,6509
SOS1 (6654),SOS1,6654
KYNU (8942),KYNU,8942
WIPF1 (7456),WIPF1,7456
ORC2 (4999),ORC2,4999
COX7A2L (9167),COX7A2L,9167
PNO1 (56902),PNO1,56902
ORC4 (5000),ORC4,5000
PLEK (5341),PLEK,5341
RND3 (390),RND3,390
ATF2 (1386),ATF2,1386
THADA (63892),THADA,63892
AAK1 (22848),AAK1,22848
TRAK2 (66008),TRAK2,66008
C2orf42 (54980),C2orf42,54980
TIA1 (7072),TIA1,7072
PCYOX1 (51449),PCYOX1,51449
KISS1R (84634),KISS1R,84634
EPAS1 (2034),EPAS1,2034
ARID3A (1820),ARID3A,1820
SUMO1 (7341),SUMO1,7341
CD207 (50489),CD207,50489
GRIN3B (116444),GRIN3B,116444
VAX2 (25806),VAX2,25806
ATP6V1B1 (525),ATP6V1B1,525
NFE2L2 (4780),NFE2L2,4780
MSH6 (2956),MSH6,2956
PLEKHA3 (65977),PLEKHA3,65977
SPR (6697),SPR,6697
EPHA4 (2043),EPHA4,2043
PARD3B (117583),PARD3B,117583
FARSB (10056),FARSB,10056
ALMS1 (7840),ALMS1,7840
BCL9 (607),BCL9,607
PRRX1 (5396),PRRX1,5396
DHCR24 (1718),DHCR24,1718
DNAJC16 (23341),DNAJC16,23341
MARK1 (4139),MARK1,4139
TNR (7143),TNR,7143
MORN1 (79906),MORN1,79906
GPX7 (2882),GPX7,2882
CACYBP (27101),CACYBP,27101
SCP2 (6342),SCP2,6342
TPSG1 (25823),TPSG1,25823
PAPPA2 (60676),PAPPA2,60676
RALGPS2 (55103),RALGPS2,55103
ANGPTL1 (9068),ANGPTL1,9068
CEP104 (9731),CEP104,9731
FAM20B (9917),FAM20B,9917
TCEANC2 (127428),TCEANC2,127428
TMEM59 (9528),TMEM59,9528
LRRC42 (115353),LRRC42,115353
WRAP73 (49856),WRAP73,49856
MRPL37 (51253),MRPL37,51253
ICMT (23463),ICMT,23463
RPL22 (6146),RPL22,6146
CHD5 (26038),CHD5,26038
QSOX1 (5768),QSOX1,5768
STXBP3 (6814),STXBP3,6814
PHF13 (148479),PHF13,148479
ERRFI1 (54206),ERRFI1,54206
PARK7 (11315),PARK7,11315
ELAPOR1 (57535),ELAPOR1,57535
OPRD1 (4985),OPRD1,4985
AMPD2 (271),AMPD2,271
SRSF4 (6429),SRSF4,6429
MECR (51102),MECR,51102
KCNC4 (3749),KCNC4,3749
EDEM3 (80267),EDEM3,80267
WDR77 (79084),WDR77,79084
ATP5PB (515),ATP5PB,515
RAP1A (5906),RAP1A,5906
HDAC1 (3065),HDAC1,3065
CAPZA1 (829),CAPZA1,829
S100PBP (64766),S100PBP,64766
RNF19B (127544),RNF19B,127544
SCAMP3 (10067),SCAMP3,10067
TRIM62 (55223),TRIM62,55223
ASH1L (55870),ASH1L,55870
DLGAP3 (58512),DLGAP3,58512
SFPQ (6421),SFPQ,6421
RHOU (58480),RHOU,58480
GON4L (54856),GON4L,54856
ARHGEF2 (9181),ARHGEF2,9181
LAMTOR2 (28956),LAMTOR2,28956
MEF2D (4209),MEF2D,4209
DOCK7 (85440),DOCK7,85440
SRM (6723),SRM,6723
FBXO2 (26232),FBXO2,26232
FBXO6 (26270),FBXO6,26270
C1orf21 (81563),C1orf21,81563
SWT1 (54823),SWT1,54823
MAD2L2 (10459),MAD2L2,10459
DNAJC6 (9829),DNAJC6,9829
LEPR (3953),LEPR,3953
IVNS1ABP (10625),IVNS1ABP,10625
KIAA2013 (90231),KIAA2013,90231
MFN2 (9927),MFN2,9927
PRG4 (10216),PRG4,10216
MIIP (60672),MIIP,60672
SMG7 (9887),SMG7,9887
NCF2 (4688),NCF2,4688
PDC (5132),PDC,5132
SLC35D1 (23169),SLC35D1,23169
PLA2G4A (5321),PLA2G4A,5321
GADD45A (1647),GADD45A,1647
WLS (79971),WLS,79971
PRDM2 (7799),PRDM2,7799
RGS2 (5997),RGS2,5997
RPE65 (6121),RPE65,6121
RO60 (6738),RO60,6738
UCHL5 (51377),UCHL5,51377
BCAS2 (10286),BCAS2,10286
SRSF11 (9295),SRSF11,9295
CTH (1491),CTH,1491
AGMAT (79814),AGMAT,79814
OLFML3 (56944),OLFML3,56944
CFHR3 (10878),CFHR3,10878
PLEKHM2 (23207),PLEKHM2,23207
CRYZ (1429),CRYZ,1429
PHTF1 (10745),PHTF1,10745
ZBTB17 (7709),ZBTB17,7709
CD58 (965),CD58,965
TFAP2E (339488),TFAP2E,339488
TTF2 (8458),TTF2,8458
NR5A2 (2494),NR5A2,2494
KIF21B (23046),KIF21B,23046
TMEM9 (252839),TMEM9,252839
ADPRS (54936),ADPRS,54936
MAP7D1 (55700),MAP7D1,55700
WARS2 (10352),WARS2,10352
OSCP1 (127700),OSCP1,127700
MRPS15 (64960),MRPS15,64960
EXOC8 (149371),EXOC8,149371
GNPAT (8443),GNPAT,8443
TSNAX (7257),TSNAX,7257
AIRIM (54955),AIRIM,54955
RRAGC (64121),RRAGC,64121
NID1 (4811),NID1,4811
LGALS8 (3964),LGALS8,3964
NT5C1A (84618),NT5C1A,84618
HPCAL4 (51440),HPCAL4,51440
MTR (4548),MTR,4548
BMP8B (656),BMP8B,656
MYCL (4610),MYCL,4610
SIPA1L2 (57568),SIPA1L2,57568
RLF (6018),RLF,6018
KMO (8564),KMO,8564
ZNF684 (127396),ZNF684,127396
KCNQ4 (9132),KCNQ4,9132
RIMS3 (9783),RIMS3,9783
AKT3 (10000),AKT3,10000
ETV3 (2117),ETV3,2117
ACADM (34),ACADM,34
ST6GALNAC5 (81849),ST6GALNAC5,81849
ADGRL2 (23266),ADGRL2,23266
PADI2 (11240),PADI2,11240
SDHB (6390),SDHB,6390
MFAP2 (4237),MFAP2,4237
RPF1 (80135),RPF1,80135
KDM5B (10765),KDM5B,10765
UAP1 (6675),UAP1,6675
ACTL8 (81569),ACTL8,81569
CTBS (1486),CTBS,1486
RGS4 (5999),RGS4,5999
KLHL12 (59349),KLHL12,59349
SSX2IP (117178),SSX2IP,117178
ZNHIT6 (54680),ZNHIT6,54680
RBBP5 (5929),RBBP5,5929
GBP3 (2635),GBP3,2635
GBP1 (2633),GBP1,2633
KIF17 (57576),KIF17,57576
GPR89A (653519),GPR89A,653519
CDK18 (5129),CDK18,5129
RAB29 (8934),RAB29,8934
CD160 (11126),CD160,11126
ECE1 (1889),ECE1,1889
HMGCL (3155),HMGCL,3155
GALE (2582),GALE,2582
ID3 (3399),ID3,3399
CR2 (1380),CR2,1380
CD46 (4179),CD46,4179
PRPF3 (9129),PRPF3,9129
APH1A (51107),APH1A,51107
P3H1 (64175),P3H1,64175
SLC2A1 (6513),SLC2A1,6513
EBNA1BP2 (10969),EBNA1BP2,10969
CDC20 (991),CDC20,991
MPL (4352),MPL,4352
ARTN (9048),ARTN,9048
IPO13 (9670),IPO13,9670
ATP6V0B (533),ATP6V0B,533
B4GALT2 (8704),B4GALT2,8704
ERI3 (79033),ERI3,79033
PTCH2 (8643),PTCH2,8643
AKR1A1 (10327),AKR1A1,10327
PRDX1 (5052),PRDX1,5052
PIK3R3 (8503),PIK3R3,8503
TSPAN1 (10103),TSPAN1,10103
BLZF1 (8548),BLZF1,8548
CCDC181 (57821),CCDC181,57821
SLC19A2 (10560),SLC19A2,10560
FAAH (2166),FAAH,2166
NSUN4 (387338),NSUN4,387338
TMED5 (50999),TMED5,50999
DR1 (1810),DR1,1810
CNN3 (1266),CNN3,1266
PRRC2C (23215),PRRC2C,23215
F3 (2152),F3,2152
ABCD3 (5825),ABCD3,5825
VAMP4 (8674),VAMP4,8674
DPH5 (51611),DPH5,51611
PTBP2 (58155),PTBP2,58155
TNFSF4 (7292),TNFSF4,7292
PRDX6 (9588),PRDX6,9588
DARS2 (55157),DARS2,55157
IRF6 (3664),IRF6,3664
UTP25 (27042),UTP25,27042
PLPPR4 (9890),PLPPR4,9890
SERPINC1 (462),SERPINC1,462
RCAN3 (11123),RCAN3,11123
SYF2 (25949),SYF2,25949
RSRP1 (57035),RSRP1,57035
SLC35A3 (23443),SLC35A3,23443
RCOR3 (55758),RCOR3,55758
STMN1 (3925),STMN1,3925
MTFR1L (56181),MTFR1L,56181
MAN1C1 (57134),MAN1C1,57134
NEK2 (4751),NEK2,4751
RPS6KA1 (6195),RPS6KA1,6195
DHDDS (79947),DHDDS,79947
NENF (29937),NENF,29937
NSL1 (25936),NSL1,25936
PROX1 (5629),PROX1,5629
ARID1A (8289),ARID1A,8289
CENPF (1063),CENPF,1063
RPA2 (6118),RPA2,6118
PPP1R8 (5511),PPP1R8,5511
STX12 (23673),STX12,23673
MTARC2 (54996),MTARC2,54996
SLC5A9 (200010),SLC5A9,200010
OSBPL9 (114883),OSBPL9,114883
TXNDC12 (51060),TXNDC12,51060
ESYT2 (57488),ESYT2,57488
POLR1G (10849),POLR1G,10849
MESD (23184),MESD,23184
RCN2 (5955),RCN2,5955
CHRNB4 (1143),CHRNB4,1143
MUC5B (727897),MUC5B,727897
CTSD (1509),CTSD,1509
COLEC11 (78989),COLEC11,78989
STAG1 (10274),STAG1,10274
STK11 (6794),STK11,6794
KMT2A (4297),KMT2A,4297
TREH (11181),TREH,11181
IFT46 (56912),IFT46,56912
APOA1 (335),APOA1,335
ZNF541 (84215),ZNF541,84215
SLC8A2 (6543),SLC8A2,6543
KPTN (11133),KPTN,11133
RPS25 (6230),RPS25,6230
KIF14 (9928),KIF14,9928
TNNT2 (7139),TNNT2,7139
DDX59 (83479),DDX59,83479
CAMSAP2 (23271),CAMSAP2,23271
ATF6 (22926),ATF6,22926
MREG (55686),MREG,55686
FASTKD2 (22868),FASTKD2,22868
NRP2 (8828),NRP2,8828
CREB1 (1385),CREB1,1385
KLF7 (8609),KLF7,8609
B4GALT6 (9331),B4GALT6,9331
C1orf54 (79630),C1orf54,79630
CA14 (23632),CA14,23632
DNAI7 (55259),DNAI7,55259
IRAG2 (4033),IRAG2,4033
ATP10B (23120),ATP10B,23120
SPCS2 (9789),SPCS2,9789
USP35 (57558),USP35,57558
ELOVL4 (6785),ELOVL4,6785
CASP8AP2 (9994),CASP8AP2,9994
HMGN3 (9324),HMGN3,9324
UBE3D (90025),UBE3D,90025
CNR1 (1268),CNR1,1268
ANKRD13C (81573),ANKRD13C,81573
SGIP1 (84251),SGIP1,84251
PHF3 (23469),PHF3,23469
PLAGL1 (5325),PLAGL1,5325
FBXO30 (84085),FBXO30,84085
TNFAIP3 (7128),TNFAIP3,7128
AKAP7 (9465),AKAP7,9465
RAB32 (10981),RAB32,10981
MYB (4602),MYB,4602
ALDH8A1 (64577),ALDH8A1,64577
SGK1 (6446),SGK1,6446
RNF146 (81847),RNF146,81847
ARG1 (383),ARG1,383
CCN2 (1490),CCN2,1490
PMFBP1 (83449),PMFBP1,83449
FBXL5 (26234),FBXL5,26234
MED28 (80306),MED28,80306
SLC16A7 (9194),SLC16A7,9194
RXYLT1 (10329),RXYLT1,10329
ZNF430 (80264),ZNF430,80264
VAMP8 (8673),VAMP8,8673
DCLRE1B (64858),DCLRE1B,64858
MYL12B (103910),MYL12B,103910
FOXO3 (2309),FOXO3,2309
ARMC2 (84071),ARMC2,84071
RPN2 (6185),RPN2,6185
TGIF2 (60436),TGIF2,60436
CASQ2 (845),CASQ2,845
PKD2 (5311),PKD2,5311
ABCG2 (9429),ABCG2,9429
SPP1 (6696),SPP1,6696
STBD1 (8987),STBD1,8987
CCNI (10983),CCNI,10983
RARRES1 (5918),RARRES1,5918
MFSD1 (64747),MFSD1,64747
RAB3GAP2 (25782),RAB3GAP2,25782
EEF2KMT (196483),EEF2KMT,196483
PPL (5493),PPL,5493
UBN1 (29855),UBN1,29855
KLF12 (11278),KLF12,11278
UCHL3 (7347),UCHL3,7347
PCDH17 (27253),PCDH17,27253
HS1BP3 (64342),HS1BP3,64342
LDAH (60526),LDAH,60526
WDR35 (57539),WDR35,57539
CCND2 (894),CCND2,894
ELL2 (22936),ELL2,22936
DNAH7 (56171),DNAH7,56171
CYP20A1 (57404),CYP20A1,57404
NDUFB3 (4709),NDUFB3,4709
GTF3C3 (9330),GTF3C3,9330
SATB2 (23314),SATB2,23314
UBE2B (7320),UBE2B,7320
TRPM6 (140803),TRPM6,140803
GDA (9615),GDA,9615
KLF9 (687),KLF9,687
TJP2 (9414),TJP2,9414
ITGB1BP1 (9270),ITGB1BP1,9270
CPSF3 (51692),CPSF3,51692
PIGZ (80235),PIGZ,80235
SENP5 (205564),SENP5,205564
CCDC92 (80212),CCDC92,80212
C1orf198 (84886),C1orf198,84886
TRIM67 (440730),TRIM67,440730
HEATR1 (55127),HEATR1,55127
PTBP3 (9991),PTBP3,9991
RAD23B (5887),RAD23B,5887
FKBP15 (23307),FKBP15,23307
CTNNAL1 (8727),CTNNAL1,8727
ABITRAM (54942),ABITRAM,54942
DYNC2I2 (89891),DYNC2I2,89891
SET (6418),SET,6418
PTPA (5524),PTPA,5524
GLE1 (2733),GLE1,2733
RAB14 (51552),RAB14,51552
CNTRL (11064),CNTRL,11064
TRIM32 (22954),TRIM32,22954
FBXW2 (26190),FBXW2,26190
PHF19 (26147),PHF19,26147
NEK6 (10783),NEK6,10783
BSPRY (54836),BSPRY,54836
PPP6C (5537),PPP6C,5537
NDUFA8 (4702),NDUFA8,4702
HDHD3 (81932),HDHD3,81932
RBM18 (92400),RBM18,92400
SLC46A2 (57864),SLC46A2,57864
HSDL2 (84263),HSDL2,84263
MAPKAP1 (79109),MAPKAP1,79109
NR4A3 (8013),NR4A3,8013
INVS (27130),INVS,27130
GALNT12 (79695),GALNT12,79695
DENND1A (57706),DENND1A,57706
ALG2 (85365),ALG2,85365
CSF3R (1441),CSF3R,1441
KDSR (2531),KDSR,2531
VPS4B (9525),VPS4B,9525
ONECUT2 (9480),ONECUT2,9480
C19orf25 (148223),C19orf25,148223
ZBTB45 (84878),ZBTB45,84878
YLPM1 (56252),YLPM1,56252
DCAF4 (26094),DCAF4,26094
PROX2 (283571),PROX2,283571
FCF1 (51077),FCF1,51077
PGF (5228),PGF,5228
IFI27L2 (83982),IFI27L2,83982
BBOF1 (80127),BBOF1,80127
NEK9 (91754),NEK9,91754
ACYP1 (97),ACYP1,97
IFT43 (112752),IFT43,112752
NPC2 (10577),NPC2,10577
DNAL1 (83544),DNAL1,83544
IRF2BPL (64207),IRF2BPL,64207
ACOT2 (10965),ACOT2,10965
LTBP2 (4053),LTBP2,4053
AREL1 (9870),AREL1,9870
MLH3 (27030),MLH3,27030
TTLL5 (23093),TTLL5,23093
FLVCR2 (55640),FLVCR2,55640
ABCD4 (5826),ABCD4,5826
DLST (1743),DLST,1743
PPP4R4 (57718),PPP4R4,57718
TGFB3 (7043),TGFB3,7043
ZC2HC1C (79696),ZC2HC1C,79696
SLIRP (81892),SLIRP,81892
RBM25 (58517),RBM25,58517
ALDH6A1 (4329),ALDH6A1,4329
GPR68 (8111),GPR68,8111
ESRRB (2103),ESRRB,2103
EIF2B2 (8892),EIF2B2,8892
NRDE2 (55051),NRDE2,55051
COQ6 (51004),COQ6,51004
ZNF410 (57862),ZNF410,57862
RHOQ (23433),RHOQ,23433
GPR75 (10936),GPR75,10936
SUPT7L (9913),SUPT7L,9913
KLHL29 (114818),KLHL29,114818
DNMT3A (1788),DNMT3A,1788
TMEM214 (54867),TMEM214,54867
ATAD2B (54454),ATAD2B,54454
FKBP1B (2281),FKBP1B,2281
ATL2 (64225),ATL2,64225
YPEL5 (51646),YPEL5,51646
FAM98A (25940),FAM98A,25940
YIPF4 (84272),YIPF4,84272
AFTPH (54812),AFTPH,54812
LGALSL (29094),LGALSL,29094
CNRIP1 (25927),CNRIP1,25927
BCL11A (53335),BCL11A,53335
CRIPT (9419),CRIPT,9419
EPCAM (4072),EPCAM,4072
SLC17A5 (26503),SLC17A5,26503
OGFRL1 (79627),OGFRL1,79627
SLF2 (55719),SLF2,55719
IDE (3416),IDE,3416
ELOVL3 (83401),ELOVL3,83401
IFIT3 (3437),IFIT3,3437
NKX2-3 (159296),NKX2-3,159296
IFIT2 (3433),IFIT2,3433
GPAM (57678),GPAM,57678
CUTC (51076),CUTC,51076
PPP1R3C (5507),PPP1R3C,5507
PYROXD2 (84795),PYROXD2,84795
CNNM1 (26507),CNNM1,26507
MXI1 (4601),MXI1,4601
SMNDC1 (10285),SMNDC1,10285
C10orf88 (80007),C10orf88,80007
HELLS (3070),HELLS,3070
TCTN3 (26123),TCTN3,26123
DENND10 (404636),DENND10,404636
AVPI1 (60370),AVPI1,60370
WDR11 (55717),WDR11,55717
ARMH3 (79591),ARMH3,79591
KCNIP2 (30819),KCNIP2,30819
CFAP58 (159686),CFAP58,159686
GOT1 (2805),GOT1,2805
GNA13 (10672),GNA13,10672
HOXB8 (3218),HOXB8,3218
KANSL1 (284058),KANSL1,284058
HOXB5 (3215),HOXB5,3215
HOXB3 (3213),HOXB3,3213
HOXB1 (3211),HOXB1,3211
DUSP1 (1843),DUSP1,1843
PANK3 (79646),PANK3,79646
MSX2 (4488),MSX2,4488
TEK (7010),TEK,7010
RCL1 (10171),RCL1,10171
CAAP1 (79886),CAAP1,79886
MOB3B (79817),MOB3B,79817
MLANA (2315),MLANA,2315
CD274 (29126),CD274,29126
GRIA2 (2891),GRIA2,2891
NUP43 (348995),NUP43,348995
MTHFD1L (25902),MTHFD1L,25902
LRP11 (84918),LRP11,84918
CCDC170 (80129),CCDC170,80129
PCMT1 (5110),PCMT1,5110
PLEKHG1 (57480),PLEKHG1,57480
CYSTM1 (84418),CYSTM1,84418
WDR55 (54853),WDR55,54853
ARAP3 (64411),ARAP3,64411
MRPS14 (63931),MRPS14,63931
CENPL (91687),CENPL,91687
TNFSF18 (8995),TNFSF18,8995
GORAB (92344),GORAB,92344
ACAT2 (39),ACAT2,39
TCP1 (6950),TCP1,6950
TTLL2 (83887),TTLL2,83887
SNX19 (399979),SNX19,399979
MSANTD2 (79684),MSANTD2,79684
TP53AIP1 (63970),TP53AIP1,63970
TEX11 (56159),TEX11,56159
ARR3 (407),ARR3,407
PDZD11 (51248),PDZD11,51248
SLC10A7 (84068),SLC10A7,84068
NUDCD1 (84955),NUDCD1,84955
ENY2 (56943),ENY2,56943
MASTL (84930),MASTL,84930
KIAA1217 (56243),KIAA1217,56243
PLXDC2 (84898),PLXDC2,84898
EPC1 (80314),EPC1,80314
CCDC77 (84318),CCDC77,84318
TAF12 (6883),TAF12,6883
ENOX1 (55068),ENOX1,55068
MTRF1 (9617),MTRF1,9617
SOHLH2 (54937),SOHLH2,54937
DNAJC15 (29103),DNAJC15,29103
PROSER1 (80209),PROSER1,80209
UFM1 (51569),UFM1,51569
WBP4 (11193),WBP4,11193
ELF1 (1997),ELF1,1997
SMAD9 (4093),SMAD9,4093
HSPH1 (10808),HSPH1,10808
KBTBD7 (84078),KBTBD7,84078
ALG5 (29880),ALG5,29880
EXOSC8 (11340),EXOSC8,11340
ETF1 (2107),ETF1,2107
TGFBI (7045),TGFBI,7045
FAM53C (51307),FAM53C,51307
SIL1 (64374),SIL1,64374
PAIP2 (51247),PAIP2,51247
KDM3B (51780),KDM3B,51780
EGR1 (1958),EGR1,1958
SERP1 (27230),SERP1,27230
PLS1 (5357),PLS1,5357
ZFP30 (22835),ZFP30,22835
NR2C1 (7181),NR2C1,7181
UTP20 (27340),UTP20,27340
TMPO (7112),TMPO,7112
ARL1 (400),ARL1,400
GLT8D2 (83468),GLT8D2,83468
MTERF2 (80298),MTERF2,80298
SOCS2 (8835),SOCS2,8835
NFYB (4801),NFYB,4801
WASHC3 (51019),WASHC3,51019
APAF1 (317),APAF1,317
DUSP4 (1846),DUSP4,1846
CLU (1191),CLU,1191
TNFRSF10B (8795),TNFRSF10B,8795
SORBS3 (10174),SORBS3,10174
PTK2B (2185),PTK2B,2185
PPP3CC (5533),PPP3CC,5533
PDLIM2 (64236),PDLIM2,64236
EPHX2 (2053),EPHX2,2053
RNF170 (81790),RNF170,81790
UBIAD1 (29914),UBIAD1,29914
TARDBP (23435),TARDBP,23435
TNFRSF8 (943),TNFRSF8,943
ZNF706 (51123),ZNF706,51123
LYPLA1 (10434),LYPLA1,10434
CRISPLD1 (83690),CRISPLD1,83690
COPS5 (10987),COPS5,10987
RDH10 (157506),RDH10,157506
EPX (8288),EPX,8288
AKAP1 (8165),AKAP1,8165
COIL (8161),COIL,8161
TRIM25 (7706),TRIM25,7706
SCPEP1 (59342),SCPEP1,59342
SPOP (8405),SPOP,8405
TBX2 (6909),TBX2,6909
SLC35B1 (10237),SLC35B1,10237
TBX4 (9496),TBX4,9496
TEX14 (56155),TEX14,56155
FAM117A (81558),FAM117A,81558
NCAPH (23397),NCAPH,23397
LRAT (9227),LRAT,9227
TMEM131L (23240),TMEM131L,23240
MND1 (84057),MND1,84057
TRIM6 (117854),TRIM6,117854
ABCC11 (85320),ABCC11,85320
TENT4B (64282),TENT4B,64282
ADCY7 (113),ADCY7,113
CEP89 (84902),CEP89,84902
TSHZ3 (57616),TSHZ3,57616
ECHDC2 (55268),ECHDC2,55268
PLBD1 (79887),PLBD1,79887
PYROXD1 (79912),PYROXD1,79912
KCNJ8 (3764),KCNJ8,3764
BCL2L14 (79370),BCL2L14,79370
PSPC1 (55269),PSPC1,55269
ZNF549 (256051),ZNF549,256051
A1BG (1),A1BG,1
ZSCAN18 (65982),ZSCAN18,65982
ZNF211 (10520),ZNF211,10520
PDZRN3 (23024),PDZRN3,23024
LHX4 (89884),LHX4,89884
RNF2 (6045),RNF2,6045
TRMT1L (81627),TRMT1L,81627
SEC22A (26984),SEC22A,26984
CSTA (1475),CSTA,1475
POPDC2 (64091),POPDC2,64091
B4GALT4 (8702),B4GALT4,8702
NAA50 (80218),NAA50,80218
KIF18A (81930),KIF18A,81930
DESI2 (51029),DESI2,51029
MAPK8IP1 (9479),MAPK8IP1,9479
CRY2 (1408),CRY2,1408
PEX16 (9409),PEX16,9409
DEPDC7 (91614),DEPDC7,91614
CAT (847),CAT,847
PILRB (29990),PILRB,29990
ZMYM2 (7750),ZMYM2,7750
GJA3 (2700),GJA3,2700
TBC1D15 (64786),TBC1D15,64786
ADGRB2 (576),ADGRB2,576
ZCCHC17 (51538),ZCCHC17,51538
FABP3 (2170),FABP3,2170
KHDRBS1 (10657),KHDRBS1,10657
TMEM39B (55116),TMEM39B,55116
CCRL2 (9034),CCRL2,9034
CCR2 (729230),CCR2,729230
POLR3GL (84265),POLR3GL,84265
TNFSF10 (8743),TNFSF10,8743
ZNF639 (51193),ZNF639,51193
PIK3CA (5290),PIK3CA,5290
PDS5A (23244),PDS5A,23244
TMEM156 (80008),TMEM156,80008
LIAS (11019),LIAS,11019
CPXM2 (119587),CPXM2,119587
TMEM54 (113452),TMEM54,113452
ZSCAN20 (7579),ZSCAN20,7579
CSMD2 (114784),CSMD2,114784
HPCA (3208),HPCA,3208
LRIF1 (55791),LRIF1,55791
CLCC1 (23155),CLCC1,23155
GPSM2 (29899),GPSM2,29899
GTDC1 (79712),GTDC1,79712
CXCR4 (7852),CXCR4,7852
ZRANB3 (84083),ZRANB3,84083
ACVR2A (92),ACVR2A,92
POLK (51426),POLK,51426
SV2C (22987),SV2C,22987
FLT3 (2322),FLT3,2322
RPL21 (6144),RPL21,6144
MTIF3 (219402),MTIF3,219402
GTF3A (2971),GTF3A,2971
RASL11A (387496),RASL11A,387496
UBL3 (5412),UBL3,5412
FYTTD1 (84248),FYTTD1,84248
MTERF4 (130916),MTERF4,130916
SASH3 (54440),SASH3,54440
OCRL (4952),OCRL,4952
PAEP (5047),PAEP,5047
MRPS2 (51116),MRPS2,51116
FMOD (2331),FMOD,2331
KIAA1191 (57179),KIAA1191,57179
COPA (1314),COPA,1314
HS3ST2 (9956),HS3ST2,9956
RBBP6 (5930),RBBP6,5930
ZC3H7A (29066),ZC3H7A,29066
SERAC1 (84947),SERAC1,84947
ANXA11 (311),ANXA11,311
LDB3 (11155),LDB3,11155
SHLD2 (54537),SHLD2,54537
PRXL2A (84293),PRXL2A,84293
ZNF205 (7755),ZNF205,7755
NAA60 (79903),NAA60,79903
RPL5 (6125),RPL5,6125
ODF2L (57489),ODF2L,57489
PTGFR (5737),PTGFR,5737
SPATA1 (100505741),SPATA1,100505741
TRMT13 (54482),TRMT13,54482
LRRC39 (127495),LRRC39,127495
RWDD3 (25950),RWDD3,25950
ZNF644 (84146),ZNF644,84146
CCDC18 (343099),CCDC18,343099
RPAP2 (79871),RPAP2,79871
SLC66A2 (80148),SLC66A2,80148
BBS9 (27241),BBS9,27241
PMS2 (5395),PMS2,5395
ZMIZ2 (83637),ZMIZ2,83637
SEPTIN7 (989),SEPTIN7,989
EEPD1 (80820),EEPD1,80820
KLHL7 (55975),KLHL7,55975
HERPUD2 (64224),HERPUD2,64224
CBX3 (11335),CBX3,11335
HNRNPA2B1 (3181),HNRNPA2B1,3181
WIPF3 (644150),WIPF3,644150
NXPH1 (30010),NXPH1,30010
HYCC1 (84668),HYCC1,84668
HOXA7 (3204),HOXA7,3204
INHBA (3624),INHBA,3624
FKBP9 (11328),FKBP9,11328
NT5C3A (51251),NT5C3A,51251
ARL4A (10124),ARL4A,10124
CCZ1 (51622),CCZ1,51622
POLM (27434),POLM,27434
RAMP3 (10268),RAMP3,10268
MRM2 (29960),MRM2,29960
TWIST1 (7291),TWIST1,7291
SMU1 (55234),SMU1,55234
GLIPR2 (152007),GLIPR2,152007
SLC25A51 (92014),SLC25A51,92014
CLTA (1211),CLTA,1211
RECK (8434),RECK,8434
SPINK4 (27290),SPINK4,27290
TAF1L (138474),TAF1L,138474
ACO1 (48),ACO1,48
PHF24 (23349),PHF24,23349
DNAI1 (27019),DNAI1,27019
DCAF10 (79269),DCAF10,79269
CNTFR (1271),CNTFR,1271
KIAA1549 (57670),KIAA1549,57670
TRIM24 (8805),TRIM24,8805
CYREN (78996),CYREN,78996
CALD1 (800),CALD1,800
NUDT10 (170685),NUDT10,170685
PLAU (5328),PLAU,5328
SRGN (5552),SRGN,5552
CHST3 (9469),CHST3,9469
BICC1 (80114),BICC1,80114
CISD1 (55847),CISD1,55847
EGR2 (1959),EGR2,1959
ECD (11319),ECD,11319
P4HA1 (5033),P4HA1,5033
SLC25A16 (8034),SLC25A16,8034
ZWINT (11130),ZWINT,11130
VPS26A (9559),VPS26A,9559
RBM19 (9904),RBM19,9904
CIT (11113),CIT,11113
IFT81 (28981),IFT81,28981
ACADS (35),ACADS,35
HVCN1 (84329),HVCN1,84329
DDX54 (79039),DDX54,79039
MED13L (23389),MED13L,23389
CDKN2C (1031),CDKN2C,1031
RNF11 (26994),RNF11,26994
RASSF8 (11228),RASSF8,11228
BHLHE41 (79365),BHLHE41,79365
SSPN (8082),SSPN,8082
ITPR2 (3709),ITPR2,3709
CCDC91 (55297),CCDC91,55297
NECAB1 (64168),NECAB1,64168
WWP1 (11059),WWP1,11059
ACOT9 (23597),ACOT9,23597
PRDX4 (10549),PRDX4,10549
DDX39A (10212),DDX39A,10212
PKN1 (5585),PKN1,5585
TRIR (79002),TRIR,79002
ADGRE5 (976),ADGRE5,976
WDR83 (84292),WDR83,84292
GIPC1 (10755),GIPC1,10755
SPRYD7 (57213),SPRYD7,57213
EBPL (84650),EBPL,84650
ATP7B (540),ATP7B,540
ZC3H13 (23091),ZC3H13,23091
NLN (57486),NLN,57486
CENPK (64105),CENPK,64105
OPTN (10133),OPTN,10133
ITIH5 (80760),ITIH5,80760
ATF1 (466),ATF1,466
TSFM (10102),TSFM,10102
ARHGAP9 (64333),ARHGAP9,64333
NCKAP1L (3071),NCKAP1L,3071
MMP19 (4327),MMP19,4327
PFDN5 (5204),PFDN5,5204
SPATS2 (65244),SPATS2,65244
ORMDL2 (29095),ORMDL2,29095
NR4A1 (3164),NR4A1,3164
HOXC13 (3229),HOXC13,3229
CDK2 (1017),CDK2,1017
LRP1 (4035),LRP1,4035
HOXC11 (3227),HOXC11,3227
ATG101 (60673),ATG101,60673
NFE2 (4778),NFE2,4778
HOXC12 (3228),HOXC12,3228
IKZF4 (64375),IKZF4,64375
SMUG1 (23583),SMUG1,23583
TUBA1B (10376),TUBA1B,10376
EEF1AKMT3 (25895),EEF1AKMT3,25895
KBTBD4 (55709),KBTBD4,55709
SARDH (1757),SARDH,1757
DBH (1621),DBH,1621
ATPAF1 (64756),ATPAF1,64756
STIL (6491),STIL,6491
HJURP (55355),HJURP,55355
IL13RA2 (3598),IL13RA2,3598
COL10A1 (1300),COL10A1,1300
AMD1 (262),AMD1,262
NDUFAF4 (29078),NDUFAF4,29078
USP45 (85015),USP45,85015
PLP1 (5354),PLP1,5354
MORF4L2 (9643),MORF4L2,9643
RAB9B (51209),RAB9B,51209
NRK (203447),NRK,203447
FAM199X (139231),FAM199X,139231
RAB9A (9367),RAB9A,9367
METTL8 (79828),METTL8,79828
TTC21B (79809),TTC21B,79809
NMI (9111),NMI,9111
TNFAIP6 (7130),TNFAIP6,7130
ACVR1C (130399),ACVR1C,130399
BAZ2B (29994),BAZ2B,29994
SLC36A1 (206358),SLC36A1,206358
LPGAT1 (9926),LPGAT1,9926
BATF3 (55509),BATF3,55509
G0S2 (50486),G0S2,50486
KCNJ2 (3759),KCNJ2,3759
RAP2C (57826),RAP2C,57826
EXOSC9 (5393),EXOSC9,5393
PLA2G12A (81579),PLA2G12A,81579
B9D2 (80776),B9D2,80776
COQ8B (79934),COQ8B,79934
PFKFB2 (5208),PFKFB2,5208
C4BPB (725),C4BPB,725
RAB38 (23682),RAB38,23682
GPR83 (10888),GPR83,10888
AGO2 (27161),AGO2,27161
MXD4 (10608),MXD4,10608
CKS2 (1164),CKS2,1164
DAW1 (164781),DAW1,164781
ACSL3 (2181),ACSL3,2181
CHPF (79586),CHPF,79586
DNPEP (23549),DNPEP,23549
INHA (3623),INHA,3623
OBSL1 (23363),OBSL1,23363
FAM124B (79843),FAM124B,79843
SLC12A4 (6560),SLC12A4,6560
ENKD1 (84080),ENKD1,84080
GCNT7 (140687),GCNT7,140687
FAM210B (116151),FAM210B,116151
PI3 (5266),PI3,5266
FAM209A (200232),FAM209A,200232
SNX21 (90203),SNX21,90203
SLPI (6590),SLPI,6590
WFDC3 (140686),WFDC3,140686
TTPAL (79183),TTPAL,79183
PREX1 (57580),PREX1,57580
KCNS1 (3787),KCNS1,3787
SLC12A5 (57468),SLC12A5,57468
ARHGAP40 (343578),ARHGAP40,343578
SDC4 (6385),SDC4,6385
NCOA3 (8202),NCOA3,8202
PIGT (51604),PIGT,51604
MATN4 (8785),MATN4,8785
NCOA5 (57727),NCOA5,57727
VAPB (9217),VAPB,9217
PARD6B (84612),PARD6B,84612
ATP5F1E (514),ATP5F1E,514
CHD6 (84181),CHD6,84181
PLCG1 (5335),PLCG1,5335
TOX2 (84969),TOX2,84969
SRSF6 (6431),SRSF6,6431
GDAP1L1 (78997),GDAP1L1,78997
ARFGEF2 (10564),ARFGEF2,10564
ZNFX1 (57169),ZNFX1,57169
CSE1L (1434),CSE1L,1434
RAB22A (57403),RAB22A,57403
PTGIS (5740),PTGIS,5740
STAU1 (6780),STAU1,6780
CDH26 (60437),CDH26,60437
SNAI1 (6615),SNAI1,6615
MOCS3 (27304),MOCS3,27304
STX16 (8675),STX16,8675
PMEPA1 (56937),PMEPA1,56937
RNF114 (55905),RNF114,55905
DDX27 (55661),DDX27,55661
BCAS4 (55653),BCAS4,55653
KCNK15 (60598),KCNK15,60598
TP53TG5 (27296),TP53TG5,27296
PCK1 (5105),PCK1,5105
ZBP1 (81030),ZBP1,81030
NEURL2 (140825),NEURL2,140825
MAGEA10 (4109),MAGEA10,4109
MTRR (4552),MTRR,4552
FASTKD3 (79072),FASTKD3,79072
PEPD (5184),PEPD,5184
CHST8 (64377),CHST8,64377
IQSEC2 (23096),IQSEC2,23096
VAMP7 (6845),VAMP7,6845
IL9R (3581),IL9R,3581
XG (7499),XG,7499
STAMBP (10617),STAMBP,10617
NAGK (55577),NAGK,55577
MCEE (84693),MCEE,84693
PAIP2B (400961),PAIP2B,400961
SNRNP27 (11017),SNRNP27,11017
MPHOSPH10 (10199),MPHOSPH10,10199
ATP8A1 (10396),ATP8A1,10396
USP22 (23326),USP22,23326
POF1B (79983),POF1B,79983
ZNF576 (79177),ZNF576,79177
ZNF45 (7596),ZNF45,7596
LYPD3 (27076),LYPD3,27076
PSG8 (440533),PSG8,440533
NDP (4693),NDP,4693
USP9X (8239),USP9X,8239
CRISP2 (7180),CRISP2,7180
F13A1 (2162),F13A1,2162
GRM4 (2914),GRM4,2914
TRERF1 (55809),TRERF1,55809
PACSIN1 (29993),PACSIN1,29993
BTN2A2 (10385),BTN2A2,10385
SIRT5 (23408),SIRT5,23408
MRS2 (57380),MRS2,57380
WRNIP1 (56897),WRNIP1,56897
RRP36 (88745),RRP36,88745
SNRPC (6631),SNRPC,6631
SERPINB6 (5269),SERPINB6,5269
XPO5 (57510),XPO5,57510
ABCC10 (89845),ABCC10,89845
H1-3 (3007),H1-3,3007
PEX6 (5190),PEX6,5190
NQO2 (4835),NQO2,4835
OARD1 (221443),OARD1,221443
UNC5CL (222643),UNC5CL,222643
AARS2 (57505),AARS2,57505
ZNF391 (346157),ZNF391,346157
RPS10 (6204),RPS10,6204
MOCS1 (4337),MOCS1,4337
H2BC11 (8970),H2BC11,8970
MED20 (9477),MED20,9477
OR2B6 (26212),OR2B6,26212
TBCC (6903),TBCC,6903
SPDEF (25803),SPDEF,25803
MAD2L1BP (9587),MAD2L1BP,9587
APOBEC2 (10930),APOBEC2,10930
KLHDC3 (116138),KLHDC3,116138
GNMT (27232),GNMT,27232
DNAH8 (1769),DNAH8,1769
TREM1 (54210),TREM1,54210
MEA1 (4201),MEA1,4201
KLHL31 (401265),KLHL31,401265
COL21A1 (81578),COL21A1,81578
CDKN1A (1026),CDKN1A,1026
SOX4 (6659),SOX4,6659
GLO1 (2739),GLO1,2739
CPNE5 (57699),CPNE5,57699
RREB1 (6239),RREB1,6239
SSR1 (6745),SSR1,6745
RIOK1 (83732),RIOK1,83732
NRN1 (51299),NRN1,51299
SLC35B3 (51000),SLC35B3,51000
RPP40 (10799),RPP40,10799
ATXN1 (6310),ATXN1,6310
NUP153 (9972),NUP153,9972
DEK (7913),DEK,7913
EEF1E1 (9521),EEF1E1,9521
RUNX2 (860),RUNX2,860
LRRFIP1 (9208),LRRFIP1,9208
RAB17 (64284),RAB17,64284
CXCL6 (6372),CXCL6,6372
EREG (2069),EREG,2069
MYRF (745),MYRF,745
SCGB1D2 (10647),SCGB1D2,10647
SCGB2A1 (4246),SCGB2A1,4246
AHNAK (79026),AHNAK,79026
EMC3 (55831),EMC3,55831
SSUH2 (51066),SSUH2,51066
SH3TC1 (54436),SH3TC1,54436
CNOT1 (23019),CNOT1,23019
BBS2 (583),BBS2,583
MT1G (4495),MT1G,4495
MT2A (4502),MT2A,4502
PHAF1 (80262),PHAF1,80262
GOT2 (2806),GOT2,2806
DOK4 (55715),DOK4,55715
GPR18 (2841),GPR18,2841
CLYBL (171425),CLYBL,171425
TMTC4 (84899),TMTC4,84899
RAP2A (5911),RAP2A,5911
ABCC4 (10257),ABCC4,10257
EFNB2 (1948),EFNB2,1948
TM9SF2 (9375),TM9SF2,9375
HROB (78995),HROB,78995
KIF25 (3834),KIF25,3834
IRF1 (3659),IRF1,3659
UPF3B (65109),UPF3B,65109
RNF113A (7737),RNF113A,7737
SEPTIN6 (23157),SEPTIN6,23157
TMEM255A (55026),TMEM255A,55026
NDUFA1 (4694),NDUFA1,4694
DMAC2L (27109),DMAC2L,27109
BMP4 (652),BMP4,652
PTGER2 (5732),PTGER2,5732
FAM193A (8603),FAM193A,8603
GRK4 (2868),GRK4,2868
SOX9 (6662),SOX9,6662
TEKT3 (64518),TEKT3,64518
HS3ST3B1 (9953),HS3ST3B1,9953
SLC25A35 (399512),SLC25A35,399512
MRPS7 (51081),MRPS7,51081
GGA3 (23163),GGA3,23163
ARMC7 (79637),ARMC7,79637
NUP85 (79902),NUP85,79902
SLC25A19 (60386),SLC25A19,60386
MIF4GD (57409),MIF4GD,57409
NT5C (30833),NT5C,30833
MSTO1 (55154),MSTO1,55154
TTF1 (7270),TTF1,7270
GTF3C4 (9329),GTF3C4,9329
DDX31 (64794),DDX31,64794
PPP1R12C (54776),PPP1R12C,54776
MBOAT7 (79143),MBOAT7,79143
SRMS (6725),SRMS,6725
OPRL1 (4987),OPRL1,4987
SLC2A4RG (56731),SLC2A4RG,56731
FNDC11 (79025),FNDC11,79025
PPDPF (79144),PPDPF,79144
IL1B (3553),IL1B,3553
PLGLB2 (5342),PLGLB2,5342
IL37 (27178),IL37,27178
CHCHD5 (84269),CHCHD5,84269
PAX8 (7849),PAX8,7849
INSIG2 (51141),INSIG2,51141
POLR1B (84172),POLR1B,84172
CCDC93 (54520),CCDC93,54520
PSD4 (23550),PSD4,23550
SLC25A23 (79085),SLC25A23,79085
PSPN (5623),PSPN,5623
GTF2F1 (2962),GTF2F1,2962
ALKBH7 (84266),ALKBH7,84266
CLPP (8192),CLPP,8192
TNFSF9 (8744),TNFSF9,8744
THOC2 (57187),THOC2,57187
MED1 (5469),MED1,5469
RPL23 (9349),RPL23,9349
ATG4C (84938),ATG4C,84938
CD70 (970),CD70,970
C3 (718),C3,718
SH2D3A (10045),SH2D3A,10045
TRIP10 (9322),TRIP10,9322
GPR108 (56927),GPR108,56927
TNFSF14 (8740),TNFSF14,8740
FOSB (2354),FOSB,2354
OPA3 (80207),OPA3,80207
SNRPD2 (6633),SNRPD2,6633
RTN2 (6253),RTN2,6253
EML2 (24139),EML2,24139
VASP (7408),VASP,7408
SYMPK (8189),SYMPK,8189
GPCPD1 (56261),GPCPD1,56261
SDCBP2 (27111),SDCBP2,27111
PANK2 (80025),PANK2,80025
GNRH2 (2797),GNRH2,2797
FOXA2 (3170),FOXA2,3170
GZF1 (64412),GZF1,64412
NAPB (63908),NAPB,63908
CENPB (1059),CENPB,1059
PSMF1 (9491),PSMF1,9491
DTD1 (92675),DTD1,92675
RBCK1 (10616),RBCK1,10616
TMX4 (56255),TMX4,56255
STK35 (140901),STK35,140901
SNRPB (6628),SNRPB,6628
NRSN2 (80023),NRSN2,80023
AP5S1 (55317),AP5S1,55317
RRBP1 (6238),RRBP1,6238
BMP2 (650),BMP2,650
ZNF133 (7692),ZNF133,7692
FLRT3 (23767),FLRT3,23767
OVOL2 (58495),OVOL2,58495
PCSK2 (5126),PCSK2,5126
MKKS (8195),MKKS,8195
BFSP1 (631),BFSP1,631
DSTN (11034),DSTN,11034
SNRPB2 (6629),SNRPB2,6629
MGME1 (92667),MGME1,92667
LRRN4 (164312),LRRN4,164312
TBC1D20 (128637),TBC1D20,128637
ITPA (3704),ITPA,3704
TCF15 (6939),TCF15,6939
OTOR (56914),OTOR,56914
MCM8 (84515),MCM8,84515
TMEM74B (55321),TMEM74B,55321
FAM110A (83541),FAM110A,83541
SIRPD (128646),SIRPD,128646
MRPS26 (64949),MRPS26,64949
NCLN (56926),NCLN,56926
CITED1 (4435),CITED1,4435
HNRNPR (10236),HNRNPR,10236
ZNF436 (80818),ZNF436,80818
MAX (4149),MAX,4149
ARMCX5 (64860),ARMCX5,64860
GDF5 (8200),GDF5,8200
MMP24 (10893),MMP24,10893
NECAB3 (63941),NECAB3,63941
ID1 (3397),ID1,3397
RALY (22913),RALY,22913
DYNLRB1 (83658),DYNLRB1,83658
EIF2S2 (8894),EIF2S2,8894
ERGIC3 (51614),ERGIC3,51614
ROMO1 (140823),ROMO1,140823
BPIFB1 (92747),BPIFB1,92747
CEP250 (11190),CEP250,11190
PLAGL2 (5326),PLAGL2,5326
MMP24OS (101410538),MMP24OS,101410538
GRPR (2925),GRPR,2925
KDM5C (8242),KDM5C,8242
AMOT (154796),AMOT,154796
TMEM115 (11070),TMEM115,11070
PSMB2 (5690),PSMB2,5690
AGO3 (192669),AGO3,192669
UROD (7389),UROD,7389
ST3GAL3 (6487),ST3GAL3,6487
TMEM53 (79639),TMEM53,79639
HECTD3 (79654),HECTD3,79654
KLC1 (3831),KLC1,3831
XRCC3 (7517),XRCC3,7517
TUBGCP3 (10426),TUBGCP3,10426
MCF2L (23263),MCF2L,23263
F10 (2159),F10,2159
PCID2 (55795),PCID2,55795
PROZ (8858),PROZ,8858
SLURP1 (57152),SLURP1,57152
LRFN3 (79414),LRFN3,79414
IGFLR1 (79713),IGFLR1,79713
CAPNS1 (826),CAPNS1,826
PDCD2L (84306),PDCD2L,84306
RBM42 (79171),RBM42,79171
KIRREL2 (84063),KIRREL2,84063
UBA2 (10054),UBA2,10054
FFAR2 (2867),FFAR2,2867
FFAR1 (2864),FFAR1,2864
COX6B1 (1340),COX6B1,1340
THRA (7067),THRA,7067
CCR7 (1236),CCR7,1236
NR1D1 (9572),NR1D1,9572
FRMD8 (83786),FRMD8,83786
PRDX5 (25824),PRDX5,25824
BCL2L12 (83596),BCL2L12,83596
IRF3 (3661),IRF3,3661
PRMT1 (3276),PRMT1,3276
RRAS (6237),RRAS,6237
PRRG2 (5639),PRRG2,5639
SCAF1 (58506),SCAF1,58506
PRR12 (57479),PRR12,57479
FLRT1 (23769),FLRT1,23769
ASL (435),ASL,435
SBDS (51119),SBDS,51119
STAT5A (6776),STAT5A,6776
WNK4 (65266),WNK4,65266
BECN1 (8678),BECN1,8678
PRKCG (5582),PRKCG,5582
TRAP1 (10131),TRAP1,10131
GLIS2 (84662),GLIS2,84662
NSRP1 (84081),NSRP1,84081
DNAJC8 (22826),DNAJC8,22826
AHDC1 (27245),AHDC1,27245
IFI6 (2537),IFI6,2537
ZNF384 (171017),ZNF384,171017
EMG1 (10436),EMG1,10436
UXT (8409),UXT,8409
CFP (5199),CFP,5199
ELK1 (2002),ELK1,2002
TIMM17B (10245),TIMM17B,10245
PCNX4 (64430),PCNX4,64430
ATG14 (22863),ATG14,22863
KTN1 (3895),KTN1,3895
SIX1 (6495),SIX1,6495
RHOJ (57381),RHOJ,57381
DLGAP5 (9787),DLGAP5,9787
L3HYPDH (112849),L3HYPDH,112849
HSPA2 (3306),HSPA2,3306
ZBTB1 (22890),ZBTB1,22890
TRMT5 (57570),TRMT5,57570
SGPP1 (81537),SGPP1,81537
PLEKHG3 (26030),PLEKHG3,26030
RHOT1 (55288),RHOT1,55288
EVI2A (2123),EVI2A,2123
OMG (4974),OMG,4974
DYNC2I1 (55112),DYNC2I1,55112
AIF1L (83543),AIF1L,83543
FAM78A (286336),FAM78A,286336
NUP214 (8021),NUP214,8021
AVPR2 (554),AVPR2,554
SLC10A3 (8273),SLC10A3,8273
MAP2K2 (5605),MAP2K2,5605
HNRNPH2 (3188),HNRNPH2,3188
ARMCX1 (51309),ARMCX1,51309
NXF5 (55998),NXF5,55998
TIMM8A (1678),TIMM8A,1678
ZC4H2 (55906),ZC4H2,55906
CANX (821),CANX,821
INTS11 (54973),INTS11,54973
IPPK (64768),IPPK,64768
ZNF484 (83744),ZNF484,83744
OMD (4958),OMD,4958
FGD3 (89846),FGD3,89846
HIVEP3 (59269),HIVEP3,59269
PPCS (79717),PPCS,79717
EDN2 (1907),EDN2,1907
BCL11B (64919),BCL11B,64919
COX7C (1350),COX7C,1350
TRAF2 (7186),TRAF2,7186
ABHD8 (79575),ABHD8,79575
MASP1 (5648),MASP1,5648
ATP13A4 (84239),ATP13A4,84239
PLAAT1 (57110),PLAAT1,57110
HELB (92797),HELB,92797
RAP1B (5908),RAP1B,5908
TSPAN8 (7103),TSPAN8,7103
BEST3 (144453),BEST3,144453
RAB3IP (117177),RAB3IP,117177
PTPRB (5787),PTPRB,5787
DYRK2 (8445),DYRK2,8445
YEATS4 (8089),YEATS4,8089
TAS2R3 (50831),TAS2R3,50831
TAS2R4 (50832),TAS2R4,50832
TAS2R5 (54429),TAS2R5,54429
LRRC61 (65999),LRRC61,65999
IDUA (3425),IDUA,3425
FGFRL1 (53834),FGFRL1,53834
TMEM175 (84286),TMEM175,84286
AUNIP (79000),AUNIP,79000
PIN1 (5300),PIN1,5300
FBXL12 (54850),FBXL12,54850
EMC1 (23065),EMC1,23065
UBR4 (23352),UBR4,23352
HP1BP3 (50809),HP1BP3,50809
ADGRE2 (30817),ADGRE2,30817
SIN3B (23309),SIN3B,23309
SLC35E1 (79939),SLC35E1,79939
EPS15L1 (58513),EPS15L1,58513
KLF2 (10365),KLF2,10365
F2RL3 (9002),F2RL3,9002
UQCR11 (10975),UQCR11,10975
GFER (2671),GFER,2671
SYNGR3 (9143),SYNGR3,9143
PKMYT1 (9088),PKMYT1,9088
WFIKKN1 (117166),WFIKKN1,117166
WDR24 (84219),WDR24,84219
FBXL16 (146330),FBXL16,146330
CHTF18 (63922),CHTF18,63922
GNG13 (51764),GNG13,51764
MACF1 (23499),MACF1,23499
SMARCA4 (6597),SMARCA4,6597
KDM4B (23030),KDM4B,23030
TICAM1 (148022),TICAM1,148022
METTL25 (84190),METTL25,84190
IL17B (27190),IL17B,27190
EMC6 (83460),EMC6,83460
METTL16 (79066),METTL16,79066
TUBA4A (7277),TUBA4A,7277
VIL1 (7429),VIL1,7429
AAMP (14),AAMP,14
PNKD (25953),PNKD,25953
TNFRSF19 (55504),TNFRSF19,55504
RNF6 (6049),RNF6,6049
ECHS1 (1892),ECHS1,1892
ZNF835 (90485),ZNF835,90485
AKAP9 (10142),AKAP9,10142
GNG11 (2791),GNG11,2791
SEM1 (7979),SEM1,7979
GNGT1 (2792),GNGT1,2792
HIP1 (3092),HIP1,3092
PTPN12 (5782),PTPN12,5782
POR (5447),POR,5447
FGL2 (10875),FGL2,10875
STYXL1 (51657),STYXL1,51657
STEAP4 (79689),STEAP4,79689
GNAI1 (2770),GNAI1,2770
PEX1 (5189),PEX1,5189
MTERF1 (7978),MTERF1,7978
SGCE (8910),SGCE,8910
RBM48 (84060),RBM48,84060
CASD1 (64921),CASD1,64921
ZNF780B (163131),ZNF780B,163131
LRFN1 (57622),LRFN1,57622
ZFP36 (7538),ZFP36,7538
SRD5A3 (79644),SRD5A3,79644
SPINK2 (6691),SPINK2,6691
RASL11B (65997),RASL11B,65997
PAICS (10606),PAICS,10606
KDR (3791),KDR,3791
PPAT (5471),PPAT,5471
TUBGCP6 (85378),TUBGCP6,85378
ADM2 (79924),ADM2,79924
DGCR6L (85359),DGCR6L,85359
DGCR8 (54487),DGCR8,54487
ASPHD2 (57168),ASPHD2,57168
VPREB3 (29802),VPREB3,29802
SDF2L1 (23753),SDF2L1,23753
GAL3ST1 (9514),GAL3ST1,9514
YWHAH (7533),YWHAH,7533
RFPL2 (10739),RFPL2,10739
GNAZ (2781),GNAZ,2781
MGAT3 (4248),MGAT3,4248
ADORA2A (135),ADORA2A,135
ATF4 (468),ATF4,468
A4GALT (53947),A4GALT,53947
CDC42EP1 (11135),CDC42EP1,11135
APOL3 (80833),APOL3,80833
MCHR1 (2847),MCHR1,2847
TPST2 (8459),TPST2,8459
BAIAP2L2 (80115),BAIAP2L2,80115
MPST (4357),MPST,4357
GALR3 (8484),GALR3,8484
TST (7263),TST,7263
IGLL1 (3543),IGLL1,3543
APOL2 (23780),APOL2,23780
RAC2 (5880),RAC2,5880
LIF (3976),LIF,3976
C22orf23 (84645),C22orf23,84645
APOBEC3F (200316),APOBEC3F,200316
RIBC2 (26150),RIBC2,26150
KRT17 (3872),KRT17,3872
EMC4 (51234),EMC4,51234
RNF112 (7732),RNF112,7732
SPECC1 (92521),SPECC1,92521
CPA4 (51200),CPA4,51200
DOCK4 (9732),DOCK4,9732
POT1 (25913),POT1,25913
ATP6V1F (9296),ATP6V1F,9296
LSM8 (51691),LSM8,51691
CDHR3 (222256),CDHR3,222256
PRKRIP1 (79706),PRKRIP1,79706
VGF (7425),VGF,7425
PODXL (5420),PODXL,5420
FOXP2 (93986),FOXP2,93986
STRIP2 (57464),STRIP2,57464
IFT22 (64792),IFT22,64792
MKLN1 (4289),MKLN1,4289
DNAJB9 (4189),DNAJB9,4189
FLNC (2318),FLNC,2318
LRRC4 (64101),LRRC4,64101
CALU (813),CALU,813
CCDC136 (64753),CCDC136,64753
SMO (6608),SMO,6608
IRF5 (3663),IRF5,3663
LRRC17 (10234),LRRC17,10234
KLHDC10 (23008),KLHDC10,23008
NDUFA5 (4698),NDUFA5,4698
MRPS12 (6183),MRPS12,6183
MYO1B (4430),MYO1B,4430
HOXD3 (3232),HOXD3,3232
MTX2 (10651),MTX2,10651
PDE11A (50940),PDE11A,50940
CHN1 (1123),CHN1,1123
GAD1 (2571),GAD1,2571
OSGEPL1 (64172),OSGEPL1,64172
ORMDL1 (94101),ORMDL1,94101
HAT1 (8520),HAT1,8520
HOXD9 (3235),HOXD9,3235
HOXD10 (3236),HOXD10,3236
HOXD13 (3239),HOXD13,3239
HERC2 (8924),HERC2,8924
SNRPN (6638),SNRPN,6638
PSMG2 (56984),PSMG2,56984
TWSG1 (57045),TWSG1,57045
ARHGAP22 (58504),ARHGAP22,58504
WDFY4 (57705),WDFY4,57705
EIF2AK4 (440275),EIF2AK4,440275
MYO5C (55930),MYO5C,55930
CGNL1 (84952),CGNL1,84952
TMOD2 (29767),TMOD2,29767
TTBK2 (146057),TTBK2,146057
ELL3 (80237),ELL3,80237
CCDC32 (90416),CCDC32,90416
INO80 (54617),INO80,54617
ICE2 (79664),ICE2,79664
DLL4 (54567),DLL4,54567
ALDH1A2 (8854),ALDH1A2,8854
MINDY2 (54629),MINDY2,54629
IVD (3712),IVD,3712
KNSTRN (90417),KNSTRN,90417
DUT (1854),DUT,1854
CHAC1 (79094),CHAC1,79094
CLN6 (54982),CLN6,54982
ARPP19 (10776),ARPP19,10776
VPS13C (54832),VPS13C,54832
CALML4 (91860),CALML4,91860
ISLR (3671),ISLR,3671
THAP10 (56906),THAP10,56906
LOXL1 (4016),LOXL1,4016
ACKR4 (51554),ACKR4,51554
ANAPC13 (25847),ANAPC13,25847
MBD4 (8930),MBD4,8930
COPB1 (1315),COPB1,1315
PSMA1 (5682),PSMA1,5682
SUMF2 (25870),SUMF2,25870
PALLD (23022),PALLD,23022
SPCS3 (60559),SPCS3,60559
BBOX1 (8424),BBOX1,8424
SERGEF (26297),SERGEF,26297
KCNC1 (3746),KCNC1,3746
TPH1 (7166),TPH1,7166
E2F8 (79733),E2F8,79733
DCTD (1635),DCTD,1635
SOX15 (6665),SOX15,6665
PIMREG (54478),PIMREG,54478
RPAIN (84268),RPAIN,84268
USP6 (9098),USP6,9098
SHBG (6462),SHBG,6462
PLD2 (5338),PLD2,5338
TXNDC17 (84817),TXNDC17,84817
ATP1B2 (482),ATP1B2,482
FXR2 (9513),FXR2,9513
KIF1C (10749),KIF1C,10749
MPDU1 (9526),MPDU1,9526
PHF20L1 (51105),PHF20L1,51105
DNAAF11 (23639),DNAAF11,23639
CCNT1 (904),CCNT1,904
PUS7L (83448),PUS7L,83448
KRI1 (65095),KRI1,65095
ILF3 (3609),ILF3,3609
SLC44A2 (57153),SLC44A2,57153
AP1M2 (10053),AP1M2,10053
CDKN2D (1032),CDKN2D,1032
MTUS1 (57509),MTUS1,57509
KLK14 (43847),KLK14,43847
KLK10 (5655),KLK10,5655
KLK8 (11202),KLK8,11202
NGDN (25983),NGDN,25983
RIPK3 (11035),RIPK3,11035
ADCY4 (196883),ADCY4,196883
RAB2B (84932),RAB2B,84932
BCL2L2 (599),BCL2L2,599
AJUBA (84962),AJUBA,84962
DTD2 (112487),DTD2,112487
PARP2 (10038),PARP2,10038
HEATR5A (25938),HEATR5A,25938
FOXA1 (3169),FOXA1,3169
SNX6 (58533),SNX6,58533
EAPP (55837),EAPP,55837
EGLN3 (112399),EGLN3,112399
MIS18BP1 (55320),MIS18BP1,55320
NRL (4901),NRL,4901
RNASE1 (6035),RNASE1,6035
NEDD8 (4738),NEDD8,4738
DAD1 (1603),DAD1,1603
TEP1 (7011),TEP1,7011
EPB41L4A (64097),EPB41L4A,64097
CDO1 (1036),CDO1,1036
REEP5 (7905),REEP5,7905
ITFG1 (81533),ITFG1,81533
QRICH2 (84074),QRICH2,84074
FOXJ1 (2302),FOXJ1,2302
SEC14L1 (6397),SEC14L1,6397
RHBDF2 (79651),RHBDF2,79651
AANAT (15),AANAT,15
ARHGEF6 (9459),ARHGEF6,9459
MAP7D3 (79649),MAP7D3,79649
FGF13 (2258),FGF13,2258
ASH2L (9070),ASH2L,9070
TTI2 (80185),TTI2,80185
CHRNA10 (57053),CHRNA10,57053
CDKN1C (1028),CDKN1C,1028
SGO1 (151648),SGO1,151648
RPS4Y1 (6192),RPS4Y1,6192
CDH15 (1013),CDH15,1013
KLF16 (83855),KLF16,83855
PGAP6 (58986),PGAP6,58986
DOHH (83475),DOHH,83475
MAU2 (23383),MAU2,23383
SHC2 (25759),SHC2,25759
PLPPR3 (79948),PLPPR3,79948
ABHD17A (81926),ABHD17A,81926
LBP (3929),LBP,3929
SYT5 (6861),SYT5,6861
TNNI3 (7137),TNNI3,7137
CBFA2T3 (863),CBFA2T3,863
GAMT (2593),GAMT,2593
PUDP (8226),PUDP,8226
ERMARD (55780),ERMARD,55780
PHF10 (55274),PHF10,55274
CRACR2A (84766),CRACR2A,84766
NXNL2 (158046),NXNL2,158046
STARD8 (9754),STARD8,9754
NALF2 (27112),NALF2,27112
GDPD2 (54857),GDPD2,54857
SAT1 (6303),SAT1,6303
GNL3L (54552),GNL3L,54552
SH3BP4 (23677),SH3BP4,23677
MOSPD2 (158747),MOSPD2,158747
DOCK6 (57572),DOCK6,57572
ECSIT (51295),ECSIT,51295
LDLR (3949),LDLR,3949
ELOF1 (84337),ELOF1,84337
TSPAN16 (26526),TSPAN16,26526
ANGPTL8 (55908),ANGPTL8,55908
PRKCSH (5589),PRKCSH,5589
CNN1 (1264),CNN1,1264
CDC16 (8881),CDC16,8881
THEM6 (51337),THEM6,51337
NECTIN2 (5819),NECTIN2,5819
APOE (348),APOE,348
TOMM40 (10452),TOMM40,10452
APOC1 (341),APOC1,341
GADD45G (10912),GADD45G,10912
LRCH2 (57631),LRCH2,57631
XPO7 (23039),XPO7,23039
ACE2 (59272),ACE2,59272
FAM98C (147965),FAM98C,147965
SAFB2 (9667),SAFB2,9667
RPL36 (25873),RPL36,25873
ATP8B3 (148229),ATP8B3,148229
NCAN (1463),NCAN,1463
KIF1A (547),KIF1A,547
GTPBP3 (84705),GTPBP3,84705
BST2 (684),BST2,684
SLC27A1 (376497),SLC27A1,376497
NSUN5 (55695),NSUN5,55695
USHBP1 (83878),USHBP1,83878
COLGALT1 (79709),COLGALT1,79709
DDA1 (79016),DDA1,79016
MRPL34 (64981),MRPL34,64981
PGLS (25796),PGLS,25796
LSM7 (51690),LSM7,51690
TULP4 (56995),TULP4,56995
SNX9 (51429),SNX9,51429
RTN4IP1 (84816),RTN4IP1,84816
QRSL1 (55278),QRSL1,55278
MTRES1 (51250),MTRES1,51250
RSPH3 (83861),RSPH3,83861
ACSBG2 (81616),ACSBG2,81616
MLLT1 (4298),MLLT1,4298
AFDN (4301),AFDN,4301
ACTN4 (81),ACTN4,81
STK33 (65975),STK33,65975
NDUFA10 (4705),NDUFA10,4705
EPO (2056),EPO,2056
ARPC1B (10095),ARPC1B,10095
CACNG6 (59285),CACNG6,59285
ZSWIM6 (57688),ZSWIM6,57688
FCHO1 (23149),FCHO1,23149
UNC13A (23025),UNC13A,23025
MAP1S (55201),MAP1S,55201
KLHDC7B (113730),KLHDC7B,113730
PXDN (7837),PXDN,7837
SSBP4 (170463),SSBP4,170463
GDF15 (9518),GDF15,9518
PGPEP1 (54858),PGPEP1,54858
IQCN (80726),IQCN,80726
LSM4 (25804),LSM4,25804
JUND (3727),JUND,3727
HRC (3270),HRC,3270
TRPM4 (54795),TRPM4,54795
SULT4A1 (25830),SULT4A1,25830
ZNF557 (79230),ZNF557,79230
CRB3 (92359),CRB3,92359
OLFM1 (10439),OLFM1,10439
CAMSAP1 (157922),CAMSAP1,157922
UBAC1 (10422),UBAC1,10422
SAG (6295),SAG,6295
ZBTB46 (140685),ZBTB46,140685
HELZ2 (85441),HELZ2,85441
SAMD10 (140700),SAMD10,140700
LSP1 (4046),LSP1,4046
TNNI2 (7136),TNNI2,7136
COL5A1 (1289),COL5A1,1289
ATXN10 (25814),ATXN10,25814
TUBGCP2 (10844),TUBGCP2,10844
CALY (50632),CALY,50632
CYP2E1 (1571),CYP2E1,1571
PNPLA7 (375775),PNPLA7,375775
PAK4 (10298),PAK4,10298
MNX1 (3110),MNX1,3110
ZNF337 (26152),ZNF337,26152
CEP85 (64793),CEP85,64793
TAF4 (6874),TAF4,6874
GATA5 (140628),GATA5,140628
RBBP8NL (140893),RBBP8NL,140893
LAMA5 (3911),LAMA5,3911
OSBPL2 (9885),OSBPL2,9885
ADRM1 (11047),ADRM1,11047
ASS1 (445),ASS1,445
PRDM12 (59335),PRDM12,59335
EXOSC2 (23404),EXOSC2,23404
POMT1 (10585),POMT1,10585
UCK1 (83549),UCK1,83549
FIBCD1 (84929),FIBCD1,84929
CHMP2A (27243),CHMP2A,27243
UBE2M (9040),UBE2M,9040
TRIM28 (10155),TRIM28,10155
METTL26 (84326),METTL26,84326
YIPF2 (78992),YIPF2,78992
ATG4D (84971),ATG4D,84971
EIF2S3 (1968),EIF2S3,1968
TMEM160 (54958),TMEM160,54958
ZC3H4 (23211),ZC3H4,23211
NPAS1 (4861),NPAS1,4861
GMFG (9535),GMFG,9535
MAP3K10 (4294),MAP3K10,4294
ARHGEF16 (27237),ARHGEF16,27237
LRRC47 (57470),LRRC47,57470
SESN2 (83667),SESN2,83667
SMPDL3B (27293),SMPDL3B,27293
ATP5IF1 (93974),ATP5IF1,93974
MED18 (54797),MED18,54797
THEMIS2 (9473),THEMIS2,9473
CLIP1 (6249),CLIP1,6249
CCDC62 (84660),CCDC62,84660
HIP1R (9026),HIP1R,9026
ZNF317 (57693),ZNF317,57693
PPAN (56342),PPAN,56342
EIF3G (8666),EIF3G,8666
ANGPTL6 (83854),ANGPTL6,83854
SHFL (55337),SHFL,55337
DNMT1 (1786),DNMT1,1786
ZNF426 (79088),ZNF426,79088
SLC6A8 (6535),SLC6A8,6535
PNCK (139728),PNCK,139728
DKC1 (1736),DKC1,1736
PLXNA3 (55558),PLXNA3,55558
DUSP9 (1852),DUSP9,1852
MPP1 (4354),MPP1,4354
ZNF331 (55422),ZNF331,55422
ZNF236 (7776),ZNF236,7776
SLC7A10 (56301),SLC7A10,56301
LRP3 (4037),LRP3,4037
MTRFR (91574),MTRFR,91574
NOL11 (25926),NOL11,25926
UBE4B (10277),UBE4B,10277
CASZ1 (54897),CASZ1,54897
PKDREJ (10343),PKDREJ,10343
NUTM2F (54754),NUTM2F,54754
HABP4 (22927),HABP4,22927
FBP2 (8789),FBP2,8789
SLC35D2 (11046),SLC35D2,11046
PRRG1 (5638),PRRG1,5638
UBA1 (7317),UBA1,7317
RGN (9104),RGN,9104
POLN (353497),POLN,353497
PPIL4 (85313),PPIL4,85313
ULBP2 (80328),ULBP2,80328
AKAP12 (9590),AKAP12,9590
SYNE1 (23345),SYNE1,23345
ULBP3 (79465),ULBP3,79465
LATS1 (9113),LATS1,9113
EPS8L1 (54869),EPS8L1,54869
AAR2 (25980),AAR2,25980
TTLL9 (164395),TTLL9,164395
BPIFA2 (140683),BPIFA2,140683
RBM39 (9584),RBM39,9584
ZNF341 (84905),ZNF341,84905
GGT7 (2686),GGT7,2686
ACSS2 (55902),ACSS2,55902
EDA2R (60401),EDA2R,60401
ARHGEF9 (23229),ARHGEF9,23229
C1QL1 (10882),C1QL1,10882
GFAP (2670),GFAP,2670
HIGD1B (51751),HIGD1B,51751
ATP6V1E1 (529),ATP6V1E1,529
ZNF227 (7770),ZNF227,7770
ZNF428 (126299),ZNF428,126299
ZNF141 (7700),ZNF141,7700
COX4I1 (1327),COX4I1,1327
EMC8 (10328),EMC8,10328
GSE1 (23199),GSE1,23199
GINS2 (51659),GINS2,51659
CHMP1A (5119),CHMP1A,5119
SH3BGRL (6451),SH3BGRL,6451
COX7B (1349),COX7B,1349
SLC34A1 (6569),SLC34A1,6569
F12 (2161),F12,2161
PRR7 (80758),PRR7,80758
NFATC1 (4772),NFATC1,4772
IDO1 (3620),IDO1,3620
CAP1 (10487),CAP1,10487
PPT1 (5538),PPT1,5538
RAB11FIP4 (84440),RAB11FIP4,84440
RLIM (51132),RLIM,51132
ABCB7 (22),ABCB7,22
TRAF3 (7187),TRAF3,7187
HAUS8 (93323),HAUS8,93323
MRPS25 (64432),MRPS25,64432
SH3BP5 (9467),SH3BP5,9467
HACL1 (26061),HACL1,26061
TBC1D5 (9779),TBC1D5,9779
CAPN7 (23473),CAPN7,23473
RFTN1 (23180),RFTN1,23180
C3orf20 (84077),C3orf20,84077
RBSN (64145),RBSN,64145
GALNT15 (117248),GALNT15,117248
SLC6A6 (6533),SLC6A6,6533
KCNC3 (3748),KCNC3,3748
NAPSA (9476),NAPSA,9476
NR1H2 (7376),NR1H2,7376
LRRC4B (94030),LRRC4B,94030
PDLIM4 (8572),PDLIM4,8572
KIF3A (11127),KIF3A,11127
MGAT1 (4245),MGAT1,4245
GFPT2 (9945),GFPT2,9945
TUBG1 (7283),TUBG1,7283
PSME3 (10197),PSME3,10197
RPL27 (6155),RPL27,6155
PSMC3IP (29893),PSMC3IP,29893
AOC3 (8639),AOC3,8639
ACLY (47),ACLY,47
VPS25 (84313),VPS25,84313
RAMP2 (10266),RAMP2,10266
AOC2 (314),AOC2,314
NDUFA2 (4695),NDUFA2,4695
ANKHD1 (54882),ANKHD1,54882
DIAPH1 (1729),DIAPH1,1729
NDFIP1 (80762),NDFIP1,80762
UBE2D2 (7322),UBE2D2,7322
EXOC4 (60412),EXOC4,60412
ACAP3 (116983),ACAP3,116983
C1orf159 (54991),C1orf159,54991
ANO1 (55107),ANO1,55107
PPFIA1 (8500),PPFIA1,8500
TMEM204 (79652),TMEM204,79652
KREMEN2 (79412),KREMEN2,79412
THOC6 (79228),THOC6,79228
TRAF7 (84231),TRAF7,84231
BARX1 (56033),BARX1,56033
NINJ1 (4814),NINJ1,4814
NPHP4 (261734),NPHP4,261734
MAP1B (4131),MAP1B,4131
IL13RA1 (3597),IL13RA1,3597
WDR44 (54521),WDR44,54521
CKMT2 (1160),CKMT2,1160
ZCCHC9 (84240),ZCCHC9,84240
KRT34 (3885),KRT34,3885
TNS4 (84951),TNS4,84951
TOP2A (7153),TOP2A,7153
STARD3 (10948),STARD3,10948
RARA (5914),RARA,5914
PPP1R1B (84152),PPP1R1B,84152
KHDRBS3 (10656),KHDRBS3,10656
CHD1L (9557),CHD1L,9557
PEX11B (8799),PEX11B,8799
FMO5 (2330),FMO5,2330
PIAS3 (10401),PIAS3,10401
PRKAB2 (5565),PRKAB2,5565
PDHA1 (5160),PDHA1,5160
RAI2 (10742),RAI2,10742
MCCC2 (64087),MCCC2,64087
ZNF304 (57343),ZNF304,57343
ZSCAN5A (79149),ZSCAN5A,79149
ZNF132 (7691),ZNF132,7691
SELENOS (55829),SELENOS,55829
CHSY1 (22856),CHSY1,22856
SNRPA1 (6627),SNRPA1,6627
LLGL1 (3996),LLGL1,3996
LIN28A (79727),LIN28A,79727
THAP1 (55145),THAP1,55145
RHPN2 (85415),RHPN2,85415
C19orf12 (83636),C19orf12,83636
FAAP24 (91442),FAAP24,91442
ACTR10 (55860),ACTR10,55860
ABHD12B (145447),ABHD12B,145447
GCH1 (2643),GCH1,2643
LGALS3 (3958),LGALS3,3958
PODNL1 (79883),PODNL1,79883
DNAJB1 (3337),DNAJB1,3337
ZSWIM4 (65249),ZSWIM4,65249
FBXW9 (84261),FBXW9,84261
RFX1 (5989),RFX1,5989
ZNF20 (7568),ZNF20,7568
BRME1 (79173),BRME1,79173
DCAF15 (90379),DCAF15,90379
CC2D1A (54862),CC2D1A,54862
RTBDN (83546),RTBDN,83546
MATN3 (4148),MATN3,4148
TRIM21 (6737),TRIM21,6737
SPATA6 (54558),SPATA6,54558
LRRC41 (10489),LRRC41,10489
CCT6B (10693),CCT6B,10693
DHX30 (22907),DHX30,22907
RAF1 (5894),RAF1,5894
SLC6A11 (6538),SLC6A11,6538
PPARG (5468),PPARG,5468
NUP210 (23225),NUP210,23225
FCRLA (84824),FCRLA,84824
HSD17B7 (51478),HSD17B7,51478
ENOSF1 (55556),ENOSF1,55556
EMILIN2 (84034),EMILIN2,84034
ARFIP2 (23647),ARFIP2,23647
TRIM5 (85363),TRIM5,85363
CNGA4 (1262),CNGA4,1262
TRIM22 (10346),TRIM22,10346
RRP8 (23378),RRP8,23378
TIMM10B (26515),TIMM10B,26515
EFR3A (23167),EFR3A,23167
PTCD3 (55037),PTCD3,55037
IMMT (10989),IMMT,10989
MRPL35 (51318),MRPL35,51318
IQCA1 (79781),IQCA1,79781
ILKAP (80895),ILKAP,80895
PER2 (8864),PER2,8864
RAMP1 (10267),RAMP1,10267
SCLY (51540),SCLY,51540
PTPRE (5791),PTPRE,5791
RAN (5901),RAN,5901
PRKAA1 (5562),PRKAA1,5562
CARD6 (84674),CARD6,84674
RAP1GAP2 (23108),RAP1GAP2,23108
CLUH (23277),CLUH,23277
INPP5K (51763),INPP5K,51763
MYBBP1A (10514),MYBBP1A,10514
RPA1 (6117),RPA1,6117
SERPINF1 (5176),SERPINF1,5176
UBE2G1 (7326),UBE2G1,7326
EEFSEC (60678),EEFSEC,60678
TBC1D14 (57533),TBC1D14,57533
TMEM128 (85013),TMEM128,85013
COQ3 (51805),COQ3,51805
PNISR (25957),PNISR,25957
POPDC3 (64208),POPDC3,64208
SEC61G (23480),SEC61G,23480
LANCL2 (55915),LANCL2,55915
FIGNL1 (63979),FIGNL1,63979
DDC (1644),DDC,1644
GRSF1 (2926),GRSF1,2926
JCHAIN (3512),JCHAIN,3512
ANKRD17 (26057),ANKRD17,26057
UTP3 (57050),UTP3,57050
ITGB4 (3691),ITGB4,3691
WBP2 (23558),WBP2,23558
H3-3B (3021),H3-3B,3021
UNK (85451),UNK,85451
TRIM47 (91107),TRIM47,91107
ZRANB2 (9406),ZRANB2,9406
EIF5A (1984),EIF5A,1984
KDM6B (23135),KDM6B,23135
SLC52A1 (55065),SLC52A1,55065
GUCY2D (3000),GUCY2D,3000
GPS2 (2874),GPS2,2874
XAF1 (54739),XAF1,54739
DLG4 (1742),DLG4,1742
RIDA (10247),RIDA,10247
VPS13B (157680),VPS13B,157680
RGS22 (26166),RGS22,26166
MATN2 (4147),MATN2,4147
REEP2 (51308),REEP2,51308
PCBD2 (84105),PCBD2,84105
SDF2 (6388),SDF2,6388
FLOT2 (2319),FLOT2,2319
ERAL1 (26284),ERAL1,26284
PRMT7 (54496),PRMT7,54496
NIP7 (51388),NIP7,51388
TERF2 (7014),TERF2,7014
VPS4A (27183),VPS4A,27183
MTSS2 (92154),MTSS2,92154
HSPA12B (116835),HSPA12B,116835
ANKEF1 (63926),ANKEF1,63926
PCED1A (64773),PCED1A,64773
SNAP25 (6616),SNAP25,6616
BTBD3 (22903),BTBD3,22903
PCNA (5111),PCNA,5111
NXT1 (29107),NXT1,29107
POLR3F (10621),POLR3F,10621
RIN2 (54453),RIN2,54453
PTPRA (5786),PTPRA,5786
DAP3 (7818),DAP3,7818
RHBG (57127),RHBG,57127
KHDC4 (22889),KHDC4,22889
ATP1A4 (480),ATP1A4,480
NES (10763),NES,10763
BCAN (63827),BCAN,63827
ARHGEF11 (9826),ARHGEF11,9826
RAB25 (57111),RAB25,57111
HAPLN2 (60484),HAPLN2,60484
DCAF8 (50717),DCAF8,50717
SYT11 (23208),SYT11,23208
IGHMBP2 (3508),IGHMBP2,3508
ACY3 (91703),ACY3,91703
ALDH3B2 (222),ALDH3B2,222
TESMIN (9633),TESMIN,9633
MMACHC (25974),MMACHC,25974
DPH2 (1802),DPH2,1802
TOE1 (114034),TOE1,114034
NASP (4678),NASP,4678
MUTYH (4595),MUTYH,4595
CTNNBL1 (56259),CTNNBL1,56259
LPIN3 (64900),LPIN3,64900
ZSWIM3 (140831),ZSWIM3,140831
RBM38 (55544),RBM38,55544
VSTM2L (128434),VSTM2L,128434
OSER1 (51526),OSER1,51526
SERINC3 (10955),SERINC3,10955
PPP1R3D (5509),PPP1R3D,5509
DMGDH (29958),DMGDH,29958
BHMT2 (23743),BHMT2,23743
AP3B1 (8546),AP3B1,8546
ZBED3 (84327),ZBED3,84327
PATJ (10207),PATJ,10207
KANK4 (163782),KANK4,163782
ANGPTL3 (27329),ANGPTL3,27329
SLC14A2 (8170),SLC14A2,8170
FBXO44 (93611),FBXO44,93611
CPLANE2 (79363),CPLANE2,79363
CASP9 (842),CASP9,842
DCTN4 (51164),DCTN4,51164
PDE6A (5145),PDE6A,5145
ATP8A2 (51761),ATP8A2,51761
MTUS2 (23281),MTUS2,23281
ZMYM5 (9205),ZMYM5,9205
USPL1 (10208),USPL1,10208
XPO4 (64328),XPO4,64328
POMP (51371),POMP,51371
CDK8 (1024),CDK8,1024
ALOX5AP (241),ALOX5AP,241
WASF3 (10810),WASF3,10810
GPR12 (2835),GPR12,2835
CHRM3 (1131),CHRM3,1131
MYH10 (4628),MYH10,4628
PEMT (10400),PEMT,10400
SCO1 (6341),SCO1,6341
MPRIP (23164),MPRIP,23164
CHI3L1 (1116),CHI3L1,1116
MYBPH (4608),MYBPH,4608
PIK3C2B (5287),PIK3C2B,5287
DSTYK (25778),DSTYK,25778
CHIT1 (1118),CHIT1,1118
SLC41A1 (254428),SLC41A1,254428
LGR6 (59352),LGR6,59352
TMCC2 (9911),TMCC2,9911
DCLK1 (9201),DCLK1,9201
CCNA1 (8900),CCNA1,8900
COG6 (57511),COG6,57511
SPART (23111),SPART,23111
EPSTI1 (94240),EPSTI1,94240
TRPC4 (7223),TRPC4,7223
POSTN (10631),POSTN,10631
RFXAP (5994),RFXAP,5994
TPT1 (7178),TPT1,7178
GPALPP1 (55425),GPALPP1,55425
KL (9365),KL,9365
RFC3 (5983),RFC3,5983
STARD13 (90627),STARD13,90627
IRS4 (8471),IRS4,8471
MORC4 (79710),MORC4,79710
BEX2 (84707),BEX2,84707
RNF128 (79589),RNF128,79589
GNG5B (347687),GNG5B,347687
TBC1D8B (54885),TBC1D8B,54885
TCEAL4 (79921),TCEAL4,79921
BEX1 (55859),BEX1,55859
VCF1 (84923),VCF1,84923
SLC39A11 (201266),SLC39A11,201266
EPHB2 (2048),EPHB2,2048
SRRM1 (10250),SRRM1,10250
BTBD2 (55643),BTBD2,55643
PRAM1 (84106),PRAM1,84106
KMT5C (84787),KMT5C,84787
ZNF414 (84330),ZNF414,84330
PDE6B (5158),PDE6B,5158
HSPBP1 (23640),HSPBP1,23640
CSNK1G2 (1455),CSNK1G2,1455
SLF1 (84250),SLF1,84250
CNDP2 (55748),CNDP2,55748
MACROD1 (28992),MACROD1,28992
WDR74 (54663),WDR74,54663
RTN3 (10313),RTN3,10313
PLAAT4 (5920),PLAAT4,5920
PLAAT2 (54979),PLAAT2,54979
CEP20 (123811),CEP20,123811
MED10 (84246),MED10,84246
PDZD2 (23037),PDZD2,23037
MORC2 (22880),MORC2,22880
LARGE1 (9215),LARGE1,9215
GSTT2B (653689),GSTT2B,653689
SLC2A11 (66035),SLC2A11,66035
C1QTNF6 (114904),C1QTNF6,114904
FAM83F (113828),FAM83F,113828
SEC14L4 (284904),SEC14L4,284904
ADCK2 (90956),ADCK2,90956
MKRN1 (23608),MKRN1,23608
AGAP3 (116988),AGAP3,116988
KRBA1 (84626),KRBA1,84626
ACTR3B (57180),ACTR3B,57180
NTS (4922),NTS,4922
BTG1 (694),BTG1,694
LRRIQ1 (84125),LRRIQ1,84125
RLIG1 (91298),RLIG1,91298
ATP13A3 (79572),ATP13A3,79572
SFTPD (6441),SFTPD,6441
TMEM254 (80195),TMEM254,80195
TMTC1 (83857),TMTC1,83857
KRAS (3845),KRAS,3845
IPO8 (10526),IPO8,10526
LARS1 (51520),LARS1,51520
SPINK5 (11005),SPINK5,11005
IMPA1 (3612),IMPA1,3612
LRRCC1 (85444),LRRCC1,85444
E2F5 (1875),E2F5,1875
CA1 (759),CA1,759
CCDC59 (29080),CCDC59,29080
SWAP70 (23075),SWAP70,23075
BMAL1 (406),BMAL1,406
AMPD3 (272),AMPD3,272
SBF2 (81846),SBF2,81846
MICAL2 (9645),MICAL2,9645
RRAS2 (22800),RRAS2,22800
HSD17B4 (3295),HSD17B4,3295
ZFC3H1 (196441),ZFC3H1,196441
TEX15 (56154),TEX15,56154
SARAF (51669),SARAF,51669
RNF122 (79845),RNF122,79845
DPF2 (5977),DPF2,5977
MEN1 (4221),MEN1,4221
ERG28 (11161),ERG28,11161
GSC (145258),GSC,145258
DGLUCY (80017),DGLUCY,80017
NUMB (8650),NUMB,8650
CATSPERB (79820),CATSPERB,79820
COX16 (51241),COX16,51241
TTC9 (23508),TTC9,23508
MED6 (10001),MED6,10001
EIF2S1 (1965),EIF2S1,1965
ADAM20 (8748),ADAM20,8748
LOXL2 (4017),LOXL2,4017
ELP3 (55140),ELP3,55140
CTIF (9811),CTIF,9811
MBD2 (8932),MBD2,8932
IER3IP1 (51124),IER3IP1,51124
KGD4 (92259),KGD4,92259
CCNB1 (891),CCNB1,891
CDK7 (1022),CDK7,1022
CD180 (4064),CD180,4064
IRAK2 (3656),IRAK2,3656
CAMK1 (8536),CAMK1,8536
THUMPD3 (25917),THUMPD3,25917
VHL (7428),VHL,7428
BHLHE40 (8553),BHLHE40,8553
ARL8B (55207),ARL8B,55207
EDEM1 (9695),EDEM1,9695
MEIS2 (4212),MEIS2,4212
DPH6 (89978),DPH6,89978
KATNBL1 (79768),KATNBL1,79768
EMC7 (56851),EMC7,56851
GNAT2 (2780),GNAT2,2780
GSTM1 (2944),GSTM1,2944
PRPF38B (55119),PRPF38B,55119
REG4 (83998),REG4,83998
TSPAN2 (10100),TSPAN2,10100
GSTM3 (2947),GSTM3,2947
SYT6 (148281),SYT6,148281
VAV3 (10451),VAV3,10451
PSRC1 (84722),PSRC1,84722
HMGCS2 (3158),HMGCS2,3158
PTPN22 (26191),PTPN22,26191
SORT1 (6272),SORT1,6272
WNT2B (7482),WNT2B,7482
PTGFRN (5738),PTGFRN,5738
LAMTOR5 (10542),LAMTOR5,10542
NOTCH2 (4853),NOTCH2,4853
TRIM45 (80263),TRIM45,80263
CEPT1 (10390),CEPT1,10390
CD101 (9398),CD101,9398
VTCN1 (79679),VTCN1,79679
NGF (4803),NGF,4803
AP4B1 (10717),AP4B1,10717
NAPG (8774),NAPG,8774
SPIRE1 (56907),SPIRE1,56907
PPHLN1 (51535),PPHLN1,51535
FKBP11 (51303),FKBP11,51303
ARF3 (377),ARF3,377
TMEM106C (79022),TMEM106C,79022
SLC38A2 (54407),SLC38A2,54407
YWHAQ (10971),YWHAQ,10971
KIDINS220 (57498),KIDINS220,57498
GRHL1 (29841),GRHL1,29841
ROCK2 (9475),ROCK2,9475
RSAD2 (91543),RSAD2,91543
MYCN (4613),MYCN,4613
LPIN1 (23175),LPIN1,23175
CMPK2 (129607),CMPK2,129607
IAH1 (285148),IAH1,285148
LDHA (3939),LDHA,3939
SAA2 (6289),SAA2,6289
ANO3 (63982),ANO3,63982
IL6ST (3572),IL6ST,3572
FST (10468),FST,10468
NAV1 (89796),NAV1,89796
CDC73 (79577),CDC73,79577
TIMM17A (10440),TIMM17A,10440
CRB1 (23418),CRB1,23418
ERN2 (10595),ERN2,10595
RPS15A (6210),RPS15A,6210
NARS1 (4677),NARS1,4677
RELCH (57614),RELCH,57614
FBH1 (84893),FBH1,84893
RBM17 (84991),RBM17,84991
ANKRD16 (54522),ANKRD16,54522
ECHDC3 (79746),ECHDC3,79746
IL15RA (3601),IL15RA,3601
CCNH (902),CCNH,902
TMEM241 (85019),TMEM241,85019
KCTD1 (284252),KCTD1,284252
CABLES1 (91768),CABLES1,91768
DOCK2 (1794),DOCK2,1794
EMP1 (2012),EMP1,2012
SOX5 (6660),SOX5,6660
RERG (85004),RERG,85004
SPX (80763),SPX,80763
LRP4 (4038),LRP4,4038
DDB2 (1643),DDB2,1643
ACP2 (53),ACP2,53
RTL8C (8933),RTL8C,8933
RAB33A (9363),RAB33A,9363
SOX3 (6658),SOX3,6658
RBMX2 (51634),RBMX2,51634
STK26 (51765),STK26,51765
PIWIL4 (143689),PIWIL4,143689
PUM1 (9698),PUM1,9698
SPOCD1 (90853),SPOCD1,90853
YARS1 (8565),YARS1,8565
PHC2 (1912),PHC2,1912
CDCA8 (55143),CDCA8,55143
GNL2 (29889),GNL2,29889
AGO4 (192670),AGO4,192670
HOOK1 (51361),HOOK1,51361
CYP2J2 (1573),CYP2J2,1573
BTF3L4 (91408),BTF3L4,91408
TUT4 (23318),TUT4,23318
PRPF38A (84950),PRPF38A,84950
DSC2 (1824),DSC2,1824
DSG3 (1830),DSG3,1830
RNF138 (51444),RNF138,51444
ELP2 (55250),ELP2,55250
DSC3 (1825),DSC3,1825
DSC1 (1823),DSC1,1823
DTNA (1837),DTNA,1837
FHOD3 (80206),FHOD3,80206
TPGS2 (25941),TPGS2,25941
DAGLA (747),DAGLA,747
SLC43A3 (29015),SLC43A3,29015
TIMM10 (26519),TIMM10,26519
DHX34 (9704),DHX34,9704
FADS2 (9415),FADS2,9415
TMEM258 (746),TMEM258,746
TCN1 (6947),TCN1,6947
C5AR2 (27202),C5AR2,27202
TMEM165 (55858),TMEM165,55858
CLOCK (9575),CLOCK,9575
PDGFRA (5156),PDGFRA,5156
GGACT (87769),GGACT,87769
COL4A2 (1284),COL4A2,1284
CLDN10 (9071),CLDN10,9071
DZIP1 (22873),DZIP1,22873
UBAC2 (337867),UBAC2,337867
ARGLU1 (55082),ARGLU1,55082
BIVM (54841),BIVM,54841
ERCC5 (2073),ERCC5,2073
TPP2 (7174),TPP2,7174
POGLUT2 (79070),POGLUT2,79070
CARS2 (79587),CARS2,79587
ARHGAP32 (9743),ARHGAP32,9743
STT3A (3703),STT3A,3703
ADAMTS8 (11095),ADAMTS8,11095
ACRV1 (56),ACRV1,56
ETS1 (2113),ETS1,2113
SLC37A2 (219855),SLC37A2,219855
KLB (152831),KLB,152831
TMED7 (51014),TMED7,51014
APC (324),APC,324
NREP (9315),NREP,9315
WDR36 (134430),WDR36,134430
OSTF1 (26578),OSTF1,26578
RFK (55312),RFK,55312
UBQLN1 (29979),UBQLN1,29979
NAA35 (60560),NAA35,60560
C9orf40 (55071),C9orf40,55071
ANXA1 (301),ANXA1,301
CTSL (1514),CTSL,1514
CEMIP2 (23670),CEMIP2,23670
AGTPBP1 (23287),AGTPBP1,23287
GOLM1 (51280),GOLM1,51280
ENTREP1 (9413),ENTREP1,9413
PSAT1 (29968),PSAT1,29968
ISCA1 (81689),ISCA1,81689
ADAM19 (8728),ADAM19,8728
HAVCR2 (84868),HAVCR2,84868
CCNJL (79616),CCNJL,79616
TAOK3 (51347),TAOK3,51347
USP30 (84749),USP30,84749
SDS (10993),SDS,10993
MSI1 (4440),MSI1,4440
FBXO21 (23014),FBXO21,23014
TBX3 (6926),TBX3,6926
OASL (8638),OASL,8638
HRK (8739),HRK,8739
RNFT2 (84900),RNFT2,84900
P2RX4 (5025),P2RX4,5025
BICDL1 (92558),BICDL1,92558
DTX1 (1840),DTX1,1840
TRAFD1 (10906),TRAFD1,10906
DMTF1 (9988),DMTF1,9988
TMEM243 (79161),TMEM243,79161
CCDC146 (57639),CCDC146,57639
TMEM60 (85025),TMEM60,85025
CD36 (948),CD36,948
PNPLA8 (50640),PNPLA8,50640
HILPDA (29923),HILPDA,29923
GARIN1B (84691),GARIN1B,84691
RINT1 (60561),RINT1,60561
SRPK2 (6733),SRPK2,6733
KCP (375616),KCP,375616
TES (26136),TES,26136
MDFIC (29969),MDFIC,29969
MTO1 (25821),MTO1,25821
ANKRD6 (22881),ANKRD6,22881
HTR1B (3351),HTR1B,3351
KHDC1 (80759),KHDC1,80759
CEP162 (22832),CEP162,22832
SYNCRIP (10492),SYNCRIP,10492
SNX14 (57231),SNX14,57231
NT5E (4907),NT5E,4907
MRAP2 (112609),MRAP2,112609
EPHA7 (2045),EPHA7,2045
AKIRIN2 (55122),AKIRIN2,55122
ORC3 (23595),ORC3,23595
LCA5 (167691),LCA5,167691
MAP3K7 (6885),MAP3K7,6885
CGA (1081),CGA,1081
PRR5L (79899),PRR5L,79899
LMO2 (4005),LMO2,4005
PHF21A (51317),PHF21A,51317
NAT10 (55226),NAT10,55226
EHF (26298),EHF,26298
ELF5 (2001),ELF5,2001
PRRG4 (79056),PRRG4,79056
CAPRIN1 (4076),CAPRIN1,4076
ATP5MC2 (517),ATP5MC2,517
DNAJC14 (85406),DNAJC14,85406
CD63 (967),CD63,967
PRPH (5630),PRPH,5630
AVIL (10677),AVIL,10677
GDF11 (10220),GDF11,10220
GLS2 (27165),GLS2,27165
ITGA7 (3679),ITGA7,3679
FAM186B (84070),FAM186B,84070
RDH5 (5959),RDH5,5959
AGAP2 (116986),AGAP2,116986
BLOC1S1 (2647),BLOC1S1,2647
CDK4 (1019),CDK4,1019
PPP1R1A (5502),PPP1R1A,5502
TROAP (10024),TROAP,10024
TSPAN31 (6302),TSPAN31,6302
B4GALNT1 (2583),B4GALNT1,2583
TFCP2 (7024),TFCP2,7024
COQ10A (93058),COQ10A,93058
FAIM2 (23017),FAIM2,23017
PAN2 (9924),PAN2,9924
ESPL1 (9700),ESPL1,9700
KRT7 (3855),KRT7,3855
ZC3H10 (84872),ZC3H10,84872
HNRNPA1 (3178),HNRNPA1,3178
ACVR1B (91),ACVR1B,91
OS9 (10956),OS9,10956
KCNH3 (23416),KCNH3,23416
LTV1 (84946),LTV1,84946
MAP7 (9053),MAP7,9053
CD164 (8763),CD164,8763
AFG1L (246269),AFG1L,246269
NHSL1 (57224),NHSL1,57224
AHI1 (54806),AHI1,54806
HEY2 (23493),HEY2,23493
PKIB (5570),PKIB,5570
SMPD2 (6610),SMPD2,6610
MICAL1 (64780),MICAL1,64780
REPS1 (85021),REPS1,85021
STX11 (8676),STX11,8676
TEC (7006),TEC,7006
PRADC1 (84279),PRADC1,84279
SEMA4F (10505),SEMA4F,10505
CCT7 (10574),CCT7,10574
EGR4 (1961),EGR4,1961
RAB11FIP5 (26056),RAB11FIP5,26056
SMYD5 (10322),SMYD5,10322
DYSF (8291),DYSF,8291
CCDC142 (84865),CCDC142,84865
EMX1 (2016),EMX1,2016
KCNMB4 (27345),KCNMB4,27345
USP15 (9958),USP15,9958
GNS (2799),GNS,2799
CPM (1368),CPM,1368
MDM2 (4193),MDM2,4193
KLHL36 (79786),KLHL36,79786
BCO1 (53630),BCO1,53630
MPHOSPH6 (10200),MPHOSPH6,10200
CHST5 (23563),CHST5,23563
KIAA0513 (9764),KIAA0513,9764
DYNC1LI2 (1783),DYNC1LI2,1783
FBXL8 (55336),FBXL8,55336
FHOD1 (29109),FHOD1,29109
CCDC102A (92922),CCDC102A,92922
SLC9A5 (6553),SLC9A5,6553
AGT (183),AGT,183
PCNX2 (80003),PCNX2,80003
KCNK1 (3775),KCNK1,3775
URB2 (9816),URB2,9816
EGLN1 (54583),EGLN1,54583
CAPN9 (10753),CAPN9,10753
COG2 (22796),COG2,22796
ABCB10 (23456),ABCB10,23456
NTPCR (84284),NTPCR,84284
TAF5L (27097),TAF5L,27097
GLUL (2752),GLUL,2752
STX6 (10228),STX6,10228
RGS8 (85397),RGS8,85397
RNASEL (6041),RNASEL,6041
DHX9 (1660),DHX9,1660
KIAA1614 (57710),KIAA1614,57710
CEP350 (9857),CEP350,9857
NPL (80896),NPL,80896
NIBAN1 (116496),NIBAN1,116496
PIGC (5279),PIGC,5279
LAMC1 (3915),LAMC1,3915
RC3H1 (149041),RC3H1,149041
SP110 (3431),SP110,3431
MRPL44 (65080),MRPL44,65080
CHRND (1144),CHRND,1144
DOCK10 (55619),DOCK10,55619
TTLL4 (9654),TTLL4,9654
USP37 (57695),USP37,57695
HTR2B (3357),HTR2B,3357
ITM2C (81618),ITM2C,81618
SLC19A3 (80704),SLC19A3,80704
SERPINE2 (5270),SERPINE2,5270
DNAJB2 (3300),DNAJB2,3300
WNT10A (80326),WNT10A,80326
TMBIM1 (64114),TMBIM1,64114
CYP27A1 (1593),CYP27A1,1593
EIF4E2 (9470),EIF4E2,9470
ARMC9 (80210),ARMC9,80210
CAB39 (51719),CAB39,51719
COX5B (1329),COX5B,1329
REV1 (51455),REV1,51455
TSGA10 (80705),TSGA10,80705
MFSD9 (84804),MFSD9,84804
TMEM127 (55654),TMEM127,55654
EDAR (10913),EDAR,10913
TGFBRAP1 (9392),TGFBRAP1,9392
GCC2 (9648),GCC2,9648
MRPS9 (64965),MRPS9,64965
C2orf49 (79074),C2orf49,79074
ANKRD36 (375248),ANKRD36,375248
EPC2 (26122),EPC2,26122
ARHGEF4 (50649),ARHGEF4,50649
ISCU (23479),ISCU,23479
ALDH1L2 (160428),ALDH1L2,160428
STAB2 (55576),STAB2,55576
USP44 (84101),USP44,84101
SCYL2 (55681),SCYL2,55681
CKAP4 (10970),CKAP4,10970
PLXNC1 (10154),PLXNC1,10154
APPL2 (55198),APPL2,55198
PWP1 (11137),PWP1,11137
DRAM1 (55332),DRAM1,55332
WASHC4 (23325),WASHC4,23325
SLC41A2 (84102),SLC41A2,84102
VILL (50853),VILL,50853
FLNB (2317),FLNB,2317
NEK3 (4752),NEK3,4752
PCDH8 (5100),PCDH8,5100
VPS36 (51028),VPS36,51028
RNASEH2B (79621),RNASEH2B,79621
CKAP2 (26586),CKAP2,26586
TBC1D4 (9882),TBC1D4,9882
THSD1 (55901),THSD1,55901
BORA (79866),BORA,79866
LRCH1 (23143),LRCH1,23143
SUCLA2 (8803),SUCLA2,8803
RCBTB1 (55213),RCBTB1,55213
MED4 (29079),MED4,29079
PHF11 (51131),PHF11,51131
COG3 (83548),COG3,83548
LMO7 (4008),LMO7,4008
SCEL (8796),SCEL,8796
ITM2B (9445),ITM2B,9445
SPRY2 (10253),SPRY2,10253
NUDT15 (55270),NUDT15,55270
EDNRB (1910),EDNRB,1910
RCBTB2 (1102),RCBTB2,1102
LCP1 (3936),LCP1,3936
SETDB2 (83852),SETDB2,83852
SCRN1 (9805),SCRN1,9805
C7orf25 (79020),C7orf25,79020
TNS3 (64759),TNS3,64759
SPDYE1 (285955),SPDYE1,285955
CHST12 (55501),CHST12,55501
IGF2BP3 (10643),IGF2BP3,10643
GPNMB (10457),GPNMB,10457
RAPGEF5 (9771),RAPGEF5,9771
RAC1 (5879),RAC1,5879
KDELR2 (11014),KDELR2,11014
NUP42 (11097),NUP42,11097
IL6 (3569),IL6,3569
ZDHHC4 (55146),ZDHHC4,55146
AOAH (313),AOAH,313
BZW2 (28969),BZW2,28969
DGKB (1607),DGKB,1607
TBRG4 (9238),TBRG4,9238
DDX56 (54606),DDX56,54606
HUS1 (3364),HUS1,3364
NACAD (23148),NACAD,23148
DBNL (28988),DBNL,28988
CCM2 (83605),CCM2,83605
MYO1G (64005),MYO1G,64005
TTYH3 (80727),TTYH3,80727
TTC5 (91875),TTC5,91875
NKX2-8 (26257),NKX2-8,26257
NKX2-1 (7080),NKX2-1,7080
ZFHX2 (85446),ZFHX2,85446
MTHFS (10588),MTHFS,10588
ADAMTS7 (11173),ADAMTS7,11173
ABHD17C (58489),ABHD17C,58489
IREB2 (3658),IREB2,3658
ALPK3 (57538),ALPK3,57538
TM6SF1 (53346),TM6SF1,53346
CIB2 (10518),CIB2,10518
CALCOCO2 (10241),CALCOCO2,10241
RSAD1 (55316),RSAD1,55316
NMT1 (4836),NMT1,4836
MYCBPAP (84073),MYCBPAP,84073
SRSF1 (6426),SRSF1,6426
VEZF1 (7716),VEZF1,7716
CHAD (1101),CHAD,1101
TACO1 (51204),TACO1,51204
TEX2 (55852),TEX2,55852
DCAF7 (10238),DCAF7,10238
LIMD2 (80774),LIMD2,80774
BRIP1 (83990),BRIP1,83990
KAT7 (11143),KAT7,11143
RTP4 (64108),RTP4,64108
ACTL6A (86),ACTL6A,86
NDUFB5 (4711),NDUFB5,4711
MRPL47 (57129),MRPL47,57129
TRA2B (6434),TRA2B,6434
SCN2A (6326),SCN2A,6326
MARCHF7 (64844),MARCHF7,64844
GALNT5 (11227),GALNT5,11227
TANK (10010),TANK,10010
BLK (640),BLK,640
GATA4 (2626),GATA4,2626
SKIL (6498),SKIL,6498
EPRS1 (2058),EPRS1,2058
HLX (3142),HLX,3142
VPS45 (11311),VPS45,11311
KCTD3 (51133),KCTD3,51133
RPS6KC1 (26750),RPS6KC1,26750
ZNG1B (150472),ZNG1B,150472
IL36G (56300),IL36G,56300
IL1RN (3557),IL1RN,3557
IL36RN (26525),IL36RN,26525
IL36B (27177),IL36B,27177
SMPD4 (55627),SMPD4,55627
WDR33 (55339),WDR33,55339
VMA22 (84317),VMA22,84317
SAP130 (79595),SAP130,79595
BIN1 (274),BIN1,274
IMP4 (92856),IMP4,92856
HS6ST1 (9394),HS6ST1,9394
UGGT1 (56886),UGGT1,56886
GYPC (2995),GYPC,2995
STAM (8027),STAM,8027
ABI1 (10006),ABI1,10006
YME1L1 (10730),YME1L1,10730
DNAJC1 (64215),DNAJC1,64215
NIPSNAP3A (25934),NIPSNAP3A,25934
LRRC8A (56262),LRRC8A,56262
CDK9 (1025),CDK9,1025
TXN (7295),TXN,7295
ODF2 (4957),ODF2,4957
ECPAS (23392),ECPAS,23392
TOR1B (27348),TOR1B,27348
C9orf78 (51759),C9orf78,51759
SMC2 (10592),SMC2,10592
KLF4 (9314),KLF4,9314
TOR1A (1861),TOR1A,1861
RALGPS1 (9649),RALGPS1,9649
NIBAN2 (64855),NIBAN2,64855
OR1J1 (347168),OR1J1,347168
ST6GALNAC4 (27090),ST6GALNAC4,27090
TMOD1 (7111),TMOD1,7111
DAB2IP (153090),DAB2IP,153090
STXBP1 (6812),STXBP1,6812
SLC2A8 (29988),SLC2A8,29988
ANGPTL2 (23452),ANGPTL2,23452
CDK5RAP2 (55755),CDK5RAP2,55755
ZFP37 (7539),ZFP37,7539
SLC31A2 (1318),SLC31A2,1318
SLC31A1 (1317),SLC31A1,1317
TLR4 (7099),TLR4,7099
ZNF189 (7743),ZNF189,7743
ALDOB (229),ALDOB,229
STX17 (55014),STX17,55014
PRPF4 (9128),PRPF4,9128
FPGS (2356),FPGS,2356
USP20 (10868),USP20,10868
BAAT (570),BAAT,570
KIF12 (113220),KIF12,113220
ATP6V1G1 (9550),ATP6V1G1,9550
TEX10 (54881),TEX10,54881
GARNL3 (84253),GARNL3,84253
MRPL50 (54534),MRPL50,54534
DPM2 (8818),DPM2,8818
WDR38 (401551),WDR38,401551
TSTD2 (158427),TSTD2,158427
GABBR2 (9568),GABBR2,9568
PSMB7 (5695),PSMB7,5695
TRMO (51531),TRMO,51531
RABEPK (10244),RABEPK,10244
GOLGA1 (2800),GOLGA1,2800
XPA (7507),XPA,7507
NCBP1 (4686),NCBP1,4686
ANP32B (10541),ANP32B,10541
PDCL (5082),PDCL,5082
RPL35 (11224),RPL35,11224
CTSV (1515),CTSV,1515
LMX1B (4010),LMX1B,4010
ARPC5L (81873),ARPC5L,81873
ENPP2 (5168),ENPP2,5168
DSCC1 (79075),DSCC1,79075
DERL1 (79139),DERL1,79139
MYC (4609),MYC,4609
CCN3 (4856),CCN3,4856
DMAC1 (90871),DMAC1,90871
RANBP6 (26953),RANBP6,26953
POLR1E (64425),POLR1E,64425
PLAA (9373),PLAA,9373
IL11RA (3590),IL11RA,3590
UBAP2 (55833),UBAP2,55833
APTX (54840),APTX,54840
RNF38 (152006),RNF38,152006
TLN1 (7094),TLN1,7094
DNAJB5 (25822),DNAJB5,25822
SPAG8 (26206),SPAG8,26206
DCTN3 (11258),DCTN3,11258
CD72 (971),CD72,971
TMEM8B (51754),TMEM8B,51754
GRHPR (9380),GRHPR,9380
ALDH1B1 (219),ALDH1B1,219
HINT2 (84681),HINT2,84681
ARHGEF39 (84904),ARHGEF39,84904
IGFBPL1 (347252),IGFBPL1,347252
DENND4C (55667),DENND4C,55667
RPS6 (6194),RPS6,6194
CNPY3 (10695),CNPY3,10695
FOXP4 (116113),FOXP4,116113
PPIL1 (51645),PPIL1,51645
KLC4 (89953),KLC4,89953
KIF13A (63971),KIF13A,63971
ZSCAN9 (7746),ZSCAN9,7746
PIM1 (5292),PIM1,5292
GMPR (2766),GMPR,2766
CMTR1 (23070),CMTR1,23070
TFAP2A (7020),TFAP2A,7020
YIPF3 (25844),YIPF3,25844
TMEM14B (81853),TMEM14B,81853
TMEM63B (55362),TMEM63B,55362
FRS3 (10817),FRS3,10817
TJAP1 (93643),TJAP1,93643
CAPN11 (11131),CAPN11,11131
HCRTR2 (3062),HCRTR2,3062
KIAA0319 (9856),KIAA0319,9856
IRF4 (3662),IRF4,3662
SLC22A23 (63027),SLC22A23,63027
TUBB2A (7280),TUBB2A,7280
LRRC1 (55227),LRRC1,55227
FOXF2 (2295),FOXF2,2295
BPHL (670),BPHL,670
RIPK1 (8737),RIPK1,8737
TUBB2B (347733),TUBB2B,347733
UQCC2 (84300),UQCC2,84300
HMGA1 (3159),HMGA1,3159
TCF19 (6941),TCF19,6941
FLOT1 (10211),FLOT1,10211
IER3 (8870),IER3,8870
MDC1 (9656),MDC1,9656
PGBD1 (84547),PGBD1,84547
ATAT1 (79969),ATAT1,79969
TPMT (7172),TPMT,7172
RNF144B (255488),RNF144B,255488
NRM (11270),NRM,11270
MTCH1 (23787),MTCH1,23787
TAF8 (129685),TAF8,129685
FAM8A1 (51439),FAM8A1,51439
C6orf52 (347744),C6orf52,347744
FGFBP1 (9982),FGFBP1,9982
CPEB2 (132864),CPEB2,132864
FHDC1 (85462),FHDC1,85462
TLR2 (7097),TLR2,7097
MGARP (84709),MGARP,84709
MYO7A (4647),MYO7A,4647
FCHSD2 (9873),FCHSD2,9873
ARRB1 (408),ARRB1,408
SLCO2B1 (11309),SLCO2B1,11309
THAP12 (5612),THAP12,5612
ANKRD42 (338699),ANKRD42,338699
IL18BP (10068),IL18BP,10068
NUMA1 (4926),NUMA1,4926
CCDC90B (60492),CCDC90B,60492
SYTL2 (54843),SYTL2,54843
RAB30 (27314),RAB30,27314
CREBZF (58487),CREBZF,58487
LRRC32 (2615),LRRC32,2615
PRCP (5547),PRCP,5547
NARS2 (79731),NARS2,79731
RNF121 (55298),RNF121,55298
MRPL15 (29088),MRPL15,29088
PI15 (51050),PI15,51050
TTPA (7274),TTPA,7274
GGH (8836),GGH,8836
SLCO5A1 (81796),SLCO5A1,81796
SULF1 (23213),SULF1,23213
TGS1 (96764),TGS1,96764
SDCBP (6386),SDCBP,6386
NEK1 (4750),NEK1,4750
DDX60 (55601),DDX60,55601
SORL1 (6653),SORL1,6653
TMPRSS4 (56649),TMPRSS4,56649
BUD13 (84811),BUD13,84811
TRPC6 (7225),TRPC6,7225
MMP7 (4316),MMP7,4316
MMP20 (9313),MMP20,9313
CFAP300 (85016),CFAP300,85016
DCUN1D5 (84259),DCUN1D5,84259
YAP1 (10413),YAP1,10413
TRIM29 (23650),TRIM29,23650
SLC37A4 (2542),SLC37A4,2542
POU2F3 (25833),POU2F3,25833
RDX (5962),RDX,5962
PPP2R1B (5519),PPP2R1B,5519
FDX1 (2230),FDX1,2230
CFAP68 (64776),CFAP68,64776
FXYD6 (53826),FXYD6,53826
ARHGAP20 (57569),ARHGAP20,57569
MMP13 (4322),MMP13,4322
TMPRSS13 (84000),TMPRSS13,84000
CASP1 (834),CASP1,834
ALKBH8 (91801),ALKBH8,91801
MAP2K5 (5607),MAP2K5,5607
SQOR (58472),SQOR,58472
CTDSPL2 (51496),CTDSPL2,51496
SLTM (79811),SLTM,79811
THBS1 (7057),THBS1,7057
MAPKBP1 (23005),MAPKBP1,23005
NUSAP1 (51203),NUSAP1,51203
NDUFAF1 (51103),NDUFAF1,51103
KIF23 (9493),KIF23,9493
ITGA11 (22801),ITGA11,22801
KNL1 (57082),KNL1,57082
HAUS2 (55142),HAUS2,55142
RTF1 (23168),RTF1,23168
PARP6 (56965),PARP6,56965
RPLP1 (6176),RPLP1,6176
PAQR5 (54852),PAQR5,54852
LRRC49 (54839),LRRC49,54839
TUBGCP4 (27229),TUBGCP4,27229
RMDN3 (55177),RMDN3,55177
ITPKA (3706),ITPKA,3706
UACA (55075),UACA,55075
SMAD6 (4091),SMAD6,4091
PLCB2 (5330),PLCB2,5330
TMEM62 (80021),TMEM62,80021
PAK6 (56924),PAK6,56924
ADAM10 (102),ADAM10,102
DUOX1 (53905),DUOX1,53905
STRA6 (64220),STRA6,64220
CYP19A1 (1588),CYP19A1,1588
ZNF280D (54816),ZNF280D,54816
SEMA6D (80031),SEMA6D,80031
RSL24D1 (51187),RSL24D1,51187
SPTBN5 (51332),SPTBN5,51332
GCHFR (2644),GCHFR,2644
BCAR3 (8412),BCAR3,8412
TTLL7 (79739),TTLL7,79739
FNBP1L (54874),FNBP1L,54874
KYAT3 (56267),KYAT3,56267
GTF2B (2959),GTF2B,2959
RABGGTB (5876),RABGGTB,5876
IFI44L (10964),IFI44L,10964
GIPC2 (54810),GIPC2,54810
ARHGAP29 (9411),ARHGAP29,9411
IFI44 (10561),IFI44,10561
SLC44A5 (204962),SLC44A5,204962
CLCA2 (9635),CLCA2,9635
DNASE2B (58511),DNASE2B,58511
DBT (1629),DBT,1629
RTCA (8634),RTCA,8634
IFT172 (26160),IFT172,26160
SELENOI (85465),SELENOI,85465
CGREF1 (10669),CGREF1,10669
HADHB (3032),HADHB,3032
KHK (3795),KHK,3795
ADCY3 (109),ADCY3,109
PPM1B (5495),PPM1B,5495
PNPT1 (87178),PNPT1,87178
DYNC2LI1 (51626),DYNC2LI1,51626
THUMPD2 (80745),THUMPD2,80745
CYP1B1 (1545),CYP1B1,1545
RAB1A (5861),RAB1A,5861
ACTR2 (10097),ACTR2,10097
PREB (10113),PREB,10113
SLC5A6 (8884),SLC5A6,8884
PREPL (9581),PREPL,9581
EMILIN1 (11117),EMILIN1,11117
FBXO11 (80204),FBXO11,80204
SIX3 (6496),SIX3,6496
ATRAID (51374),ATRAID,51374
CENPO (79172),CENPO,79172
LRPPRC (10128),LRPPRC,10128
TRIM54 (57159),TRIM54,57159
DTNB (1838),DTNB,1838
ACTR1A (10121),ACTR1A,10121
CYP2C9 (1559),CYP2C9,1559
MFSD13A (79847),MFSD13A,79847
CYP2C8 (1558),CYP2C8,1558
MYOF (26509),MYOF,26509
LOXL4 (84171),LOXL4,84171
STAMBPL1 (57559),STAMBPL1,57559
CH25H (9023),CH25H,9023
ATAD1 (84896),ATAD1,84896
KIF11 (3832),KIF11,3832
TACC2 (10579),TACC2,10579
DUSP5 (1847),DUSP5,1847
CALHM2 (51063),CALHM2,51063
ARL3 (403),ARL3,403
CEP55 (55165),CEP55,55165
KIF20B (9585),KIF20B,9585
ENTPD1 (953),ENTPD1,953
EXOC6 (54536),EXOC6,54536
PLCE1 (51196),PLCE1,51196
RBP4 (5950),RBP4,5950
DBR1 (51163),DBR1,51163
DNAJC13 (23317),DNAJC13,23317
GPR87 (53836),GPR87,53836
ANXA7 (310),ANXA7,310
FAM149B1 (317662),FAM149B1,317662
ASCC1 (51008),ASCC1,51008
ZNF365 (22891),ZNF365,22891
ADAMTS14 (140766),ADAMTS14,140766
RPS24 (6229),RPS24,6229
TET1 (80312),TET1,80312
DNA2 (1763),DNA2,1763
MYPN (84665),MYPN,84665
AOX1 (316),AOX1,316
ATIC (471),ATIC,471
SMARCAL1 (50485),SMARCAL1,50485
BARD1 (580),BARD1,580
STAT4 (6775),STAT4,6775
MSTN (2660),MSTN,2660
CARF (79800),CARF,79800
ASNSD1 (54529),ASNSD1,54529
METTL5 (29081),METTL5,29081
SSB (6741),SSB,6741
NAB1 (4664),NAB1,4664
CDK15 (65061),CDK15,65061
PPIG (9360),PPIG,9360
FASTKD1 (79675),FASTKD1,79675
MDH1B (130752),MDH1B,130752
HECW2 (57520),HECW2,57520
IDH1 (3417),IDH1,3417
OLA1 (29789),OLA1,29789
CIRSR (9541),CIRSR,9541
ITPRID2 (6744),ITPRID2,6744
FAM117B (150864),FAM117B,150864
WDR12 (55759),WDR12,55759
ABI2 (10152),ABI2,10152
ITGAV (3685),ITGAV,3685
SLC40A1 (30061),SLC40A1,30061
SLC35A5 (55032),SLC35A5,55032
SLC49A4 (84925),SLC49A4,84925
SENP7 (57337),SENP7,57337
COX17 (10063),COX17,10063
PARP9 (83666),PARP9,83666
MNS1 (55329),MNS1,55329
USP8 (9101),USP8,9101
SECISBP2L (9728),SECISBP2L,9728
TMOD3 (29766),TMOD3,29766
SPPL2A (84888),SPPL2A,84888
GLCE (26035),GLCE,26035
SHF (90525),SHF,90525
APH1B (83464),APH1B,83464
INTS14 (81556),INTS14,81556
CILP (8483),CILP,8483
PARP16 (54956),PARP16,54956
PPCDC (60490),PPCDC,60490
HCN4 (10021),HCN4,10021
SEMA7A (8482),SEMA7A,8482
UBL7 (84993),UBL7,84993
ARHGAP24 (83478),ARHGAP24,83478
FAM13A (10144),FAM13A,10144
HERC3 (8916),HERC3,8916
HERC6 (55008),HERC6,55008
HERC5 (51191),HERC5,51191
PCDH10 (57575),PCDH10,57575
NDST4 (64579),NDST4,64579
ZGRF1 (55345),ZGRF1,55345
AP1AR (55435),AP1AR,55435
COPS4 (51138),COPS4,51138
HNRNPD (3184),HNRNPD,3184
PRKG2 (5593),PRKG2,5593
RASGEF1B (153020),RASGEF1B,153020
SEC31A (22872),SEC31A,22872
FGF5 (2250),FGF5,2250
GPAT3 (84803),GPAT3,84803
FGF2 (2247),FGF2,2247
BBS7 (55212),BBS7,55212
BLTP1 (84162),BLTP1,84162
BMPR1B (658),BMPR1B,658
RAP1GDS1 (5910),RAP1GDS1,5910
LARP1B (55132),LARP1B,55132
PDE5A (8654),PDE5A,8654
PRDM5 (11107),PRDM5,11107
TRPC3 (7222),TRPC3,7222
NAAA (27163),NAAA,27163
NUP54 (53371),NUP54,53371
BMP2K (55589),BMP2K,55589
G3BP2 (9908),G3BP2,9908
SEPTIN11 (55752),SEPTIN11,55752
FRAS1 (80144),FRAS1,80144
SCARB2 (950),SCARB2,950
CCNG2 (901),CCNG2,901
CNOT6L (246175),CNOT6L,246175
USO1 (8615),USO1,8615
CDKL2 (8999),CDKL2,8999
SHROOM3 (57619),SHROOM3,57619
ANXA3 (306),ANXA3,306
PPA2 (27068),PPA2,27068
CENPE (1062),CENPE,1062
GSTCD (79807),GSTCD,79807
INTS12 (57117),INTS12,57117
ENPEP (2028),ENPEP,2028
CASP6 (839),CASP6,839
LEF1 (51176),LEF1,51176
HADH (3033),HADH,3033
EGF (1950),EGF,1950
PAPSS1 (9061),PAPSS1,9061
SEC24B (10427),SEC24B,10427
PPP3CA (5530),PPP3CA,5530
SLC39A8 (64116),SLC39A8,64116
MTTP (4547),MTTP,4547
FBN2 (2201),FBN2,2201
MAPK8IP3 (23162),MAPK8IP3,23162
RGS3 (5998),RGS3,5998
GUCD1 (83606),GUCD1,83606
RNF185 (91445),RNF185,91445
SHISAL1 (85352),SHISAL1,85352
B4GALNT3 (283358),B4GALNT3,283358
ERP27 (121506),ERP27,121506
ETV6 (2120),ETV6,2120
GABARAPL1 (23710),GABARAPL1,23710
KIF21A (55605),KIF21A,55605
CPNE8 (144402),CPNE8,144402
YARS2 (51067),YARS2,51067
FGD4 (121512),FGD4,121512
ALG10 (84920),ALG10,84920
PIK3C2G (5288),PIK3C2G,5288
SINHCAF (58516),SINHCAF,58516
AEBP2 (121536),AEBP2,121536
ETFBKMT (254013),ETFBKMT,254013
ETNK1 (55500),ETNK1,55500
ZCRB1 (85437),ZCRB1,85437
TMEM117 (84216),TMEM117,84216
PRICKLE1 (144165),PRICKLE1,144165
C1RL (51279),C1RL,51279
NDUFA9 (4704),NDUFA9,4704
CLSTN3 (9746),CLSTN3,9746
KLRG1 (10219),KLRG1,10219
VAMP1 (6843),VAMP1,6843
TAPBPL (55080),TAPBPL,55080
CD27 (939),CD27,939
RBP5 (83758),RBP5,83758
PEX5 (5830),PEX5,5830
PIANP (196500),PIANP,196500
SLC38A4 (55089),SLC38A4,55089
AMIGO2 (347902),AMIGO2,347902
SCAF11 (9169),SCAF11,9169
COL2A1 (1280),COL2A1,1280
PPFIA2 (8499),PPFIA2,8499
LLPH (84298),LLPH,84298
LRIG3 (121227),LRIG3,121227
MARCHF9 (92979),MARCHF9,92979
INHBE (83729),INHBE,83729
GLIPR1 (11010),GLIPR1,11010
PHLDA1 (22822),PHLDA1,22822
TMEM19 (55266),TMEM19,55266
LGR5 (8549),LGR5,8549
PTPRQ (374462),PTPRQ,374462
DUSP6 (1848),DUSP6,1848
POC1B (282809),POC1B,282809
TMTC3 (160418),TMTC3,160418
LUM (4060),LUM,4060
SNRPF (6636),SNRPF,6636
AMDHD1 (144193),AMDHD1,144193
NEDD1 (121441),NEDD1,121441
SYCP3 (50511),SYCP3,50511
ASCL1 (429),ASCL1,429
GAS2L3 (283431),GAS2L3,283431
TMEM132B (114795),TMEM132B,114795
SLC15A4 (121260),SLC15A4,121260
TDG (6996),TDG,6996
RITA1 (84934),RITA1,84934
SDSL (113675),SDSL,113675
MMAB (326625),MMAB,326625
GLTP (51228),GLTP,51228
GIT2 (9815),GIT2,9815
TCHP (84260),TCHP,84260
FAM222A (84915),FAM222A,84915
FOXN4 (121643),FOXN4,121643
NUP58 (9818),NUP58,9818
MTMR6 (9107),MTMR6,9107
SLC46A3 (283537),SLC46A3,283537
SLC7A1 (6541),SLC7A1,6541
PDX1 (3651),PDX1,3651
LNX2 (222484),LNX2,222484
SUOX (6821),SUOX,6821
CCDC65 (85478),CCDC65,85478
SLC39A5 (283375),SLC39A5,283375
TARBP2 (6895),TARBP2,6895
RDH16 (8608),RDH16,8608
ACVRL1 (94),ACVRL1,94
NPFF (8620),NPFF,8620
NABP2 (79035),NABP2,79035
N4BP2L1 (90634),N4BP2L1,90634
SMARCC2 (6601),SMARCC2,6601
BRCA2 (675),BRCA2,675
KANSL2 (54934),KANSL2,54934
CERS5 (91012),CERS5,91012
MAP3K12 (7786),MAP3K12,7786
ITGB7 (3695),ITGB7,3695
GALNT6 (11226),GALNT6,11226
CSAD (51380),CSAD,51380
LMBR1L (55716),LMBR1L,55716
MYG1 (60314),MYG1,60314
ESYT1 (23344),ESYT1,23344
TMBIM6 (7009),TMBIM6,7009
ANKRD52 (283373),ANKRD52,283373
ZNF740 (283337),ZNF740,283337
WDFY2 (115825),WDFY2,115825
LPAR6 (10161),LPAR6,10161
ESD (2098),ESD,2098
RB1 (5925),RB1,5925
SBNO1 (55206),SBNO1,55206
MORN3 (283385),MORN3,283385
SETD1B (23067),SETD1B,23067
VPS33A (65082),VPS33A,65082
VPS37B (79720),VPS37B,79720
RHOF (54509),RHOF,54509
DENR (8562),DENR,8562
DIAPH3 (81624),DIAPH3,81624
SLAIN1 (122060),SLAIN1,122060
RBM26 (64062),RBM26,64062
MBNL2 (10150),MBNL2,10150
RNF113B (140432),RNF113B,140432
ZIC5 (85416),ZIC5,85416
ABHD13 (84945),ABHD13,84945
RAB20 (55647),RAB20,55647
GRTP1 (79774),GRTP1,79774
CUL4A (8451),CUL4A,8451
TTC6 (319089),TTC6,319089
SSTR1 (6751),SSTR1,6751
CDH24 (64403),CDH24,64403
REM2 (161253),REM2,161253
CBLN3 (643866),CBLN3,643866
TSSK4 (283629),TSSK4,283629
NOVA1 (4857),NOVA1,4857
FITM1 (161247),FITM1,161247
MDGA2 (161357),MDGA2,161357
TMX1 (81542),TMX1,81542
FRMD6 (122786),FRMD6,122786
PELI2 (57161),PELI2,57161
RTN1 (6252),RTN1,6252
ARMH4 (145407),ARMH4,145407
SYT16 (83851),SYT16,83851
SLC38A6 (145389),SLC38A6,145389
NAA30 (122830),NAA30,122830
ADAM21 (8747),ADAM21,8747
RDH12 (145226),RDH12,145226
DCAF5 (8816),DCAF5,8816
RAB15 (376267),RAB15,376267
WDR89 (112840),WDR89,112840
ESR2 (2100),ESR2,2100
KCNH5 (27133),KCNH5,27133
STON2 (85439),STON2,85439
EFCAB11 (90141),EFCAB11,90141
PTGR2 (145482),PTGR2,145482
JDP2 (122953),JDP2,122953
AK7 (122481),AK7,122481
SLC24A4 (123041),SLC24A4,123041
FBLN5 (10516),FBLN5,10516
CLBA1 (122616),CLBA1,122616
WARS1 (7453),WARS1,7453
WDR20 (91833),WDR20,91833
NIPA2 (81614),NIPA2,81614
SLC12A6 (9990),SLC12A6,9990
MFAP1 (4236),MFAP1,4236
TCF12 (6938),TCF12,6938
SORD (6652),SORD,6652
SERF2 (10169),SERF2,10169
ZSCAN29 (146050),ZSCAN29,146050
DUOX2 (50506),DUOX2,50506
LYSMD2 (256586),LYSMD2,256586
SLC27A2 (11001),SLC27A2,11001
FGF7 (2252),FGF7,2252
HDC (3067),HDC,3067
GCNT3 (9245),GCNT3,9245
BNIP2 (663),BNIP2,663
GTF2A2 (2958),GTF2A2,2958
SRP14 (6727),SRP14,6727
BAHD1 (22893),BAHD1,22893
DISP2 (85455),DISP2,85455
CDAN1 (146059),CDAN1,146059
TLE3 (7090),TLE3,7090
ANP32A (8125),ANP32A,8125
COMMD4 (54939),COMMD4,54939
UBE2Q2 (92912),UBE2Q2,92912
ETFA (2108),ETFA,2108
BCL2A1 (597),BCL2A1,597
HMG20A (10363),HMG20A,10363
SCAPER (49855),SCAPER,49855
TSPAN3 (10099),TSPAN3,10099
SKIC8 (80349),SKIC8,80349
NCOA2 (10499),NCOA2,10499
NEIL1 (79661),NEIL1,79661
MAN2C1 (4123),MAN2C1,4123
DNAJA4 (55466),DNAJA4,55466
TLNRD1 (59274),TLNRD1,59274
TPM1 (7168),TPM1,7168
IGF1R (3480),IGF1R,3480
ARRDC4 (91947),ARRDC4,91947
PIF1 (80119),PIF1,80119
USP3 (9960),USP3,9960
CYP11A1 (1583),CYP11A1,1583
BBS4 (585),BBS4,585
PML (5371),PML,5371
CYP1A1 (1543),CYP1A1,1543
ADAMTS17 (170691),ADAMTS17,170691
LINS1 (55180),LINS1,55180
ULK3 (25989),ULK3,25989
PCSK6 (5046),PCSK6,5046
CCDC33 (80125),CCDC33,80125
SCAMP2 (10066),SCAMP2,10066
HAPLN3 (145864),HAPLN3,145864
RHCG (51458),RHCG,51458
POLG (5428),POLG,5428
FANCI (55215),FANCI,55215
ABHD2 (11057),ABHD2,11057
WDR93 (56964),WDR93,56964
TICRR (90381),TICRR,90381
NTRK3 (4916),NTRK3,4916
DET1 (55070),DET1,55070
MFGE8 (4240),MFGE8,4240
ZNF710 (374655),ZNF710,374655
UNC45A (55898),UNC45A,55898
ST8SIA2 (8128),ST8SIA2,8128
MCTP2 (55784),MCTP2,55784
FURIN (5045),FURIN,5045
IQGAP1 (8826),IQGAP1,8826
CRTC3 (64784),CRTC3,64784
EFL1 (79631),EFL1,79631
SH3GL3 (6457),SH3GL3,6457
SEC11A (23478),SEC11A,23478
SEPTIN12 (124404),SEPTIN12,124404
GLYR1 (84656),GLYR1,84656
PMM2 (5373),PMM2,5373
SLC5A2 (6524),SLC5A2,6524
ITGAX (3687),ITGAX,3687
TGFB1I1 (7041),TGFB1I1,7041
RUSF1 (64755),RUSF1,64755
ARMC5 (79798),ARMC5,79798
PARN (5073),PARN,5073
FTO (79068),FTO,79068
UQCRC2 (7385),UQCRC2,7385
CDR2 (1039),CDR2,1039
IGSF6 (10261),IGSF6,10261
ARHGAP17 (55114),ARHGAP17,55114
MYLK3 (91807),MYLK3,91807
ABCC12 (94160),ABCC12,94160
NKD1 (85407),NKD1,85407
DHX38 (9785),DHX38,9785
TXNL4B (54957),TXNL4B,54957
MARVELD3 (91862),MARVELD3,91862
CHST4 (10164),CHST4,10164
ZFHX3 (463),ZFHX3,463
CLEC18B (497190),CLEC18B,497190
CPNE2 (221184),CPNE2,221184
NLRC5 (84166),NLRC5,84166
KATNB1 (10300),KATNB1,10300
KIFC3 (3801),KIFC3,3801
ADAMTS18 (170692),ADAMTS18,170692
NUDT7 (283927),NUDT7,283927
GCSH (2653),GCSH,2653
CMTM3 (123920),CMTM3,123920
CMTM2 (146225),CMTM2,146225
CDH11 (1009),CDH11,1009
NOL3 (8996),NOL3,8996
MAP1LC3B (81631),MAP1LC3B,81631
MBTPS1 (8720),MBTPS1,8720
CDH13 (1012),CDH13,1012
ZCCHC14 (23174),ZCCHC14,23174
MEAK7 (57707),MEAK7,57707
OSGIN1 (29948),OSGIN1,29948
IRF8 (3394),IRF8,3394
RHOT2 (89941),RHOT2,89941
RPL3L (6123),RPL3L,6123
ZSCAN32 (54925),ZSCAN32,54925
RPS2 (6187),RPS2,6187
NDUFB10 (4716),NDUFB10,4716
PDPK1 (5170),PDPK1,5170
TIGD7 (91151),TIGD7,91151
DEF8 (54849),DEF8,54849
TCF25 (22980),TCF25,22980
GALNS (2588),GALNS,2588
GAS8 (2622),GAS8,2622
MED9 (55090),MED9,55090
NCOR1 (9611),NCOR1,9611
COPS3 (8533),COPS3,8533
GID4 (79018),GID4,79018
ZNF287 (57336),ZNF287,57336
MYOCD (93649),MYOCD,93649
KSR1 (8844),KSR1,8844
UTP4 (84916),UTP4,84916
RANBP10 (57610),RANBP10,57610
GFOD2 (81577),GFOD2,81577
NOB1 (28987),NOB1,28987
PRPSAP2 (5636),PRPSAP2,5636
PCTP (58488),PCTP,58488
TOM1L1 (10040),TOM1L1,10040
MTNAP1 (55028),MTNAP1,55028
TOB1 (10140),TOB1,10140
VPS53 (55275),VPS53,55275
SGSM2 (9905),SGSM2,9905
NPEPPS (9520),NPEPPS,9520
SKAP1 (8631),SKAP1,8631
LRRC46 (90506),LRRC46,90506
SCRN2 (90507),SCRN2,90507
SSH2 (85464),SSH2,85464
RHBDL3 (162494),RHBDL3,162494
ARSG (22901),ARSG,22901
ABCA8 (10351),ABCA8,10351
G6PC3 (92579),G6PC3,92579
CLTC (1213),CLTC,1213
BCAS3 (54828),BCAS3,54828
PTRH2 (51651),PTRH2,51651
SS18 (6760),SS18,6760
TAF4B (6875),TAF4B,6875
AFG3L2 (10939),AFG3L2,10939
PRELID3A (10650),PRELID3A,10650
IMPA2 (3613),IMPA2,3613
GNAL (2774),GNAL,2774
SLC39A6 (25800),SLC39A6,25800
RPRD1A (55197),RPRD1A,55197
RMP24 (83608),RMP24,83608
GALNT1 (2589),GALNT1,2589
ADCYAP1 (116),ADCYAP1,116
MEP1B (4225),MEP1B,4225
GAREM1 (64762),GAREM1,64762
ESCO1 (114799),ESCO1,114799
OSBPL1A (114876),OSBPL1A,114876
GATA6 (2627),GATA6,2627
GREB1L (80000),GREB1L,80000
RMC1 (29919),RMC1,29919
PELP1 (27043),PELP1,27043
NPC1 (4864),NPC1,4864
SLC14A1 (6563),SLC14A1,6563
ARRB2 (409),ARRB2,409
SLC13A5 (284111),SLC13A5,284111
ZMYND15 (84225),ZMYND15,84225
WRAP53 (55135),WRAP53,55135
MINK1 (50488),MINK1,50488
SAT2 (112483),SAT2,112483
ASGR1 (432),ASGR1,432
PIK3R5 (23533),PIK3R5,23533
TP53 (7157),TP53,7157
CCDC40 (55036),CCDC40,55036
ARHGDIA (396),ARHGDIA,396
TMC6 (11322),TMC6,11322
SLC16A3 (9123),SLC16A3,9123
CARD14 (79092),CARD14,79092
TTYH2 (94015),TTYH2,94015
RAB40B (10966),RAB40B,10966
EIF4A3 (9775),EIF4A3,9775
CSNK1D (1453),CSNK1D,1453
ANAPC11 (51529),ANAPC11,51529
TBCD (6904),TBCD,6904
FN3KRP (79672),FN3KRP,79672
NARF (26502),NARF,26502
RPTOR (57521),RPTOR,57521
FOXK2 (3607),FOXK2,3607
TRIM65 (201292),TRIM65,201292
CBX8 (57332),CBX8,57332
SECTM1 (6398),SECTM1,6398
RNF157 (114804),RNF157,114804
CEP131 (22994),CEP131,22994
ZNF750 (79755),ZNF750,79755
WDR45B (56270),WDR45B,56270
CBX4 (8535),CBX4,8535
ARK2C (494470),ARK2C,494470
DYM (54808),DYM,54808
MAPK4 (5596),MAPK4,5596
ELAC1 (55520),ELAC1,55520
MBD1 (4152),MBD1,4152
SMAD4 (4089),SMAD4,4089
TNFRSF11A (8792),TNFRSF11A,8792
ZCCHC2 (54877),ZCCHC2,54877
FBXO15 (201456),FBXO15,201456
CBLN2 (147381),CBLN2,147381
PMAIP1 (5366),PMAIP1,5366
P3H4 (10609),P3H4,10609
NT5C3B (115024),NT5C3B,115024
RETREG3 (162427),RETREG3,162427
ERBB2 (2064),ERBB2,2064
GRB7 (2886),GRB7,2886
MIEN1 (84299),MIEN1,84299
PNMT (5409),PNMT,5409
STAC2 (342667),STAC2,342667
IGFBP4 (3487),IGFBP4,3487
FKBP10 (60681),FKBP10,60681
TXNL4A (10907),TXNL4A,10907
CACNA1A (773),CACNA1A,773
MISP3 (113230),MISP3,113230
SAMD1 (90378),SAMD1,90378
BRD4 (23476),BRD4,23476
SLC39A3 (29985),SLC39A3,29985
NFIC (4782),NFIC,4782
TPGS1 (91978),TPGS1,91978
PLPP2 (8612),PLPP2,8612
PRDM15 (63977),PRDM15,63977
PFKL (5211),PFKL,5211
FEM1A (55527),FEM1A,55527
VAV1 (7409),VAV1,7409
MVB12A (93343),MVB12A,93343
CIB3 (117286),CIB3,117286
SH3GL1 (6455),SH3GL1,6455
DUS3L (56931),DUS3L,56931
DPP9 (91039),DPP9,91039
CCDC97 (90324),CCDC97,90324
TMEM91 (641649),TMEM91,641649
ZFP14 (57677),ZFP14,57677
SIRT3 (23410),SIRT3,23410
IFITM3 (10410),IFITM3,10410
PGGHG (80162),PGGHG,80162
HUNK (30811),HUNK,30811
COL6A1 (1291),COL6A1,1291
IFNAR1 (3454),IFNAR1,3454
SOD1 (6647),SOD1,6647
COL6A2 (1292),COL6A2,1292
SIK1 (150094),SIK1,150094
TRPM2 (7226),TRPM2,7226
SCYL1 (57410),SCYL1,57410
TMEM50B (757),TMEM50B,757
APP (351),APP,351
DOP1B (9980),DOP1B,9980
URB1 (9875),URB1,9875
AKT1 (207),AKT1,207
IL19 (29949),IL19,29949
EMP3 (2014),EMP3,2014
SAE1 (10055),SAE1,10055
NTN5 (126147),NTN5,126147
LMTK3 (114783),LMTK3,114783
GEMIN7 (79760),GEMIN7,79760
CBLC (23624),CBLC,23624
WTIP (126374),WTIP,126374
ADAMTS10 (81794),ADAMTS10,81794
SLC6A3 (6531),SLC6A3,6531
RNPEPL1 (57140),RNPEPL1,57140
CAPN10 (11132),CAPN10,11132
MYO1F (4542),MYO1F,4542
NLRP12 (91662),NLRP12,91662
CACNG8 (59283),CACNG8,59283
ZNF787 (126208),ZNF787,126208
TIMM29 (90580),TIMM29,90580
FBN3 (84467),FBN3,84467
CARM1 (10498),CARM1,10498
EVI5L (115704),EVI5L,115704
SLC47A1 (55244),SLC47A1,55244
PSMB6 (5694),PSMB6,5694
SIGLEC10 (89790),SIGLEC10,89790
ACP4 (93650),ACP4,93650
KLK3 (354),KLK3,354
ZNF473 (25888),ZNF473,25888
GARIN5A (112703),GARIN5A,112703
RPS11 (6205),RPS11,6205
RPL13A (23521),RPL13A,23521
CTU1 (90353),CTU1,90353
NOSIP (51070),NOSIP,51070
IGLON5 (402665),IGLON5,402665
RCN3 (57333),RCN3,57333
ZNF614 (80110),ZNF614,80110
SLC2A5 (6518),SLC2A5,6518
RERE (473),RERE,473
MMEL1 (79258),MMEL1,79258
CFAP74 (85452),CFAP74,85452
PRDM16 (63976),PRDM16,63976
PADI3 (51702),PADI3,51702
FHAD1 (114827),FHAD1,114827
PADI1 (29943),PADI1,29943
EPHA2 (1969),EPHA2,1969
ARHGEF19 (128272),ARHGEF19,128272
EFHD2 (79180),EFHD2,79180
PEX14 (5195),PEX14,5195
PGD (5226),PGD,5226
MYOM3 (127294),MYOM3,127294
SH3BGRL3 (83442),SH3BGRL3,83442
CNKSR1 (10256),CNKSR1,10256
RPL11 (6135),RPL11,6135
IL22RA1 (58985),IL22RA1,58985
C1orf216 (127703),C1orf216,127703
KIAA0319L (79932),KIAA0319L,79932
PLK4 (10733),PLK4,10733
MAP3K6 (9064),MAP3K6,9064
FCN3 (8547),FCN3,8547
GPN2 (54707),GPN2,54707
SYTL1 (84958),SYTL1,84958
WDTC1 (23038),WDTC1,23038
NBPF3 (84224),NBPF3,84224
HSPG2 (3339),HSPG2,3339
ITGB3BP (23421),ITGB3BP,23421
SERBP1 (26135),SERBP1,26135
BCL10 (8915),BCL10,8915
CCN1 (3491),CCN1,3491
PRKACB (5567),PRKACB,5567
PIGK (10026),PIGK,10026
TINAGL1 (64129),TINAGL1,64129
AZIN2 (113451),AZIN2,113451
RPS8 (6202),RPS8,6202
KIF2C (11004),KIF2C,11004
PTPRF (5792),PTPRF,5792
BEST4 (266675),BEST4,266675
MOB3C (148932),MOB3C,148932
CYP4B1 (1580),CYP4B1,1580
TMEM61 (199964),TMEM61,199964
LMO4 (8543),LMO4,8543
SYPL2 (284612),SYPL2,284612
MTF2 (22823),MTF2,22823
SLC44A3 (126969),SLC44A3,126969
IGSF3 (3321),IGSF3,3321
ZNF697 (90874),ZNF697,90874
CTTNBP2NL (55917),CTTNBP2NL,55917
STRIP1 (85369),STRIP1,85369
PSMA5 (5686),PSMA5,5686
FNDC7 (163479),FNDC7,163479
C1orf162 (128346),C1orf162,128346
CD53 (963),CD53,963
CELSR2 (1952),CELSR2,1952
ITGA10 (8515),ITGA10,8515
GPR161 (23432),GPR161,23432
ALDH9A1 (223),ALDH9A1,223
ATP1B1 (481),ATP1B1,481
TIPRL (261726),TIPRL,261726
NME7 (29922),NME7,29922
POGK (57645),POGK,57645
MPC2 (25874),MPC2,25874
CREG1 (8804),CREG1,8804
DCAF6 (55827),DCAF6,55827
GPA33 (10223),GPA33,10223
RXRG (6258),RXRG,6258
TBX19 (9095),TBX19,9095
UCK2 (7371),UCK2,7371
TMCO1 (54499),TMCO1,54499
POU2F1 (5451),POU2F1,5451
ILDR2 (387597),ILDR2,387597
MGST3 (4259),MGST3,4259
ADCY10 (55811),ADCY10,55811
COP1 (64326),COP1,64326
NECTIN4 (81607),NECTIN4,81607
UFC1 (51506),UFC1,51506
PPOX (5498),PPOX,5498
FCGR2A (2212),FCGR2A,2212
NUF2 (83540),NUF2,83540
RGS5 (8490),RGS5,8490
SDHC (6391),SDHC,6391
PFDN2 (5202),PFDN2,5202
NR1I3 (9970),NR1I3,9970
USP21 (27005),USP21,27005
F13B (2165),F13B,2165
PRCC (5546),PRCC,5546
METTL25B (51093),METTL25B,51093
MRPL24 (79590),MRPL24,79590
PIGM (93183),PIGM,93183
CASQ1 (844),CASQ1,844
ISG20L2 (81875),ISG20L2,81875
CRABP2 (1382),CRABP2,1382
HDGF (3068),HDGF,3068
ABL2 (27),ABL2,27
XPR1 (9213),XPR1,9213
RGS16 (6004),RGS16,6004
TOR1AIP1 (26092),TOR1AIP1,26092
HMCN1 (83872),HMCN1,83872
RGL1 (23179),RGL1,23179
LYPLAL1 (127018),LYPLAL1,127018
LHX9 (56956),LHX9,56956
PRUNE1 (58497),PRUNE1,58497
RORC (6097),RORC,6097
TUFT1 (7286),TUFT1,7286
SF3B4 (10262),SF3B4,10262
ECM1 (1893),ECM1,1893
ZNF687 (57592),ZNF687,57592
TARS2 (80222),TARS2,80222
CGN (57530),CGN,57530
SNX27 (81609),SNX27,81609
SETDB1 (9869),SETDB1,9869
ADAMTSL4 (54507),ADAMTSL4,54507
MCL1 (4170),MCL1,4170
CTSK (1513),CTSK,1513
RFX5 (5993),RFX5,5993
PI4KB (5298),PI4KB,5298
PIP5K1A (8394),PIP5K1A,8394
ANP32E (81611),ANP32E,81611
MINDY1 (55793),MINDY1,55793
ANXA9 (8416),ANXA9,8416
SELENBP1 (8991),SELENBP1,8991
CERS2 (29956),CERS2,29956
ENSA (2029),ENSA,2029
SEMA6C (10500),SEMA6C,10500
MRPL9 (65005),MRPL9,65005
ARNT (405),ARNT,405
POGZ (23126),POGZ,23126
C1orf56 (54964),C1orf56,54964
OAZ3 (51686),OAZ3,51686
HORMAD1 (84072),HORMAD1,84072
GOLPH3L (55204),GOLPH3L,55204
GABPB2 (126626),GABPB2,126626
SYT14 (255928),SYT14,255928
KCNH1 (3756),KCNH1,3756
DTL (51514),DTL,51514
DYRK3 (8444),DYRK3,8444
EIF2D (1939),EIF2D,1939
INTS7 (25896),INTS7,25896
VASH2 (79805),VASH2,79805
TAF1A (9015),TAF1A,9015
SMYD2 (56950),SMYD2,56950
SUSD4 (55061),SUSD4,55061
DUSP10 (11221),DUSP10,11221
HHIPL2 (79802),HHIPL2,79802
TP53BP2 (7159),TP53BP2,7159
ATP8B2 (57198),ATP8B2,57198
FLG2 (388698),FLG2,388698
ADAM15 (8751),ADAM15,8751
JTB (10899),JTB,10899
RAB13 (5872),RAB13,5872
S100A8 (6279),S100A8,6279
TPM3 (7170),TPM3,7170
NUP210L (91181),NUP210L,91181
SNAPIN (23557),SNAPIN,23557
SLC27A3 (11000),SLC27A3,11000
S100A7 (6278),S100A7,6278
UBAP2L (9898),UBAP2L,9898
SLC39A1 (27173),SLC39A1,27173
HAX1 (10456),HAX1,10456
CREB3L4 (148327),CREB3L4,148327
EFNA3 (1944),EFNA3,1944
KCNN3 (3782),KCNN3,3782
C1orf43 (25912),C1orf43,25912
GATAD2B (57459),GATAD2B,57459
ILF2 (3608),ILF2,3608
RIT1 (6016),RIT1,6016
INTS3 (65123),INTS3,65123
HCN3 (57657),HCN3,57657
FLG (2312),FLG,2312
ACTA1 (58),ACTA1,58
FSAF1 (128061),FSAF1,128061
GALNT2 (2590),GALNT2,2590
TTC13 (79573),TTC13,79573
SCCPDH (51097),SCCPDH,51097
LYST (1130),LYST,1130
MAP3K21 (84451),MAP3K21,84451
CEP170 (9859),CEP170,9859
ACP1 (52),ACP1,52
SNAP47 (116841),SNAP47,116841
SRP9 (6726),SRP9,6726
NVL (4931),NVL,4931
SDE2 (163859),SDE2,163859
DEGS1 (8560),DEGS1,8560
FBXO28 (23219),FBXO28,23219
ARF1 (375),ARF1,375
CNIH4 (29097),CNIH4,29097
ITPKB (3707),ITPKB,3707
GUK1 (2987),GUK1,2987
CDC42BPA (8476),CDC42BPA,8476
CNIH3 (149111),CNIH3,149111
C1orf35 (79169),C1orf35,79169
MBOAT2 (129642),MBOAT2,129642
PARP1 (142),PARP1,142
PSEN2 (5664),PSEN2,5664
PYCR2 (29920),PYCR2,29920
LBR (3930),LBR,3930
WNT9A (7483),WNT9A,7483
EPHX1 (2052),EPHX1,2052
REN (5972),REN,5972
SOX13 (9580),SOX13,9580
ETNK2 (55224),ETNK2,55224
PPFIA4 (8497),PPFIA4,8497
PLEKHA6 (22874),PLEKHA6,22874
PTPN7 (5778),PTPN7,5778
SYT2 (127833),SYT2,127833
ARL8A (127829),ARL8A,127829
OSR1 (130497),OSR1,130497
GDF7 (151449),GDF7,151449
PDIA6 (10130),PDIA6,10130
RHOB (388),RHOB,388
ATP6V1C2 (245973),ATP6V1C2,245973
HNRNPLL (92906),HNRNPLL,92906
GALM (130589),GALM,130589
CAMKMT (79823),CAMKMT,79823
ABCG8 (64241),ABCG8,64241
EML4 (27436),EML4,27436
CALM2 (805),CALM2,805
CHAC2 (494143),CHAC2,494143
RPS27A (6233),RPS27A,6233
WDPCP (51057),WDPCP,51057
VPS54 (51542),VPS54,51542
ASXL2 (55252),ASXL2,55252
ETAA1 (54465),ETAA1,54465
SNRPG (6637),SNRPG,6637
ABHD1 (84696),ABHD1,84696
MEIS1 (4211),MEIS1,4211
CIAO1 (9391),CIAO1,9391
ZNF514 (84874),ZNF514,84874
SNRNP200 (23020),SNRNP200,23020
MRPS5 (64969),MRPS5,64969
ANKRD53 (79998),ANKRD53,79998
TPRKB (51002),TPRKB,51002
EXOC6B (23233),EXOC6B,23233
SFXN5 (94097),SFXN5,94097
TEX261 (113419),TEX261,113419
DQX1 (165545),DQX1,165545
DUSP11 (8446),DUSP11,8446
ST6GAL2 (84620),ST6GAL2,84620
NPHP1 (4867),NPHP1,4867
MALL (7851),MALL,7851
THNSL2 (55258),THNSL2,55258
RALB (5899),RALB,5899
C1QL2 (165257),C1QL2,165257
TMEM177 (80775),TMEM177,80775
NT5DC4 (284958),NT5DC4,284958
RABL2A (11159),RABL2A,11159
SLC20A1 (6574),SLC20A1,6574
FBLN7 (129804),FBLN7,129804
ZC3H8 (84524),ZC3H8,84524
LIPT1 (51601),LIPT1,51601
FAHD2B (151313),FAHD2B,151313
LYG1 (129530),LYG1,129530
AFF3 (3899),AFF3,3899
UBXN4 (23190),UBXN4,23190
NXPH2 (11249),NXPH2,11249
SPOPL (339745),SPOPL,339745
THSD7B (80731),THSD7B,80731
GPR17 (2840),GPR17,2840
POLR2D (5433),POLR2D,5433
AMMECR1L (83607),AMMECR1L,83607
GALNT13 (114805),GALNT13,114805
PKP4 (8502),PKP4,8502
SCN1A (6323),SCN1A,6323
SLC4A10 (57282),SLC4A10,57282
SCRN3 (79634),SCRN3,79634
LNPK (80856),LNPK,80856
ZNF385B (151126),ZNF385B,151126
TMEFF2 (23671),TMEFF2,23671
CDCA7 (83879),CDCA7,83879
DLX1 (1745),DLX1,1745
UBR3 (130507),UBR3,130507
PHOSPHO2 (493911),PHOSPHO2,493911
GULP1 (51454),GULP1,51454
FAM171B (165215),FAM171B,165215
HSPD1 (3329),HSPD1,3329
CCDC150 (284992),CCDC150,284992
METTL21A (151194),METTL21A,151194
UNC80 (285175),UNC80,285175
PTH2R (5746),PTH2R,5746
CPO (130749),CPO,130749
NBEAL1 (65065),NBEAL1,65065
KANSL1L (151050),KANSL1L,151050
SPAG16 (79582),SPAG16,79582
ABCA12 (26154),ABCA12,26154
SUMF1 (285362),SUMF1,285362
RHBDD1 (84236),RHBDD1,84236
ACKR3 (57007),ACKR3,57007
TRPM8 (79054),TRPM8,79054
HES6 (55502),HES6,55502
ESPNL (339768),ESPNL,339768
ANKMY1 (51281),ANKMY1,51281
COPS7B (64708),COPS7B,64708
DIS3L2 (129563),DIS3L2,129563
FANCD2 (2177),FANCD2,2177
TAMM41 (132001),TAMM41,132001
VGLL4 (9686),VGLL4,9686
RAB5A (5868),RAB5A,5868
RETREG2 (79137),RETREG2,79137
CTDSP1 (58190),CTDSP1,58190
CNOT9 (9125),CNOT9,9125
MARCHF4 (57574),MARCHF4,57574
STK11IP (114790),STK11IP,114790
GMPPA (29926),GMPPA,29926
GRIP2 (80852),GRIP2,80852
EAF1 (85403),EAF1,85403
CNTN4 (152330),CNTN4,152330
DYNC1LI1 (51143),DYNC1LI1,51143
RBMS3 (27303),RBMS3,27303
OSBPL10 (114884),OSBPL10,114884
POMGNT2 (84892),POMGNT2,84892
ACKR2 (1238),ACKR2,1238
GASK1A (729085),GASK1A,729085
CSRNP1 (64651),CSRNP1,64651
SLC25A38 (54977),SLC25A38,54977
ITGA9 (3680),ITGA9,3680
SLC22A14 (9389),SLC22A14,9389
GOLGA4 (2803),GOLGA4,2803
CTDSPL (10217),CTDSPL,10217
STAC (6769),STAC,6769
IQSEC1 (9922),IQSEC1,9922
CAND2 (23066),CAND2,23066
RPL32 (6161),RPL32,6161
PTPRG (5793),PTPRG,5793
IL17RD (54756),IL17RD,54756
SHQ1 (55164),SHQ1,55164
SLC25A26 (115286),SLC25A26,115286
UBA3 (9039),UBA3,9039
ARL6IP5 (10550),ARL6IP5,10550
TMF1 (7110),TMF1,7110
LRIG1 (26018),LRIG1,26018
LIMD1 (8994),LIMD1,8994
ZNF660 (285349),ZNF660,285349
NFKBIZ (64332),NFKBIZ,64332
COL8A1 (1295),COL8A1,1295
NXPE3 (91775),NXPE3,91775
MYH15 (22989),MYH15,22989
PHLDB2 (90102),PHLDB2,90102
ABHD10 (55347),ABHD10,55347
RABL3 (285282),RABL3,285282
ADPRH (141),ADPRH,141
IGSF11 (152404),IGSF11,152404
ATG3 (64422),ATG3,64422
BOC (91653),BOC,91653
SRPRB (58477),SRPRB,58477
TMEM108 (66000),TMEM108,66000
AGTR1 (185),AGTR1,185
MED12L (116931),MED12L,116931
EIF2A (83939),EIF2A,83939
ALDH1L1 (10840),ALDH1L1,10840
OSBPL11 (114885),OSBPL11,114885
TRPC1 (7220),TRPC1,7220
NCEH1 (57552),NCEH1,57552
FAM86B2 (653333),FAM86B2,653333
LPP (4026),LPP,4026
TMEM44 (93109),TMEM44,93109
RUBCN (9711),RUBCN,9711
AMT (275),AMT,275
TCTA (6988),TCTA,6988
UCN2 (90226),UCN2,90226
DCAF1 (9730),DCAF1,9730
MANF (7873),MANF,7873
STXBP5L (9515),STXBP5L,9515
EAF2 (55840),EAF2,55840
ILDR1 (286676),ILDR1,286676
TM4SF19 (116211),TM4SF19,116211
MUC4 (4585),MUC4,4585
SLIT2 (9353),SLIT2,9353
EIF2B5 (8893),EIF2B5,8893
AHSG (197),AHSG,197
VWA5B2 (90113),VWA5B2,90113
DGKQ (1609),DGKQ,1609
FIP1L1 (81608),FIP1L1,81608
SLC26A1 (10861),SLC26A1,10861
LYAR (55646),LYAR,55646
CENPC (1060),CENPC,1060
EPHA5 (2044),EPHA5,2044
CORIN (10699),CORIN,10699
ATP10D (57205),ATP10D,57205
OCIAD2 (132299),OCIAD2,132299
SLC10A4 (201780),SLC10A4,201780
SLC10A6 (345274),SLC10A6,345274
SCD5 (79966),SCD5,79966
PLAC8 (51316),PLAC8,51316
ENOPH1 (58478),ENOPH1,58478
TRMT10A (93587),TRMT10A,93587
KLHL8 (57563),KLHL8,57563
SNCA (6622),SNCA,6622
TBCK (93627),TBCK,93627
CAMK2D (817),CAMK2D,817
CISD2 (493856),CISD2,493856
DDIT4L (115265),DDIT4L,115265
ANK2 (287),ANK2,287
TIFA (92610),TIFA,92610
AFG2A (166378),AFG2A,166378
CCNA2 (890),CCNA2,890
METTL14 (57721),METTL14,57721
USP53 (54532),USP53,54532
SETD7 (80854),SETD7,80854
NAF1 (92345),NAF1,92345
MARCHF1 (55016),MARCHF1,55016
SFRP2 (6423),SFRP2,6423
RPS3A (6189),RPS3A,6189
PDGFC (56034),PDGFC,56034
CBR4 (84869),CBR4,84869
CYP4V2 (285440),CYP4V2,285440
ROPN1L (83853),ROPN1L,83853
NDUFS6 (4726),NDUFS6,4726
MARCHF6 (10299),MARCHF6,10299
NKD2 (85409),NKD2,85409
CDH18 (1016),CDH18,1016
ADAMTS16 (170690),ADAMTS16,170690
SRD5A1 (6715),SRD5A1,6715
MYO10 (4651),MYO10,4651
OTULINL (54491),OTULINL,54491
RPL37 (6167),RPL37,6167
SKP2 (6502),SKP2,6502
OSMR (9180),OSMR,9180
PLK2 (10769),PLK2,10769
SHISAL2B (100132916),SHISAL2B,100132916
PIK3R1 (5295),PIK3R1,5295
HAPLN1 (1404),HAPLN1,1404
LHFPL2 (10184),LHFPL2,10184
SSBP2 (23635),SSBP2,23635
ANKRD31 (256006),ANKRD31,256006
IQGAP2 (10788),IQGAP2,10788
CRHBP (1393),CRHBP,1393
RASA1 (5921),RASA1,5921
GIN1 (54826),GIN1,54826
PPIP5K2 (23262),PPIP5K2,23262
PAM (5066),PAM,5066
BDP1 (55814),BDP1,55814
GTF2H2 (2966),GTF2H2,2966
SLC30A5 (64924),SLC30A5,64924
BTF3 (689),BTF3,689
FBXL17 (64839),FBXL17,64839
SPATA9 (83890),SPATA9,83890
TSLP (85480),TSLP,85480
TNFAIP8 (25816),TNFAIP8,25816
FEM1C (56929),FEM1C,56929
COMMD10 (51397),COMMD10,51397
ATG12 (9140),ATG12,9140
MEGF10 (84466),MEGF10,84466
ADAMTS19 (171019),ADAMTS19,171019
YIPF5 (81555),YIPF5,81555
ARHGAP26 (23092),ARHGAP26,23092
CXCL14 (9547),CXCL14,9547
SLC25A48 (153328),SLC25A48,153328
DDX46 (9879),DDX46,9879
RNF145 (153830),RNF145,153830
C1QTNF2 (114898),C1QTNF2,114898
GABRB2 (2561),GABRB2,2561
FBXO38 (81545),FBXO38,81545
PCYOX1L (78991),PCYOX1L,78991
TNIP1 (10318),TNIP1,10318
G3BP1 (10146),G3BP1,10146
ZNF300 (91975),ZNF300,91975
N4BP3 (23138),N4BP3,23138
NHP2 (55651),NHP2,55651
RMND5B (64777),RMND5B,64777
BOD1 (91272),BOD1,91272
CPLX2 (10814),CPLX2,10814
TENM2 (57451),TENM2,57451
KCNMB1 (3779),KCNMB1,3779
FAM50B (26240),FAM50B,26240
MYLK4 (340156),MYLK4,340156
FAM217A (222826),FAM217A,222826
TBC1D7 (51256),TBC1D7,51256
FARS2 (10667),FARS2,10667
GFOD1 (54438),GFOD1,54438
CDKAL1 (54901),CDKAL1,54901
PSD2 (84249),PSD2,84249
LRRTM2 (26045),LRRTM2,26045
ZMAT2 (153527),ZMAT2,153527
GFRA3 (2676),GFRA3,2676
KLHL3 (26249),KLHL3,26249
DCDC2 (51473),DCDC2,51473
TRIM7 (81786),TRIM7,81786
TRIM41 (90933),TRIM41,90933
HIGD2A (192286),HIGD2A,192286
FAM193B (54540),FAM193B,54540
PLA2G7 (7941),PLA2G7,7941
TNFRSF21 (27242),TNFRSF21,27242
RNF44 (22838),RNF44,22838
MMUT (4594),MMUT,4594
RASGEF1C (255426),RASGEF1C,255426
DOK3 (79930),DOK3,79930
ABT1 (29777),ABT1,29777
PPP1R18 (170954),PPP1R18,170954
DAAM2 (23500),DAAM2,23500
PRIM2 (5558),PRIM2,5558
MLIP (90523),MLIP,90523
HMGCLL1 (54511),HMGCLL1,54511
FGD2 (221472),FGD2,221472
SCUBE3 (222663),SCUBE3,222663
ANO7 (50636),ANO7,50636
CRIP3 (401262),CRIP3,401262
TTBK1 (84630),TTBK1,84630
TCTE1 (202500),TCTE1,202500
RPL7L1 (285855),RPL7L1,285855
NFKBIE (4794),NFKBIE,4794
CYP39A1 (51302),CYP39A1,51302
TPBG (7162),TPBG,7162
IRAK1BP1 (134728),IRAK1BP1,134728
PHIP (55023),PHIP,55023
PRSS35 (167681),PRSS35,167681
MMS22L (253714),MMS22L,253714
FAXC (84553),FAXC,84553
PNRC1 (10957),PNRC1,10957
PM20D2 (135293),PM20D2,135293
RARS2 (57038),RARS2,57038
TBC1D32 (221322),TBC1D32,221322
RNF217 (154214),RNF217,154214
RSPO3 (84870),RSPO3,84870
ARHGAP18 (93663),ARHGAP18,93663
ABRACL (58527),ABRACL,58527
SLC18B1 (116843),SLC18B1,116843
MTFR2 (113115),MTFR2,113115
SLC2A12 (154091),SLC2A12,154091
SHPRH (257218),SHPRH,257218
AIG1 (51390),AIG1,51390
DYNLT1 (6993),DYNLT1,6993
TIAM2 (26230),TIAM2,26230
TMEM181 (57583),TMEM181,57583
PNLDC1 (154197),PNLDC1,154197
WTAP (9589),WTAP,9589
ZMYM4 (9202),ZMYM4,9202
ARMT1 (79624),ARMT1,79624
SLC22A3 (6581),SLC22A3,6581
VWDE (221806),VWDE,221806
GNA12 (2768),GNA12,2768
CHLSN (84310),CHLSN,84310
SDK1 (221935),SDK1,221935
CCZ1B (221960),CCZ1B,221960
INTS15 (79034),INTS15,79034
RBAK (57786),RBAK,57786
CREB5 (9586),CREB5,9586
EGFR (1956),EGFR,1956
CDCA5 (113130),CDCA5,113130
IGFBP3 (3486),IGFBP3,3486
PURB (5814),PURB,5814
IGFBP1 (3484),IGFBP1,3484
SSC4D (136853),SSC4D,136853
MDH2 (4191),MDH2,4191
POMZP3 (22932),POMZP3,22932
NIPSNAP2 (2631),NIPSNAP2,2631
CCT6A (908),CCT6A,908
PSPH (5723),PSPH,5723
ZNF92 (168374),ZNF92,168374
ATXN7L1 (222255),ATXN7L1,222255
TMEM168 (64418),TMEM168,64418
TRAPPC14 (55262),TRAPPC14,55262
SLC12A9 (56996),SLC12A9,56996
GIGYF1 (64599),GIGYF1,64599
TRIM4 (89122),TRIM4,89122
MEPCE (56257),MEPCE,56257
ZAN (7455),ZAN,7455
TMEM209 (84928),TMEM209,84928
AGBL3 (340351),AGBL3,340351
ZC3HAV1L (92092),ZC3HAV1L,92092
TMEM140 (55281),TMEM140,55281
TLK2 (11011),TLK2,11011
EPHA1 (2041),EPHA1,2041
NOM1 (64434),NOM1,64434
NCAPG2 (54892),NCAPG2,54892
NLGN4X (57502),NLGN4X,57502
SHROOM2 (357),SHROOM2,357
RAB19 (401409),RAB19,401409
LUC7L2 (51631),LUC7L2,51631
DENND2A (27147),DENND2A,27147
CLTRN (57393),CLTRN,57393
SH3KBP1 (30011),SH3KBP1,30011
TMEM47 (83604),TMEM47,83604
LANCL3 (347404),LANCL3,347404
SYTL5 (94122),SYTL5,94122
CASK (8573),CASK,8573
KDM6A (7403),KDM6A,7403
SPIN2A (54466),SPIN2A,54466
MSN (4478),MSN,4478
CCNB3 (85417),CCNB3,85417
HDAC8 (55869),HDAC8,55869
SLC16A2 (6567),SLC16A2,6567
ZNF157 (7712),ZNF157,7712
ZNF182 (7569),ZNF182,7569
CHST7 (56548),CHST7,56548
KRBOX4 (55634),KRBOX4,55634
NDUFB11 (54539),NDUFB11,54539
ZNF41 (7592),ZNF41,7592
RAB41 (347517),RAB41,347517
ZMYM3 (9203),ZMYM3,9203
TAF1 (6872),TAF1,6872
NONO (4841),NONO,4841
CCDC120 (90060),CCDC120,90060
EBP (10682),EBP,10682
OGT (8473),OGT,8473
SNX12 (29934),SNX12,29934
ITGB1BP2 (26548),ITGB1BP2,26548
GCNA (93953),GCNA,93953
ZNF711 (7552),ZNF711,7552
DIAPH2 (1730),DIAPH2,1730
NXF3 (56000),NXF3,56000
PRPS1 (5631),PRPS1,5631
RADX (55086),RADX,55086
FRMPD3 (84443),FRMPD3,84443
HTR2C (3358),HTR2C,3358
DOCK11 (139818),DOCK11,139818
IGSF1 (3547),IGSF1,3547
GPC3 (2719),GPC3,2719
RBMX (27316),RBMX,27316
MCPH1 (79648),MCPH1,79648
MFHAS1 (9258),MFHAS1,9258
FBXO25 (26260),FBXO25,26260
MAGEA4 (4103),MAGEA4,4103
NSDHL (50814),NSDHL,50814
ZNF185 (7739),ZNF185,7739
CETN2 (1069),CETN2,1069
RPL10 (6134),RPL10,6134
CSGALNACT1 (55790),CSGALNACT1,55790
ATP6V1B2 (526),ATP6V1B2,526
CCDC25 (55246),CCDC25,55246
HMBOX1 (79618),HMBOX1,79618
GNRH1 (2796),GNRH1,2796
BIN3 (55909),BIN3,55909
SLC25A37 (51312),SLC25A37,51312
CHMP7 (91782),CHMP7,91782
DOCK5 (80005),DOCK5,80005
STAR (6770),STAR,6770
PLPBP (11212),PLPBP,11212
ERLIN2 (11160),ERLIN2,11160
PXDNL (137902),PXDNL,137902
ST18 (9705),ST18,9705
RGS20 (8601),RGS20,8601
TACC1 (6867),TACC1,6867
GOLGA7 (51125),GOLGA7,51125
PLPP5 (84513),PLPP5,84513
GINS4 (84296),GINS4,84296
NSD3 (54904),NSD3,54904
CRH (1392),CRH,1392
TRIM55 (84675),TRIM55,84675
ADHFE1 (137872),ADHFE1,137872
MRPS28 (28957),MRPS28,28957
LACTB2 (51110),LACTB2,51110
TERF1 (7013),TERF1,7013
RPL7 (6129),RPL7,6129
SLC26A7 (115111),SLC26A7,115111
ATP6V0D2 (245972),ATP6V0D2,245972
SYBU (55638),SYBU,55638
MTDH (92140),MTDH,92140
LRP12 (29967),LRP12,29967
EBAG9 (9166),EBAG9,9166
RSPO2 (340419),RSPO2,340419
POLR2K (5440),POLR2K,5440
MAL2 (114569),MAL2,114569
EIF3H (8667),EIF3H,8667
UTP23 (84294),UTP23,84294
NDUFB9 (4715),NDUFB9,4715
TATDN1 (83940),TATDN1,83940
FAM83A (84985),FAM83A,84985
GSDMC (56169),GSDMC,56169
FAM135B (51059),FAM135B,51059
ZNF7 (7553),ZNF7,7553
ARHGAP39 (80728),ARHGAP39,80728
SLC39A4 (55630),SLC39A4,55630
NAPRT (93100),NAPRT,93100
VLDLR (7436),VLDLR,7436
AK3 (50808),AK3,50808
UHRF2 (115426),UHRF2,115426
NFIB (4781),NFIB,4781
PLIN2 (123),PLIN2,123
HAUS6 (54801),HAUS6,54801
CDKN2B (1030),CDKN2B,1030
CDKN2A (1029),CDKN2A,1029
C9orf72 (203228),C9orf72,203228
ZCCHC7 (84186),ZCCHC7,84186
FBXO10 (26267),FBXO10,26267
SIGMAR1 (10280),SIGMAR1,10280
ZNG1E (220869),ZNG1E,220869
CEP78 (84131),CEP78,84131
NTRK2 (4915),NTRK2,4915
IDNK (414328),IDNK,414328
SHC3 (53358),SHC3,53358
AUH (549),AUH,549
MFSD14B (84641),MFSD14B,84641
AOPEP (84909),AOPEP,84909
ZNF462 (58499),ZNF462,58499
INIP (58493),INIP,58493
UGCG (7357),UGCG,7357
SNX30 (401548),SNX30,401548
STOM (2040),STOM,2040
GSN (2934),GSN,2934
MRRF (92399),MRRF,92399
NR6A1 (2649),NR6A1,2649
CRB2 (286204),CRB2,286204
ALAD (210),ALAD,210
ASTN2 (23245),ASTN2,23245
WDR31 (114987),WDR31,114987
POLE3 (54107),POLE3,54107
SURF4 (6836),SURF4,6836
GBGT1 (26301),GBGT1,26301
SURF1 (6834),SURF1,6834
SURF2 (6835),SURF2,6835
SURF6 (6838),SURF6,6838
MED22 (6837),MED22,6837
REXO4 (57109),REXO4,57109
RPL7A (6130),RPL7A,6130
GTF3C5 (9328),GTF3C5,9328
ASB6 (140459),ASB6,140459
PTGES2 (80142),PTGES2,80142
NTMT1 (28989),NTMT1,28989
CIZ1 (25792),CIZ1,25792
SLC25A25 (114789),SLC25A25,114789
SH3GLB2 (56904),SH3GLB2,56904
MIGA2 (84895),MIGA2,84895
PTGES (9536),PTGES,9536
LCN2 (3934),LCN2,3934
LRSAM1 (90678),LRSAM1,90678
HMCN2 (256158),HMCN2,256158
GPR107 (57720),GPR107,57720
PAXX (286257),PAXX,286257
INPP5E (56623),INPP5E,56623
SEC16A (9919),SEC16A,9919
DPH7 (92715),DPH7,92715
NOTCH1 (4851),NOTCH1,4851
CACNA1B (774),CACNA1B,774
NACC2 (138151),NACC2,138151
PROSER2 (254427),PROSER2,254427
USP6NL (9712),USP6NL,9712
COMMD3 (23412),COMMD3,23412
MSRB2 (22921),MSRB2,22921
PDSS1 (23590),PDSS1,23590
FAM171A1 (221061),FAM171A1,221061
MINDY3 (80013),MINDY3,80013
TMEM236 (653567),TMEM236,653567
RSU1 (6251),RSU1,6251
ST8SIA6 (338596),ST8SIA6,338596
PARD3 (56288),PARD3,56288
ANKRD30A (91074),ANKRD30A,91074
ZEB1 (6935),ZEB1,6935
FAM13C (220965),FAM13C,220965
NRBF2 (29982),NRBF2,29982
A1CF (29974),A1CF,29974
CDHR1 (92211),CDHR1,92211
POLR3A (11128),POLR3A,11128
HERC4 (26091),HERC4,26091
LRMDA (83938),LRMDA,83938
CAMK2G (818),CAMK2G,818
GLUD1 (2746),GLUD1,2746
ANKRD1 (27063),ANKRD1,27063
HTR7 (3363),HTR7,3363
RPP30 (10556),RPP30,10556
FRA10AC1 (118924),FRA10AC1,118924
ADD3 (120),ADD3,120
VAX1 (11023),VAX1,11023
DNAJB12 (54788),DNAJB12,54788
EIF4EBP2 (1979),EIF4EBP2,1979
PLEKHS1 (79949),PLEKHS1,79949
TCF7L2 (6934),TCF7L2,6934
MKI67 (4288),MKI67,4288
INA (9118),INA,9118
FUOM (282969),FUOM,282969
LRRC27 (80313),LRRC27,80313
MTG1 (92170),MTG1,92170
PAOX (196743),PAOX,196743
GSTO1 (9446),GSTO1,9446
TAF5 (6877),TAF5,6877
PPRC1 (23082),PPRC1,23082
ITPRIP (85450),ITPRIP,85450
CNNM2 (54805),CNNM2,54805
PDCD11 (22984),PDCD11,22984
ADAM12 (8038),ADAM12,8038
RGS10 (6001),RGS10,6001
BTBD10 (84280),BTBD10,84280
ADM (133),ADM,133
GAS2 (2620),GAS2,2620
LIN7C (55327),LIN7C,55327
LRRC4C (57689),LRRC4C,57689
IMMP1L (196294),IMMP1L,196294
PGAP2 (27315),PGAP2,27315
TUT1 (64852),TUT1,64852
SYT8 (90019),SYT8,90019
ZNF214 (7761),ZNF214,7761
ZNF215 (7762),ZNF215,7762
HSD17B12 (51144),HSD17B12,51144
APIP (51074),APIP,51074
PAMR1 (25891),PAMR1,25891
DGKZ (8525),DGKZ,8525
EIF3M (10480),EIF3M,10480
TNKS1BP1 (85456),TNKS1BP1,85456
SERPING1 (710),SERPING1,710
SSRP1 (6749),SSRP1,6749
SLC43A1 (8501),SLC43A1,8501
PTPRJ (5795),PTPRJ,5795
CSTPP1 (79096),CSTPP1,79096
ARFGAP2 (84364),ARFGAP2,84364
CELF1 (10658),CELF1,10658
HIKESHI (51501),HIKESHI,51501
CCDC81 (60494),CCDC81,60494
SESN3 (143686),SESN3,143686
ENDOD1 (23052),ENDOD1,23052
CCDC82 (79780),CCDC82,79780
KLHL35 (283212),KLHL35,283212
TENM4 (26011),TENM4,26011
SERPINH1 (871),SERPINH1,871
CAPN5 (726),CAPN5,726
INTS4 (92105),INTS4,92105
PAK1 (5058),PAK1,5058
RPS3 (6188),RPS3,6188
ZC3H12C (85463),ZC3H12C,85463
TTC12 (54970),TTC12,54970
NCAM1 (4684),NCAM1,4684
DRD2 (1813),DRD2,1813
NPAT (4863),NPAT,4863
ATM (472),ATM,472
AASDHPPT (60496),AASDHPPT,60496
GLB1L2 (89944),GLB1L2,89944
SLX4IP (128710),SLX4IP,128710
LAMTOR1 (55004),LAMTOR1,55004
P4HA3 (283208),P4HA3,283208
GRIK4 (2900),GRIK4,2900
ST14 (6768),ST14,6768
HYOU1 (10525),HYOU1,10525
KAT14 (57325),KAT14,57325
TKFC (26007),TKFC,26007
MTA2 (9219),MTA2,9219
TMEM138 (51524),TMEM138,51524
FADS1 (3992),FADS1,3992
TMC2 (117532),TMC2,117532
ROM1 (6094),ROM1,6094
EML3 (256364),EML3,256364
INCENP (3619),INCENP,3619
ZP1 (22917),ZP1,22917
MS4A3 (932),MS4A3,932
PLCH2 (9651),PLCH2,9651
CPSF7 (79869),CPSF7,79869
B3GAT3 (26229),B3GAT3,26229
EI24 (9538),EI24,9538
CCDC15 (80071),CCDC15,80071
CHEK1 (1111),CHEK1,1111
FEZ1 (9638),FEZ1,9638
ESAM (90952),ESAM,90952
KIRREL3 (84623),KIRREL3,84623
MPZL2 (10205),MPZL2,10205
SIDT2 (51092),SIDT2,51092
TMEM25 (84866),TMEM25,84866
TAGLN (6876),TAGLN,6876
JPH2 (57158),JPH2,57158
DUSP15 (128853),DUSP15,128853
COMMD7 (149951),COMMD7,149951
C20orf144 (128864),C20orf144,128864
KIAA1755 (85449),KIAA1755,85449
SPATA25 (128497),SPATA25,128497
DSN1 (79980),DSN1,79980
MTCL2 (140710),MTCL2,140710
CNBD2 (140894),CNBD2,140894
LSM14B (149986),LSM14B,149986
YTHDF1 (54915),YTHDF1,54915
CABLES2 (81928),CABLES2,81928
LTO1 (220064),LTO1,220064
TRPT1 (83707),TRPT1,83707
NUDT22 (84304),NUDT22,84304
FERMT3 (83706),FERMT3,83706
PLCB3 (5331),PLCB3,5331
MRPL49 (740),MRPL49,740
FAU (2197),FAU,2197
TM7SF2 (7108),TM7SF2,7108
VPS51 (738),VPS51,738
TBX6 (6911),TBX6,6911
PPP4C (5531),PPP4C,5531
ALDOA (226),ALDOA,226
TLCD3B (83723),TLCD3B,83723
DOC2A (8448),DOC2A,8448
HIRIP3 (8479),HIRIP3,8479
TAOK2 (9344),TAOK2,9344
TMEM219 (124446),TMEM219,124446
HMGA2 (8091),HMGA2,8091
MMP3 (4314),MMP3,4314
CNKSR2 (22866),CNKSR2,22866
CNTN5 (53942),CNTN5,53942
KLRF1 (51348),KLRF1,51348
MKX (283078),MKX,283078
MPP7 (143098),MPP7,143098
ITGB1 (3688),ITGB1,3688
CTF1 (1489),CTF1,1489
CWC15 (51503),CWC15,51503
FCGR1A (2209),FCGR1A,2209
ARID5B (84159),ARID5B,84159
CDH8 (1006),CDH8,1006
DCUN1D2 (55208),DCUN1D2,55208
TMCO3 (55002),TMCO3,55002
TMEM218 (219854),TMEM218,219854
TIRAP (114609),TIRAP,114609
EEF1AKMT1 (221143),EEF1AKMT1,221143
LATS2 (26524),LATS2,26524
SAP18 (10284),SAP18,10284
ADGRL3 (23284),ADGRL3,23284
KIAA1328 (57536),KIAA1328,57536
FAM124A (220108),FAM124A,220108
MIA2 (4253),MIA2,4253
HNMT (3176),HNMT,3176
LYPD1 (116372),LYPD1,116372
LYPD6B (130576),LYPD6B,130576
PDCD4 (27250),PDCD4,27250
ADRA2A (150),ADRA2A,150
GPM6A (2823),GPM6A,2823
WDR17 (116966),WDR17,116966
SPATA4 (132851),SPATA4,132851
VEGFC (7424),VEGFC,7424
CCDC102B (79839),CCDC102B,79839
CD226 (10666),CD226,10666
CNDP1 (84735),CNDP1,84735
FSIP1 (161835),FSIP1,161835
DLG2 (1740),DLG2,1740
CCDC83 (220047),CCDC83,220047
PRSS23 (11098),PRSS23,11098
MTMR12 (54545),MTMR12,54545
PPP1R1C (151242),PPP1R1C,151242
POU2AF2 (341032),POU2AF2,341032
CCT5 (22948),CCT5,22948
ATPSCKMT (134145),ATPSCKMT,134145
DOCK1 (1793),DOCK1,1793
DIXDC1 (85458),DIXDC1,85458
DLAT (1737),DLAT,1737
PIH1D2 (120379),PIH1D2,120379
NKAPD1 (55216),NKAPD1,55216
TIMM8B (26521),TIMM8B,26521
IL18 (3606),IL18,3606
PTS (5805),PTS,5805
PIP4K2A (5305),PIP4K2A,5305
CIMIP5 (130813),CIMIP5,130813
FREM2 (341640),FREM2,341640
FOXO1 (2308),FOXO1,2308
CRIM1 (51232),CRIM1,51232
SEC24D (9871),SEC24D,9871
ABCB9 (23457),ABCB9,23457
RILPL2 (196383),RILPL2,196383
DHX37 (57647),DHX37,57647
UBC (7316),UBC,7316
ITPR1 (3708),ITPR1,3708
PRSS53 (339105),PRSS53,339105
SLC7A11 (23657),SLC7A11,23657
NOCT (25819),NOCT,25819
ENKUR (219670),ENKUR,219670
GPR158 (57512),GPR158,57512
LYZL2 (119180),LYZL2,119180
CACNA2D4 (93589),CACNA2D4,93589
DCP1B (196513),DCP1B,196513
CACNA1C (775),CACNA1C,775
KCNA6 (3742),KCNA6,3742
THRB (7068),THRB,7068
NGLY1 (55768),NGLY1,55768
OXSM (54995),OXSM,54995
UEVLD (55293),UEVLD,55293
TMEM86A (144110),TMEM86A,144110
NOPCHAP1 (121053),NOPCHAP1,121053
TMEM263 (90488),TMEM263,90488
ABTB3 (121551),ABTB3,121551
UBE3B (89910),UBE3B,89910
ANK3 (288),ANK3,288
IPMK (253430),IPMK,253430
RAD9B (144715),RAD9B,144715
PLBD2 (196463),PLBD2,196463
DLG5 (9231),DLG5,9231
MAT1A (4143),MAT1A,4143
SLC2A13 (114134),SLC2A13,114134
GXYLT1 (283464),GXYLT1,283464
TWF1 (5756),TWF1,5756
DIP2C (22982),DIP2C,22982
EIF4E (1977),EIF4E,1977
MAGI1 (9223),MAGI1,9223
TEX30 (93081),TEX30,93081
CSNK1G3 (1456),CSNK1G3,1456
SRFBP1 (153443),SRFBP1,153443
AKAP6 (9472),AKAP6,9472
NPAS3 (64067),NPAS3,64067
FAM177A1 (283635),FAM177A1,283635
MBIP (51562),MBIP,51562
MIPOL1 (145282),MIPOL1,145282
EXT2 (2132),EXT2,2132
TMEM18 (129787),TMEM18,129787
KCTD14 (65987),KCTD14,65987
THRSP (7069),THRSP,7069
NDUFC2 (4718),NDUFC2,4718
ME3 (10873),ME3,10873
ADAMTS12 (81792),ADAMTS12,81792
NUBPL (80224),NUBPL,80224
NEK7 (140609),NEK7,140609
FER (2241),FER,2241
VIPAS39 (63894),VIPAS39,63894
ANKRD50 (57182),ANKRD50,57182
UPF2 (26019),UPF2,26019
CDC123 (8872),CDC123,8872
SCLT1 (132320),SCLT1,132320
CCDC3 (83643),CCDC3,83643
C4orf33 (132321),C4orf33,132321
FRMD4A (55691),FRMD4A,55691
PTPRO (5800),PTPRO,5800
EPS8 (2059),EPS8,2059
ACAD8 (27034),ACAD8,27034
THYN1 (29087),THYN1,29087
VPS26B (112936),VPS26B,112936
NCAPD3 (23310),NCAPD3,23310
VTI1A (143187),VTI1A,143187
QDPR (5860),QDPR,5860
FHIP2A (57700),FHIP2A,57700
ANO4 (121601),ANO4,121601
TEX9 (374618),TEX9,374618
QTRT2 (79691),QTRT2,79691
MMAA (166785),MMAA,166785
ZNF827 (152485),ZNF827,152485
POU4F2 (5458),POU4F2,5458
EDNRA (1909),EDNRA,1909
NR3C2 (4306),NR3C2,4306
AKR1C2 (1646),AKR1C2,1646
DPYSL4 (10570),DPYSL4,10570
ADAM8 (101),ADAM8,101
ITIH2 (3698),ITIH2,3698
KIN (22944),KIN,22944
PIGF (5281),PIGF,5281
ANKAR (150709),ANKAR,150709
INPP1 (3628),INPP1,3628
MFSD6 (54842),MFSD6,54842
RNF144A (9781),RNF144A,9781
ASAP2 (8853),ASAP2,8853
ADAM17 (6868),ADAM17,6868
FLI1 (2313),FLI1,2313
TMEM45B (120224),TMEM45B,120224
WWC2 (80014),WWC2,80014
CENPU (79682),CENPU,79682
ACSL1 (2180),ACSL1,2180
SLC25A4 (291),SLC25A4,291
AMN1 (196394),AMN1,196394
BICD1 (636),BICD1,636
SAV1 (60485),SAV1,60485
CCDC122 (160857),CCDC122,160857
SERP2 (387923),SERP2,387923
NBAS (51594),NBAS,51594
ZNF385D (79750),ZNF385D,79750
TDO2 (6999),TDO2,6999
GUF1 (60558),GUF1,60558
SLC35F4 (341880),SLC35F4,341880
GABRA2 (2555),GABRA2,2555
SACS (26278),SACS,26278
PABPC3 (5042),PABPC3,5042
CPAP (55835),CPAP,55835
FBXO4 (26272),FBXO4,26272
TMEM267 (64417),TMEM267,64417
CCL28 (56477),CCL28,56477
PARP8 (79668),PARP8,79668
GFRA1 (2674),GFRA1,2674
CACUL1 (143384),CACUL1,143384
DST (667),DST,667
BEND6 (221336),BEND6,221336
TIAL1 (7073),TIAL1,7073
BAG3 (9531),BAG3,9531
RBM46 (166863),RBM46,166863
SCHIP1 (29970),SCHIP1,29970
KCNE4 (23704),KCNE4,23704
AP1S3 (130340),AP1S3,130340
RABGAP1L (9910),RABGAP1L,9910
CCDC74B (91409),CCDC74B,91409
TLCD4 (148534),TLCD4,148534
MZT2B (80097),MZT2B,80097
ASTN1 (460),ASTN1,460
FAM168B (130074),FAM168B,130074
PTPN14 (5784),PTPN14,5784
MGAT5 (4249),MGAT5,4249
TMEM163 (81615),TMEM163,81615
GPATCH11 (253635),GPATCH11,253635
HSPB8 (26353),HSPB8,26353
GEMIN6 (79833),GEMIN6,79833
TMEM178A (130733),TMEM178A,130733
POU4F1 (5457),POU4F1,5457
OBI1 (79596),OBI1,79596
CYSLTR2 (57105),CYSLTR2,57105
GRID2 (2895),GRID2,2895
ARL11 (115761),ARL11,115761
SETBP1 (26040),SETBP1,26040
ARL14EP (120534),ARL14EP,120534
EPG5 (57724),EPG5,57724
PSTPIP2 (9050),PSTPIP2,9050
ATP5F1A (498),ATP5F1A,498
HAUS1 (115106),HAUS1,115106
ARK2N (147339),ARK2N,147339
SPC25 (57405),SPC25,57405
PDK1 (5163),PDK1,5163
PDE3B (5140),PDE3B,5140
TCF7L1 (83439),TCF7L1,83439
TGOLN2 (10618),TGOLN2,10618
SH2D6 (284948),SH2D6,284948
KCNK13 (56659),KCNK13,56659
UHMK1 (127933),UHMK1,127933
ATG10 (83734),ATG10,83734
POC5 (134359),POC5,134359
SPOCK1 (6695),SPOCK1,6695
FAM151B (167555),FAM151B,167555
TADA1 (117143),TADA1,117143
GUCY1A2 (2977),GUCY1A2,2977
CWF19L2 (143884),CWF19L2,143884
JMY (133746),JMY,133746
HOMER1 (9456),HOMER1,9456
XRCC4 (7518),XRCC4,7518
ZNF547 (284306),ZNF547,284306
ZNF773 (374928),ZNF773,374928
ZNF776 (284309),ZNF776,284309
ZNF256 (10172),ZNF256,10172
SUV39H2 (79723),SUV39H2,79723
DCLRE1C (64421),DCLRE1C,64421
OLAH (55301),OLAH,55301
RPP38 (10557),RPP38,10557
NMT2 (9397),NMT2,9397
ZSCAN1 (284312),ZSCAN1,284312
ZNF837 (116412),ZNF837,116412
USP12 (219333),USP12,219333
CCDC50 (152137),CCDC50,152137
CAMK4 (814),CAMK4,814
TRIM36 (55521),TRIM36,55521
ZFP36L2 (678),ZFP36L2,678
PAN3 (255967),PAN3,255967
PLEKHH2 (130271),PLEKHH2,130271
PFKM (5213),PFKM,5213
TMEM123 (114908),TMEM123,114908
GRIA4 (2893),GRIA4,2893
IGSF10 (285313),IGSF10,285313
SPEF2 (79925),SPEF2,79925
SPARCL1 (8404),SPARCL1,8404
MEPE (56955),MEPE,56955
MBNL1 (4154),MBNL1,4154
CAPSL (133690),CAPSL,133690
NADK2 (133686),NADK2,133686
GPD1L (23171),GPD1L,23171
GJA1 (2697),GJA1,2697
CCNO (10309),CCNO,10309
SLC30A6 (55676),SLC30A6,55676
PELO (53918),PELO,53918
RASGRP3 (25780),RASGRP3,25780
SAR1B (51128),SAR1B,51128
CATSPER3 (347732),CATSPER3,347732
GPR180 (160897),GPR180,160897
DNAI4 (79819),DNAI4,79819
ANKRD22 (118932),ANKRD22,118932
FARP1 (10160),FARP1,10160
IFIT5 (24138),IFIT5,24138
SLC16A12 (387700),SLC16A12,387700
PANK1 (53354),PANK1,53354
PRDM8 (56978),PRDM8,56978
BMP3 (651),BMP3,651
HNRNPDL (9987),HNRNPDL,9987
HHEX (3087),HHEX,3087
UTRN (7402),UTRN,7402
GRM1 (2911),GRM1,2911
PTPRK (5796),PTPRK,5796
GGPS1 (9453),GGPS1,9453
ZNF117 (51351),ZNF117,51351
LMNTD1 (160492),LMNTD1,160492
MARVELD2 (153562),MARVELD2,153562
RAD17 (5884),RAD17,5884
MED21 (9412),MED21,9412
PLOD2 (5352),PLOD2,5352
STK32B (55351),STK32B,55351
JAKMIP1 (152789),JAKMIP1,152789
ZIC1 (7545),ZIC1,7545
ADGRA3 (166647),ADGRA3,166647
SREK1IP1 (285672),SREK1IP1,285672
LGI2 (55203),LGI2,55203
CWC27 (10283),CWC27,10283
MR1 (3140),MR1,3140
SRP19 (6728),SRP19,6728
CENPH (64946),CENPH,64946
CDYL (9425),CDYL,9425
CARHSP1 (23589),CARHSP1,23589
TEKT5 (146279),TEKT5,146279
BANK1 (55024),BANK1,55024
TXNDC11 (51061),TXNDC11,51061
DAB2 (1601),DAB2,1601
ACMSD (130013),ACMSD,130013
ACOXL (55289),ACOXL,55289
BCL2L11 (10018),BCL2L11,10018
ANAPC1 (64682),ANAPC1,64682
CAST (831),CAST,831
SCOC (60592),SCOC,60592
CLGN (1047),CLGN,1047
CETN3 (1070),CETN3,1070
SMARCA5 (8467),SMARCA5,8467
SYCP2L (221711),SYCP2L,221711
BMP6 (654),BMP6,654
RGPD3 (653489),RGPD3,653489
RASSF3 (283349),RASSF3,283349
HNRNPU (3192),HNRNPU,3192
RANBP2 (5903),RANBP2,5903
AHCTF1 (25909),AHCTF1,25909
MERTK (10461),MERTK,10461
TMEM87B (84910),TMEM87B,84910
PTPRR (5801),PTPRR,5801
NR4A2 (4929),NR4A2,4929
CCDC148 (130940),CCDC148,130940
PLA2R1 (22925),PLA2R1,22925
RBMS1 (5937),RBMS1,5937
SCN3A (6328),SCN3A,6328
CD96 (10225),CD96,10225
SLC25A27 (9481),SLC25A27,9481
ADGRF1 (266977),ADGRF1,266977
ADGRF4 (221393),ADGRF4,221393
CYRIB (51571),CYRIB,51571
ASAP1 (50807),ASAP1,50807
TRAPPC8 (22878),TRAPPC8,22878
INO80C (125476),INO80C,125476
LPCAT1 (79888),LPCAT1,79888
PLEKHG4B (153478),PLEKHG4B,153478
NMRAL1 (57407),NMRAL1,57407
UBALD1 (124402),UBALD1,124402
C16orf89 (146556),C16orf89,146556
ING1 (3621),ING1,3621
TEX29 (121793),TEX29,121793
ADPRHL1 (113622),ADPRHL1,113622
CMTM7 (112616),CMTM7,112616
FBXL2 (25827),FBXL2,25827
UBP1 (7342),UBP1,7342
RMND5A (64795),RMND5A,64795
CD8A (925),CD8A,925
RPIA (22934),RPIA,22934
PTPRD (5789),PTPRD,5789
LURAP1L (286343),LURAP1L,286343
CNKSR3 (154043),CNKSR3,154043
GTF2E1 (2960),GTF2E1,2960
CFDP1 (10428),CFDP1,10428
TGIF2LX (90316),TGIF2LX,90316
ZDHHC7 (55625),ZDHHC7,55625
SPMIP4 (136895),SPMIP4,136895
TMPRSS11D (9407),TMPRSS11D,9407
JAZF1 (221895),JAZF1,221895
CMIP (80790),CMIP,80790
PID1 (55022),PID1,55022
TRIP12 (9320),TRIP12,9320
FBXO36 (130888),FBXO36,130888
CEBPG (1054),CEBPG,1054
KCTD15 (79047),KCTD15,79047
ZNF599 (148103),ZNF599,148103
MCOLN2 (255231),MCOLN2,255231
LGI4 (163175),LGI4,163175
DDAH1 (23576),DDAH1,23576
SREK1 (140890),SREK1,140890
CHD1 (1105),CHD1,1105
ANKFN1 (162282),ANKFN1,162282
DGKE (8526),DGKE,8526
HS2ST1 (9653),HS2ST1,9653
MSI2 (124540),MSI2,124540
CACNA2D1 (781),CACNA2D1,781
ZUP1 (221302),ZUP1,221302
HS3ST3A1 (9955),HS3ST3A1,9955
GDPD1 (284161),GDPD1,284161
NUS1 (116150),NUS1,116150
SEMA3D (223117),SEMA3D,223117
PPP2R5E (5529),PPP2R5E,5529
AK5 (26289),AK5,26289
CABYR (26256),CABYR,26256
IMPACT (55364),IMPACT,55364
ANKRD29 (147463),ANKRD29,147463
SDHAF4 (135154),SDHAF4,135154
CHST9 (83539),CHST9,83539
THY1 (7070),THY1,7070
DNAAF1 (123872),DNAAF1,123872
C16orf74 (404550),C16orf74,404550
TBCEL (219899),TBCEL,219899
JPH3 (57338),JPH3,57338
ANKH (56172),ANKH,56172
OTULIN (90268),OTULIN,90268
UBASH3B (84959),UBASH3B,84959
ROBO4 (54538),ROBO4,54538
ROBO3 (64221),ROBO3,64221
TBRG1 (84897),TBRG1,84897
NRGN (4900),NRGN,4900
RETREG1 (54463),RETREG1,54463
TOMM70 (9868),TOMM70,9868
ABI3BP (25890),ABI3BP,25890
ANGPT1 (284),ANGPT1,284
PITPNC1 (26207),PITPNC1,26207
CC2D1B (200014),CC2D1B,200014
CERS3 (204219),CERS3,204219
PRKCA (5578),PRKCA,5578
LRRK1 (79705),LRRK1,79705
CEP112 (201134),CEP112,201134
GAL3ST2 (64090),GAL3ST2,64090
ABCA6 (23460),ABCA6,23460
ABCA10 (10349),ABCA10,10349
ABCA5 (23461),ABCA5,23461
ENPP3 (5169),ENPP3,5169
PGCKA1 (55286),PGCKA1,55286
UCHL1 (7345),UCHL1,7345
MIA3 (375056),MIA3,375056
DISP1 (84976),DISP1,84976
TNIK (23043),TNIK,23043
FAM167A (83648),FAM167A,83648
NEIL2 (252969),NEIL2,252969
PGM5 (5239),PGM5,5239
WNT3A (89780),WNT3A,89780
OBSCN (84033),OBSCN,84033
LONRF1 (91694),LONRF1,91694
TRIM11 (81559),TRIM11,81559
ENAH (55740),ENAH,55740
CCSAP (126731),CCSAP,126731
ASZ1 (136991),ASZ1,136991
SH3RF1 (57630),SH3RF1,57630
GBP5 (115362),GBP5,115362
BUB3 (9184),BUB3,9184
CFAP210 (129881),CFAP210,129881
MMP21 (118856),MMP21,118856
C10orf90 (118611),C10orf90,118611
DIPK1A (388650),DIPK1A,388650
ATP5MC3 (518),ATP5MC3,518
CNTNAP3B (728577),CNTNAP3B,728577
MAGED4 (728239),MAGED4,728239
SRSF12 (135295),SRSF12,135295
PDLIM3 (27295),PDLIM3,27295
SORBS2 (8470),SORBS2,8470
ELOC (6921),ELOC,6921
LY96 (23643),LY96,23643
CXADR (1525),CXADR,1525
BTG3 (10950),BTG3,10950
C21orf91 (54149),C21orf91,54149
CHODL (140578),CHODL,140578
NCAM2 (4685),NCAM2,4685
L3MBTL4 (91133),L3MBTL4,91133
PDE1C (5137),PDE1C,5137
RABGEF1 (27342),RABGEF1,27342
MRPL39 (54148),MRPL39,54148
JAM2 (58494),JAM2,58494
ATP5PF (522),ATP5PF,522
GABPA (2551),GABPA,2551
ADAMTS1 (9510),ADAMTS1,9510
ADAMTS5 (11096),ADAMTS5,11096
TSEN2 (80746),TSEN2,80746
SLFN13 (146857),SLFN13,146857
WNT7A (7476),WNT7A,7476
XPC (7508),XPC,7508
CCDC174 (51244),CCDC174,51244
FGD5 (152273),FGD5,152273
FLCN (201163),FLCN,201163
DPH3 (285381),DPH3,285381
OXNAD1 (92106),OXNAD1,92106
PLCL2 (23228),PLCL2,23228
CXXC1 (30827),CXXC1,30827
SKA1 (220134),SKA1,220134
PPP4R1 (9989),PPP4R1,9989
APCDD1 (147495),APCDD1,147495
PIEZO2 (63895),PIEZO2,63895
MPPE1 (65258),MPPE1,65258
USP43 (124739),USP43,124739
RAB6B (51560),RAB6B,51560
EME1 (146956),EME1,146956
EPHB1 (2047),EPHB1,2047
ACSS1 (84532),ACSS1,84532
ANKRD40 (91369),ANKRD40,91369
ZNF18 (7566),ZNF18,7566
VOPP1 (81552),VOPP1,81552
APOOL (139322),APOOL,139322
DKK2 (27123),DKK2,27123
CYP2U1 (113612),CYP2U1,113612
RSPH10B (222967),RSPH10B,222967
FBXL18 (80028),FBXL18,80028
CNTNAP5 (129684),CNTNAP5,129684
PROM2 (150696),PROM2,150696
AK9 (221264),AK9,221264
KLF10 (7071),KLF10,7071
PTPRN2 (5799),PTPRN2,5799
AZIN1 (51582),AZIN1,51582
ATP6V1C1 (528),ATP6V1C1,528
PIP4P2 (55529),PIP4P2,55529
OTUD6B (51633),OTUD6B,51633
CDK19 (23097),CDK19,23097
GTF3C6 (112495),GTF3C6,112495
TTC39B (158219),TTC39B,158219
AGPAT5 (55326),AGPAT5,55326
MMS19 (64210),MMS19,64210
PI4K2A (55361),PI4K2A,55361
MARVELD1 (83742),MARVELD1,83742
ZFYVE27 (118813),ZFYVE27,118813
GOLGA7B (401647),GOLGA7B,401647
GPR78 (27201),GPR78,27201
TRMT44 (152992),TRMT44,152992
SLC25A28 (81894),SLC25A28,81894
HSPA13 (6782),HSPA13,6782
SAMSN1 (64092),SAMSN1,64092
USP25 (29761),USP25,29761
GRAMD2B (65983),GRAMD2B,65983
ZCCHC10 (54819),ZCCHC10,54819
C16orf87 (388272),C16orf87,388272
MOV10 (4343),MOV10,4343
RHOC (389),RHOC,389
PPM1J (333926),PPM1J,333926
DBI (1622),DBI,1622
SLC16A1 (6566),SLC16A1,6566
HEATR3 (55027),HEATR3,55027
TRIM74 (378108),TRIM74,378108
NIFK (84365),NIFK,84365
OXA1L (5018),OXA1L,5018
SLC7A7 (9056),SLC7A7,9056
MAGEC1 (9947),MAGEC1,9947
LARP1 (23367),LARP1,23367
CNOT8 (9337),CNOT8,9337
LRGUK (136332),LRGUK,136332
SETD9 (133383),SETD9,133383
MIER3 (166968),MIER3,166968
NUP205 (23165),NUP205,23165
ZKSCAN2 (342357),ZKSCAN2,342357
C9orf85 (138241),C9orf85,138241
XAGE2 (9502),XAGE2,9502
PIK3AP1 (118788),PIK3AP1,118788
RBM45 (129831),RBM45,129831
TTN (7273),TTN,7273
PDIA4 (9601),PDIA4,9601
KDM8 (79831),KDM8,79831
OTOA (146183),OTOA,146183
KCTD18 (130535),KCTD18,130535
HYCC2 (285172),HYCC2,285172
FLACC1 (130540),FLACC1,130540
C2CD6 (151254),C2CD6,151254
TMEM237 (65062),TMEM237,65062
FZD7 (8324),FZD7,8324
SPAG17 (200162),SPAG17,200162
DEPTOR (64798),DEPTOR,64798
FMN2 (56776),FMN2,56776
RNF20 (56254),RNF20,56254
PPARGC1B (133522),PPARGC1B,133522
ELMO1 (9844),ELMO1,9844
SLC26A2 (1836),SLC26A2,1836
LSM11 (134353),LSM11,134353
MED7 (9443),MED7,9443
SAXO1 (158297),SAXO1,158297
RRAGA (10670),RRAGA,10670
PXYLP1 (92370),PXYLP1,92370
ADCY8 (114),ADCY8,114
RASA2 (5922),RASA2,5922
RMND1 (55005),RMND1,55005
RAET1L (154064),RAET1L,154064
SLA (6503),SLA,6503
TMBIM4 (51643),TMBIM4,51643
VBP1 (7411),VBP1,7411
RAB39B (116442),RAB39B,116442
CLIC2 (1193),CLIC2,1193
AFF2 (2334),AFF2,2334
MICU3 (286097),MICU3,286097
GRIP1 (23426),GRIP1,23426
VPS37A (137492),VPS37A,137492
KIF5A (3798),KIF5A,3798
NAT2 (10),NAT2,10
MAGEA8 (4107),MAGEA8,4107
PSD3 (23362),PSD3,23362
CARNMT1 (138199),CARNMT1,138199
MCU (90550),MCU,90550
MIDEAS (91748),MIDEAS,91748
CFAP70 (118491),CFAP70,118491
GNA14 (9630),GNA14,9630
FAM161B (145483),FAM161B,145483
GNAQ (2776),GNAQ,2776
WIF1 (11197),WIF1,11197
UGT2B4 (7363),UGT2B4,7363
GPR61 (83873),GPR61,83873
MMP16 (4325),MMP16,4325
ADK (132),ADK,132
KCNMA1 (3778),KCNMA1,3778
BATF (10538),BATF,10538
DCK (1633),DCK,1633
ADAMTS3 (9508),ADAMTS3,9508
DPY19L4 (286148),DPY19L4,286148
NDUFAF6 (137682),NDUFAF6,137682
DRAM2 (128338),DRAM2,128338
CFAP418 (157657),CFAP418,157657
PPEF2 (5470),PPEF2,5470
CFAP161 (161502),CFAP161,161502
ADAMTSL3 (57188),ADAMTSL3,57188
SLC28A1 (9154),SLC28A1,9154
WHAMM (123720),WHAMM,123720
HEMK2 (29104),HEMK2,29104
RWDD2B (10069),RWDD2B,10069
USP16 (10600),USP16,10600
CCT8 (10694),CCT8,10694
MAP3K7CL (56911),MAP3K7CL,56911
BACH1 (571),BACH1,571
CLDN8 (9073),CLDN8,9073
TSPAN7 (7102),TSPAN7,7102
TIAM1 (7074),TIAM1,7074
SCAF4 (57466),SCAF4,57466
RPGR (6103),RPGR,6103
CDK20 (23552),CDK20,23552
PCGF6 (84108),PCGF6,84108
ANKRD9 (122416),ANKRD9,122416
SFR1 (119392),SFR1,119392
SFXN2 (118980),SFXN2,118980
ATP5MJ (9556),ATP5MJ,9556
FUT6 (2528),FUT6,2528
TDRD9 (122402),TDRD9,122402
FGF18 (8817),FGF18,8817
PCDH1 (5097),PCDH1,5097
SH3RF2 (153769),SH3RF2,153769
GDF6 (392255),GDF6,392255
UQCRB (7381),UQCRB,7381
MTERF3 (51001),MTERF3,51001
PTDSS1 (9791),PTDSS1,9791
PPP2R2B (5521),PPP2R2B,5521
RPL30 (6156),RPL30,6156
KCNS2 (3788),KCNS2,3788
PABIR3 (159091),PABIR3,159091
SUPV3L1 (6832),SUPV3L1,6832
PABIR2 (159090),PABIR2,159090
EEF1A1 (1915),EEF1A1,1915
FBXO43 (286151),FBXO43,286151
HKDC1 (80201),HKDC1,80201
HK1 (3098),HK1,3098
TYSND1 (219743),TYSND1,219743
PHF6 (84295),PHF6,84295
CD109 (135228),CD109,135228
LRFN2 (57497),LRFN2,57497
NODAL (4838),NODAL,4838
UBE2L6 (9246),UBE2L6,9246
ZDHHC5 (25921),ZDHHC5,25921
MED19 (219541),MED19,219541
ZFAND3 (60685),ZFAND3,60685
NPTN (27020),NPTN,27020
KAT6B (23522),KAT6B,23522
SAMD8 (142891),SAMD8,142891
RAB11FIP1 (80223),RAB11FIP1,80223
GLYATL2 (219970),GLYATL2,219970
UTP14A (10813),UTP14A,10813
AIFM1 (9131),AIFM1,9131
MAPK13 (5603),MAPK13,5603
BAG4 (9530),BAG4,9530
MS4A1 (931),MS4A1,931
TBC1D31 (93594),TBC1D31,93594
NTAQ1 (55093),NTAQ1,55093
ATAD2 (29028),ATAD2,29028
FBXO32 (114907),FBXO32,114907
NSMCE2 (286053),NSMCE2,286053
ZNF689 (115509),ZNF689,115509
PRR14 (78994),PRR14,78994
FBRS (64319),FBRS,64319
FRRS1 (391059),FRRS1,391059
PHKG2 (5261),PHKG2,5261
MFSD14A (64645),MFSD14A,64645
SASS6 (163786),SASS6,163786
ITGAD (3681),ITGAD,3681
ZIC3 (7547),ZIC3,7547
MALSU1 (115416),MALSU1,115416
VPS8 (23355),VPS8,23355
GALK2 (2585),GALK2,2585
LHFPL4 (375323),LHFPL4,375323
B3GNT7 (93010),B3GNT7,93010
MPV17L (255027),MPV17L,255027
BUB1B (701),BUB1B,701
PDE6D (5147),PDE6D,5147
EIF4A2 (1974),EIF4A2,1974
BRPF1 (7862),BRPF1,7862
RPUSD3 (285367),RPUSD3,285367
TATDN2 (9797),TATDN2,9797
GHRL (51738),GHRL,51738
SEC13 (6396),SEC13,6396
EXOG (9941),EXOG,9941
NTAN1 (123803),NTAN1,123803
NMNAT2 (23057),NMNAT2,23057
ZFYVE9 (9372),ZFYVE9,9372
ATP2B2 (491),ATP2B2,491
LYZL4 (131375),LYZL4,131375
SMG1 (23049),SMG1,23049
FCHO2 (115548),FCHO2,115548
RBPMS (11030),RBPMS,11030
TMEM171 (134285),TMEM171,134285
TIMP4 (7079),TIMP4,7079
SYN2 (6854),SYN2,6854
NRG1 (3084),NRG1,3084
ODR4 (54953),ODR4,54953
CPT2 (1376),CPT2,1376
NECAP2 (55707),NECAP2,55707
LRP8 (7804),LRP8,7804
PAXIP1 (22976),PAXIP1,22976
STEAP2 (261729),STEAP2,261729
SSBP3 (23648),SSBP3,23648
CLDN12 (9069),CLDN12,9069
MMP14 (4323),MMP14,4323
FZD1 (8321),FZD1,8321
GATAD1 (57798),GATAD1,57798
SUSD3 (203328),SUSD3,203328
TMED6 (146456),TMED6,146456
CLEC18A (348174),CLEC18A,348174
DHRS4 (10901),DHRS4,10901
ARMC12 (221481),ARMC12,221481
DDX19B (11269),DDX19B,11269
ST3GAL2 (6483),ST3GAL2,6483
FCSK (197258),FCSK,197258
IL34 (146433),IL34,146433
DHRS1 (115817),DHRS1,115817
CACNA1D (776),CACNA1D,776
ARSL (415),ARSL,415
KIT (3815),KIT,3815
HYDIN (54768),HYDIN,54768
AASDH (132949),AASDH,132949
ZNF19 (7567),ZNF19,7567
CACNA2D3 (55799),CACNA2D3,55799
RNF111 (54778),RNF111,54778
CCNB2 (9133),CCNB2,9133
FAM81A (145773),FAM81A,145773
MYO1E (4643),MYO1E,4643
APPL1 (26060),APPL1,26060
PWWP3B (139221),PWWP3B,139221
AFAP1L1 (134265),AFAP1L1,134265
TSC22D3 (1831),TSC22D3,1831
VPS26C (10311),VPS26C,10311
DYRK1A (1859),DYRK1A,1859
KCNJ6 (3763),KCNJ6,3763
KCNJ15 (3772),KCNJ15,3772
ERG (2078),ERG,2078
ETS2 (2114),ETS2,2114
TSPAN18 (90139),TSPAN18,90139
LCA5L (150082),LCA5L,150082
SLC35B2 (347734),SLC35B2,347734
TMEM164 (84187),TMEM164,84187
MX1 (4599),MX1,4599
CREB3L1 (90993),CREB3L1,90993
C2CD2 (25966),C2CD2,25966
TAB3 (257397),TAB3,257397
SLC38A10 (124565),SLC38A10,124565
C9orf43 (257169),C9orf43,257169
PALM2AKAP2 (445815),PALM2AKAP2,445815
ZNF618 (114991),ZNF618,114991
DGKI (9162),DGKI,9162
TMEM268 (203197),TMEM268,203197
SVOPL (136306),SVOPL,136306
SNX22 (79856),SNX22,79856
UBN2 (254048),UBN2,254048
BRAF (673),BRAF,673
SLC34A2 (10568),SLC34A2,10568
ACAN (176),ACAN,176
PSMG3 (84262),PSMG3,84262
CABP1 (9478),CABP1,9478
WDR19 (57728),WDR19,57728
SLC37A3 (84255),SLC37A3,84255
AP3S2 (10239),AP3S2,10239
FMNL2 (114793),FMNL2,114793
GAREM2 (150946),GAREM2,150946
SPPL3 (121665),SPPL3,121665
DPYSL5 (56896),DPYSL5,56896
DRC1 (92749),DRC1,92749
RAB28 (9364),RAB28,9364
PRXL2B (127281),PRXL2B,127281
TNFRSF14 (8764),TNFRSF14,8764
PANK4 (55229),PANK4,55229
CIB4 (130106),CIB4,130106
MEGF11 (84465),MEGF11,84465
C12orf43 (64897),C12orf43,64897
PEX10 (5192),PEX10,5192
RER1 (11079),RER1,11079
RADIL (55698),RADIL,55698
SKI (6497),SKI,6497
WIPI2 (26100),WIPI2,26100
LDLRAP1 (26119),LDLRAP1,26119
AGAP1 (116987),AGAP1,116987
KRTCAP3 (200634),KRTCAP3,200634
ANKRD61 (100310846),ANKRD61,100310846
PAFAH2 (5051),PAFAH2,5051
EXTL1 (2134),EXTL1,2134
SLC30A2 (7780),SLC30A2,7780
BABAM2 (9577),BABAM2,9577
TRIM63 (84676),TRIM63,84676
CFAP251 (144406),CFAP251,144406
MRPL17 (63875),MRPL17,63875
DUSP2 (1844),DUSP2,1844
GRHL3 (57822),GRHL3,57822
UBXN11 (91544),UBXN11,91544
PTPDC1 (138639),PTPDC1,138639
GALNT14 (79623),GALNT14,79623
NCK1 (4690),NCK1,4690
HPD (3242),HPD,3242
RHPN1 (114822),RHPN1,114822
TPRG1L (127262),TPRG1L,127262
LRRC43 (254050),LRRC43,254050
PRXL2C (195827),PRXL2C,195827
XDH (7498),XDH,7498
XKR8 (55113),XKR8,55113
CNNM4 (26504),CNNM4,26504
EYA3 (2140),EYA3,2140
DZIP1L (199221),DZIP1L,199221
TMSB15A (11013),TMSB15A,11013
FANCC (2176),FANCC,2176
MRAS (22808),MRAS,22808
WASF2 (10163),WASF2,10163
ABHD3 (171586),ABHD3,171586
ESYT3 (83850),ESYT3,83850
FAIM (55179),FAIM,55179
TENT5B (115572),TENT5B,115572
CLSTN2 (64084),CLSTN2,64084
COLEC12 (81035),COLEC12,81035
RNF207 (388591),RNF207,388591
CUL4B (8450),CUL4B,8450
GPR153 (387509),GPR153,387509
SLC13A3 (64849),SLC13A3,64849
GPRASP2 (114928),GPRASP2,114928
RHBDL2 (54933),RHBDL2,54933
AUTS2 (26053),AUTS2,26053
SHROOM4 (57477),SHROOM4,57477
H2BC5 (3017),H2BC5,3017
CDC25C (995),CDC25C,995
H4C8 (8365),H4C8,8365
MITD1 (129531),MITD1,129531
EIF5B (9669),EIF5B,9669
RIBC1 (158787),RIBC1,158787
TMSB15B (286527),TMSB15B,286527
CNOT11 (55571),CNOT11,55571
KCNB1 (3745),KCNB1,3745
TSPAN33 (340348),TSPAN33,340348
NRG2 (9542),NRG2,9542
AHCYL2 (23382),AHCYL2,23382
B4GALT5 (9334),B4GALT5,9334
CD1D (912),CD1D,912
SPATA2 (9825),SPATA2,9825
DNAH3 (55567),DNAH3,55567
CPA2 (1358),CPA2,1358
NCF1 (653361),NCF1,653361
CPA5 (93979),CPA5,93979
TSR2 (90121),TSR2,90121
PPP1R9A (55607),PPP1R9A,55607
ZC3H18 (124245),ZC3H18,124245
ZFAND2B (130617),ZFAND2B,130617
GDPD5 (81544),GDPD5,81544
DYNC1I1 (1780),DYNC1I1,1780
PFKFB1 (5207),PFKFB1,5207
ALAS2 (212),ALAS2,212
TMED4 (222068),TMED4,222068
PPP1R15B (84919),PPP1R15B,84919
COPG2 (26958),COPG2,26958
EMSY (56946),EMSY,56946
GPAT4 (137964),GPAT4,137964
PKD1L1 (168507),PKD1L1,168507
ZSCAN12 (9753),ZSCAN12,9753
TAGLN2 (8407),TAGLN2,8407
ELK4 (2005),ELK4,2005
SLC45A3 (85414),SLC45A3,85414
DUSP23 (54935),DUSP23,54935
RNF166 (115992),RNF166,115992
NBL1 (4681),NBL1,4681
HTR6 (3362),HTR6,3362
F11R (50848),F11R,50848
USF1 (7391),USF1,7391
PLA2G2F (64600),PLA2G2F,64600
SPATA2L (124044),SPATA2L,124044
NIT1 (4817),NIT1,4817
DEDD (9191),DEDD,9191
ZNF276 (92822),ZNF276,92822
NPM2 (10361),NPM2,10361
EDA (1896),EDA,1896
FGF17 (8822),FGF17,8822
VWA5B1 (127731),VWA5B1,127731
CDA (978),CDA,978
PINK1 (65018),PINK1,65018
B4GALT3 (8703),B4GALT3,8703
DMTN (2039),DMTN,2039
ADAMTS4 (9507),ADAMTS4,9507
FHIP2B (64760),FHIP2B,64760
NDUFS2 (4720),NDUFS2,4720
SLC5A11 (115584),SLC5A11,115584
FCER1G (2207),FCER1G,2207
APOA2 (336),APOA2,336
TOMM40L (84134),TOMM40L,84134
MPZ (4359),MPZ,4359
CCAR2 (57805),CCAR2,57805
CACHD1 (57685),CACHD1,57685
CDC42SE2 (56990),CDC42SE2,56990
RAPGEF6 (51735),RAPGEF6,51735
EPB41 (2035),EPB41,2035
MIS18A (54069),MIS18A,54069
ALG8 (79053),ALG8,79053
FBXW5 (54461),FBXW5,54461
CFAP298 (56683),CFAP298,56683
SYNJ1 (8867),SYNJ1,8867
PAXBP1 (94104),PAXBP1,94104
IFNAR2 (3455),IFNAR2,3455
MRPL10 (124995),MRPL10,124995
IFNGR2 (3460),IFNGR2,3460
GART (2618),GART,2618
SON (6651),SON,6651
DONSON (29980),DONSON,29980
SV2A (9900),SV2A,9900
LAD1 (3898),LAD1,3898
STC1 (6781),STC1,6781
TNNI1 (7135),TNNI1,7135
CSRP1 (1465),CSRP1,1465
HOXB13 (10481),HOXB13,10481
ATP5MC1 (516),ATP5MC1,516
RCAN1 (1827),RCAN1,1827
UBE2Z (65264),UBE2Z,65264
CIART (148523),CIART,148523
SNF8 (11267),SNF8,11267
CLIC6 (54102),CLIC6,54102
CCDC24 (149473),CCDC24,149473
RUNX1 (861),RUNX1,861
IGF2BP1 (10642),IGF2BP1,10642
CBR1 (873),CBR1,873
CBR3 (874),CBR3,874
ACTC1 (70),ACTC1,70
MORC3 (23515),MORC3,23515
CHAF1B (8208),CHAF1B,8208
SIM2 (6493),SIM2,6493
HLCS (3141),HLCS,3141
SCUBE1 (80274),SCUBE1,80274
ARHGAP27 (201176),ARHGAP27,201176
ADPGK (83440),ADPGK,83440
PTMS (5763),PTMS,5763
PLA2G4D (283748),PLA2G4D,283748
PADI4 (23569),PADI4,23569
ADIPOR1 (51094),ADIPOR1,51094
CYB5R1 (51706),CYB5R1,51706
PSMD4 (5710),PSMD4,5710
ATP13A2 (23400),ATP13A2,23400
M1AP (130951),M1AP,130951
PSMB4 (5692),PSMB4,5692
IRX6 (79190),IRX6,79190
BTG2 (7832),BTG2,7832
HK2 (3099),HK2,3099
C1R (715),C1R,715
CELF3 (11189),CELF3,11189
ALDH4A1 (8659),ALDH4A1,8659
STARD9 (57519),STARD9,57519
THEM4 (117145),THEM4,117145
TCHH (7062),TCHH,7062
UBR1 (197131),UBR1,197131
AMFR (267),AMFR,267
MED8 (112950),MED8,112950
RGL4 (266747),RGL4,266747
ISL2 (64843),ISL2,64843
RSPRY1 (89970),RSPRY1,89970
CCDC17 (149483),CCDC17,149483
GPBP1L1 (60313),GPBP1L1,60313
NAE1 (8883),NAE1,8883
TMEM69 (51249),TMEM69,51249
ADGRG5 (221188),ADGRG5,221188
ACE (1636),ACE,1636
EFCAB14 (9813),EFCAB14,9813
SPON2 (10417),SPON2,10417
CHCHD6 (84303),CHCHD6,84303
CTBP1 (1487),CTBP1,1487
LRRC36 (55282),LRRC36,55282
TPPP3 (51673),TPPP3,51673
ZDHHC1 (29800),ZDHHC1,29800
ATP6V0D1 (9114),ATP6V0D1,9114
ZFYVE28 (57732),ZFYVE28,57732
CARMIL2 (146206),CARMIL2,146206
C16orf86 (388284),C16orf86,388284
PIP (5304),PIP,5304
FAM131B (9715),FAM131B,9715
RGS12 (6002),RGS12,6002
PSKH1 (5681),PSKH1,5681
ZYX (7791),ZYX,7791
ABR (29),ABR,29
LYPD5 (284348),LYPD5,284348
CCDC117 (150275),CCDC117,150275
ZNF230 (7773),ZNF230,7773
CCDC107 (203260),CCDC107,203260
ZNF222 (7673),ZNF222,7673
NPR2 (4882),NPR2,4882
ZNF221 (7638),ZNF221,7638
ZNF233 (353355),ZNF233,353355
ZNF235 (9310),ZNF235,9310
GNE (10020),GNE,10020
TNFRSF13C (115650),TNFRSF13C,115650
ARHGAP35 (2909),ARHGAP35,2909
CALM3 (808),CALM3,808
DFFA (1676),DFFA,1676
CCDC28B (79140),CCDC28B,79140
IQCC (55721),IQCC,55721
TMEM234 (56063),TMEM234,56063
BSDC1 (55108),BSDC1,55108
ZBTB8A (653121),ZBTB8A,653121
ATAD3B (83858),ATAD3B,83858
SSU72 (29101),SSU72,29101
UBE2J2 (118424),UBE2J2,118424
ZNF362 (149076),ZNF362,149076
FNDC5 (252995),FNDC5,252995
CPAMD8 (27151),CPAMD8,27151
NR2F6 (2063),NR2F6,2063
ANKLE1 (126549),ANKLE1,126549
MIX23 (131076),MIX23,131076
VMA21 (203547),VMA21,203547
KALRN (8997),KALRN,8997
CILP2 (148113),CILP2,148113
ABCG1 (9619),ABCG1,9619
TFF3 (7033),TFF3,7033
TFF2 (7032),TFF2,7032
TFF1 (7031),TFF1,7031
TMPRSS3 (64699),TMPRSS3,64699
UBASH3A (53347),UBASH3A,53347
RSPH1 (89765),RSPH1,89765
SLC37A1 (54020),SLC37A1,54020
PDE9A (5152),PDE9A,5152
WDR4 (10785),WDR4,10785
NDUFV3 (4731),NDUFV3,4731
PKNOX1 (5316),PKNOX1,5316
CBS (875),CBS,875
U2AF1 (7307),U2AF1,7307
HSF2BP (11077),HSF2BP,11077
RRP1B (23076),RRP1B,23076
PDXK (8566),PDXK,8566
G6PD (2539),G6PD,2539
CSTB (1476),CSTB,1476
RRP1 (8568),RRP1,8568
AGPAT3 (56894),AGPAT3,56894
TRAPPC10 (7109),TRAPPC10,7109
GAB3 (139716),GAB3,139716
GATD3 (8209),GATD3,8209
ICOSLG (23308),ICOSLG,23308
CFAP410 (755),CFAP410,755
ZNF66 (7617),ZNF66,7617
LRRC3 (81543),LRRC3,81543
ITGB2 (3689),ITGB2,3689
SLX9 (85395),SLX9,85395
RALGDS (5900),RALGDS,5900
FTCD (10841),FTCD,10841
SPATC1L (84221),SPATC1L,84221
LSS (4047),LSS,4047
VAV2 (7410),VAV2,7410
MCM3AP (8888),MCM3AP,8888
C21orf58 (54058),C21orf58,54058
PCNT (5116),PCNT,5116
DIP2A (23181),DIP2A,23181
S100B (6285),S100B,6285
PRMT2 (3275),PRMT2,3275
CLDND2 (125875),CLDND2,125875
ADAMTS13 (11093),ADAMTS13,11093
CACFD1 (11094),CACFD1,11094
SLC2A6 (11182),SLC2A6,11182
ZNF761 (388561),ZNF761,388561
PIERCE1 (138162),PIERCE1,138162
ZNF714 (148206),ZNF714,148206
GPSM1 (26086),GPSM1,26086
C19orf47 (126526),C19orf47,126526
HIPK4 (147746),HIPK4,147746
CFAP157 (286207),CFAP157,286207
TOR2A (27433),TOR2A,27433
ST6GALNAC6 (30815),ST6GALNAC6,30815
SHKBP1 (92799),SHKBP1,92799
RDH13 (112724),RDH13,112724
ZER1 (10444),ZER1,10444
ZDHHC12 (84885),ZDHHC12,84885
PKN3 (29941),PKN3,29941
SPTBN4 (57731),SPTBN4,57731
BRSK1 (84446),BRSK1,84446
COX6B2 (125965),COX6B2,125965
TMEM190 (147744),TMEM190,147744
PLPP7 (84814),PLPP7,84814
TAOK1 (57551),TAOK1,57551
MED27 (9442),MED27,9442
DEDD2 (162989),DEDD2,162989
SIK3 (23387),SIK3,23387
MPZL3 (196264),MPZL3,196264
NEK8 (284086),NEK8,284086
TLCD1 (116238),TLCD1,116238
PCSK7 (9159),PCSK7,9159
SAFB (6294),SAFB,6294
S100A1 (6271),S100A1,6271
CHTOP (26097),CHTOP,26097
ZBTB7B (51043),ZBTB7B,51043
FLAD1 (80308),FLAD1,80308
SHC1 (6464),SHC1,6464
VPS11 (55823),VPS11,55823
NLRX1 (79671),NLRX1,79671
ADAR (103),ADAR,103
IL6R (3570),IL6R,3570
UBE2Q1 (55585),UBE2Q1,55585
CHRNB2 (1141),CHRNB2,1141
CRTC2 (200186),CRTC2,200186
ANO10 (55129),ANO10,55129
FDPS (2224),FDPS,2224
RUSC1 (23623),RUSC1,23623
ENTREP3 (10712),ENTREP3,10712
PAQR6 (79957),PAQR6,79957
PMF1 (11243),PMF1,11243
SLC25A44 (9673),SLC25A44,9673
LMNA (4000),LMNA,4000
CCR5 (1234),CCR5,1234
NBEAL2 (23218),NBEAL2,23218
CCDC12 (151903),CCDC12,151903
PTH1R (5745),PTH1R,5745
UBQLN4 (56893),UBQLN4,56893
MYL3 (4634),MYL3,4634
PPP1R35 (221908),PPP1R35,221908
LRRC71 (149499),LRRC71,149499
AZGP1 (563),AZGP1,563
FGFR4 (2264),FGFR4,2264
NACC1 (112939),NACC1,112939
HK3 (3101),HK3,3101
LY6K (54742),LY6K,54742
IER2 (9592),IER2,9592
ZNF394 (84124),ZNF394,84124
CPSF4 (10898),CPSF4,10898
LY6E (4061),LY6E,4061
VPS28 (51160),VPS28,51160
TONSL (4796),TONSL,4796
PTGER1 (5731),PTGER1,5731
PWWP3A (84939),PWWP3A,84939
RECQL4 (9401),RECQL4,9401
LRRC14 (9684),LRRC14,9684
ZNF333 (84449),ZNF333,84449
COL26A1 (136227),COL26A1,136227
PPP1R16A (84988),PPP1R16A,84988
FOXH1 (8928),FOXH1,8928
ORAI2 (80228),ORAI2,80228
ALKBH4 (54784),ALKBH4,54784
SH2B2 (10603),SH2B2,10603
MRNIP (51149),MRNIP,51149
SQSTM1 (8878),SQSTM1,8878
MGAT4B (11282),MGAT4B,11282
RPL8 (6132),RPL8,6132
MAML1 (9794),MAML1,9794
LRWD1 (222229),LRWD1,222229
FBXL13 (222235),FBXL13,222235
NAPEPLD (222236),NAPEPLD,222236
PSMC2 (5701),PSMC2,5701
CELF5 (60680),CELF5,60680
MFSD12 (126321),MFSD12,126321
YDJC (150223),YDJC,150223
CCDC116 (164592),CCDC116,164592
DVL3 (1857),DVL3,1857
AP2M1 (1173),AP2M1,1173
ABCF3 (55324),ABCF3,55324
PCYT1A (5130),PCYT1A,5130
FBXO27 (126433),FBXO27,126433
DMKN (93099),DMKN,93099
U2AF1L4 (199746),U2AF1L4,199746
BDH1 (622),BDH1,622
THAP8 (199745),THAP8,199745
COX7A1 (1346),COX7A1,1346
ZNF382 (84911),ZNF382,84911
LRRC56 (115399),LRRC56,115399
PLXDC1 (57125),PLXDC1,57125
PGAP3 (93210),PGAP3,93210
IKZF3 (22806),IKZF3,22806
GRIN2C (2905),GRIN2C,2905
FDXR (2232),FDXR,2232
SAP30BP (29115),SAP30BP,29115
ACOX1 (51),ACOX1,51
PRPSAP1 (5635),PRPSAP1,5635
CYGB (114757),CYGB,114757
SRSF2 (6427),SRSF2,6427
ZNF577 (84765),ZNF577,84765
TMEM143 (55260),TMEM143,55260
KASH5 (147872),KASH5,147872
ALDH16A1 (126133),ALDH16A1,126133
ITGA5 (3678),ITGA5,3678
ZNF385A (25946),ZNF385A,25946
SIGLEC16 (400709),SIGLEC16,400709
MPP3 (4356),MPP3,4356
NAGS (162417),NAGS,162417
LSM12 (124801),LSM12,124801
ASB16 (92591),ASB16,92591
EMC10 (284361),EMC10,284361
JOSD2 (126119),JOSD2,126119
SHANK1 (50944),SHANK1,50944
FAM171A2 (284069),FAM171A2,284069
DBF4B (80174),DBF4B,80174
PLCD3 (113026),PLCD3,113026
FMNL3 (91010),FMNL3,91010
AQP5 (362),AQP5,362
RACGAP1 (29127),RACGAP1,29127
LARP4 (113251),LARP4,113251
TAMALIN (160622),TAMALIN,160622
RAVER1 (125950),RAVER1,125950
SYCE2 (256126),SYCE2,256126
SPC24 (147841),SPC24,147841
IP6K3 (117283),IP6K3,117283
LEMD2 (221496),LEMD2,221496
ALOX15 (246),ALOX15,246
ZNF653 (115950),ZNF653,115950
MED11 (400569),MED11,400569
CXCL16 (58191),CXCL16,58191
SCIMP (388325),SCIMP,388325
BCL6B (255877),BCL6B,255877
TNFSF13 (8741),TNFSF13,8741
SENP3 (26168),SENP3,26168
FGF11 (2256),FGF11,2256
EIF4A1 (1973),EIF4A1,1973
RPL26 (6154),RPL26,6154
POLR3K (51728),POLR3K,51728
SNRNP25 (79622),SNRNP25,79622
WDR90 (197335),WDR90,197335
JMJD8 (339123),JMJD8,339123
CCDC78 (124093),CCDC78,124093
SPSB3 (90864),SPSB3,90864
MEIOB (254528),MEIOB,254528
HS3ST6 (64711),HS3ST6,64711
TEDC2 (80178),TEDC2,80178
CCNF (899),CCNF,899
TBC1D24 (57465),TBC1D24,57465
AMDHD2 (51005),AMDHD2,51005
NTN3 (4917),NTN3,4917
BICDL2 (146439),BICDL2,146439
PAQR4 (124222),PAQR4,124222
FLYWCH2 (114984),FLYWCH2,114984
ZG16B (124220),ZG16B,124220
ZNF75A (7627),ZNF75A,7627
ADCY9 (115),ADCY9,115
SHANK2 (22941),SHANK2,22941
CLPB (81570),CLPB,81570
NEU3 (10825),NEU3,10825
CYB561A3 (220002),CYB561A3,220002
SAXO4 (220004),SAXO4,220004
ASRGL1 (80150),ASRGL1,80150
GNG3 (2785),GNG3,2785
UBXN1 (51035),UBXN1,51035
LBHD1 (79081),LBHD1,79081
TTC9C (283237),TTC9C,283237
TAF6L (10629),TAF6L,10629
NXF1 (10482),NXF1,10482
STX5 (6811),STX5,6811
SLC25A45 (283130),SLC25A45,283130
RPL29 (6159),RPL29,6159
ITIH3 (3699),ITIH3,3699
SYVN1 (84447),SYVN1,84447
ZFPL1 (7542),ZFPL1,7542
RPS6KA4 (8986),RPS6KA4,8986
LRP5 (4041),LRP5,4041
TPCN2 (219931),TPCN2,219931
FGF19 (9965),FGF19,9965
CYP4A22 (284541),CYP4A22,284541
PDZK1IP1 (10158),PDZK1IP1,10158
TAL1 (6886),TAL1,6886
CMPK1 (51727),CMPK1,51727
BEND5 (79656),BEND5,79656
COA7 (65260),COA7,65260
ZYG11B (79699),ZYG11B,79699
SLC1A7 (6512),SLC1A7,6512
CZIB (54987),CZIB,54987
MAGOH (4116),MAGOH,4116
ACOT11 (26027),ACOT11,26027
FAM151A (338094),FAM151A,338094
PARS2 (25973),PARS2,25973
CIMAP2 (163747),CIMAP2,163747
USP24 (23358),USP24,23358
PLPP3 (8613),PLPP3,8613
NOL9 (79707),NOL9,79707
PRKAA2 (5563),PRKAA2,5563
KLHL21 (9903),KLHL21,9903
ZSWIM5 (57643),ZSWIM5,57643
GMEB1 (10691),GMEB1,10691
SLC45A1 (50651),SLC45A1,50651
SELENON (57190),SELENON,57190
AK4 (205),AK4,205
JAK1 (3716),JAK1,3716
RAVER2 (55225),RAVER2,55225
LZIC (84328),LZIC,84328
RBP7 (116362),RBP7,116362
FBLIM1 (54751),FBLIM1,54751
SLC25A34 (284723),SLC25A34,284723
AKR7A3 (22977),AKR7A3,22977
DRAXIN (374946),DRAXIN,374946
PDPN (10630),PDPN,10630
DHRS3 (9249),DHRS3,9249
MATN1 (4146),MATN1,4146
LAPTM5 (7805),LAPTM5,7805
SDC3 (9672),SDC3,9672
PEF1 (553115),PEF1,553115
SYNC (81493),SYNC,81493
RBBP4 (5928),RBBP4,5928
NHSL3 (57648),NHSL3,57648
TSSK3 (81629),TSSK3,81629
TMCO4 (255104),TMCO4,255104
UBXN10 (127733),UBXN10,127733
CAMK2N1 (55450),CAMK2N1,55450
ALPL (249),ALPL,249
WNT4 (54361),WNT4,54361
TTLL10 (254173),TTLL10,254173
SCNN1D (6339),SCNN1D,6339
MXRA8 (54587),MXRA8,54587
FAAP20 (199990),FAAP20,199990
MEGF6 (1953),MEGF6,1953
CCDC27 (148870),CCDC27,148870
DIRAS3 (9077),DIRAS3,9077
NFIA (4774),NFIA,4774
OMA1 (115209),OMA1,115209
MYSM1 (114803),MYSM1,114803
TM2D1 (83941),TM2D1,83941
USP1 (7398),USP1,7398
FUBP1 (8880),FUBP1,8880
NEXN (91624),NEXN,91624
DNAJB4 (11080),DNAJB4,11080
LRRIQ3 (127255),LRRIQ3,127255
TYW3 (127253),TYW3,127253
SNX7 (51375),SNX7,51375
B3GALT2 (8707),B3GALT2,8707
NTNG1 (22854),NTNG1,22854
EEIG2 (284611),EEIG2,284611
HENMT1 (113802),HENMT1,113802
AKNAD1 (254268),AKNAD1,254268
C1orf52 (148423),C1orf52,148423
DNAI3 (126820),DNAI3,126820
GBP2 (2634),GBP2,2634
ATXN7L2 (127002),ATXN7L2,127002
GBP4 (115361),GBP4,115361
ZNF326 (284695),ZNF326,284695
HFM1 (164045),HFM1,164045
BRINP3 (339479),BRINP3,339479
GFI1 (2672),GFI1,2672
KCNT2 (343450),KCNT2,343450
AGL (178),AGL,178
VCAM1 (7412),VCAM1,7412
EXTL2 (2135),EXTL2,2135
SLC30A7 (148867),SLC30A7,148867
ZNF281 (23528),ZNF281,23528
ARPC5 (10092),ARPC5,10092
NLRP3 (114548),NLRP3,114548
ZNF496 (84838),ZNF496,84838
TRIM58 (25893),TRIM58,25893
SLAMF9 (89886),SLAMF9,89886
KCNJ9 (3765),KCNJ9,3765
IGSF8 (93185),IGSF8,93185
DDR2 (4921),DDR2,4921
PEA15 (8682),PEA15,8682
PEX19 (5824),PEX19,5824
NCSTN (23385),NCSTN,23385
VANGL2 (57216),VANGL2,57216
OLFML2B (25903),OLFML2B,25903
FCRLB (127943),FCRLB,127943
KLHDC9 (126823),KLHDC9,126823
C1orf74 (148304),C1orf74,148304
FLVCR1 (28982),FLVCR1,28982
ATF3 (467),ATF3,467
RBM15 (64783),RBM15,64783
DENND2D (79961),DENND2D,79961
AXDND1 (126859),AXDND1,126859
TDRD5 (163589),TDRD5,163589
IER5 (51278),IER5,51278
SNED1 (25992),SNED1,25992
BPNT1 (10380),BPNT1,10380
SPATA17 (128153),SPATA17,128153
C1orf115 (79762),C1orf115,79762
BROX (148362),BROX,148362
NBPF20 (100288142),NBPF20,100288142
ACP6 (51205),ACP6,51205
WDR64 (128025),WDR64,128025
KIF26B (55083),KIF26B,55083
TFB2M (64216),TFB2M,64216
CNST (163882),CNST,163882
PPP1R21 (129285),PPP1R21,129285
PKDCC (91461),PKDCC,91461
OXER1 (165140),OXER1,165140
HAAO (23498),HAAO,23498
B3GALNT2 (148789),B3GALNT2,148789
MAPKAPK2 (9261),MAPKAPK2,9261
IL24 (11009),IL24,11009
FCMR (9214),FCMR,9214
PIGR (5284),PIGR,5284
CAPN2 (824),CAPN2,824
MRPL55 (128308),MRPL55,128308
WDR26 (80232),WDR26,80232
REL (5966),REL,5966
PUS10 (150962),PUS10,150962
PEX13 (5194),PEX13,5194
SANBR (84542),SANBR,84542
TRIM17 (51127),TRIM17,51127
RFTN2 (130132),RFTN2,130132
DISC1 (27185),DISC1,27185
CAPN13 (92291),CAPN13,92291
MEMO1 (51072),MEMO1,51072
DPY30 (84661),DPY30,84661
TYW5 (129450),TYW5,129450
MAIP1 (79568),MAIP1,79568
KCNF1 (3754),KCNF1,3754
SLC66A3 (130814),SLC66A3,130814
ARL5A (26225),ARL5A,26225
LRATD1 (151354),LRATD1,151354
KCNJ3 (3760),KCNJ3,3760
CLHC1 (130162),CLHC1,130162
FRZB (2487),FRZB,2487
DUSP19 (142679),DUSP19,142679
CFAP36 (112942),CFAP36,112942
NUP35 (129401),NUP35,129401
CCDC138 (165055),CCDC138,165055
FBXO41 (150726),FBXO41,150726
ACTG2 (72),ACTG2,72
WDCP (80304),WDCP,80304
SMC6 (79677),SMC6,79677
VSNL1 (7447),VSNL1,7447
CCDC74A (90557),CCDC74A,90557
H3-3A (3020),H3-3A,3020
COQ8A (56997),COQ8A,56997
SLC16A14 (151473),SLC16A14,151473
EN1 (2019),EN1,2019
SGCB (6443),SGCB,6443
SPATA18 (132671),SPATA18,132671
NOSTRIN (115677),NOSTRIN,115677
CFAP221 (200373),CFAP221,200373
SGPP2 (130367),SGPP2,130367
INHBB (3625),INHBB,3625
XIRP2 (129446),XIRP2,129446
BBS5 (129880),BBS5,129880
SMARCAD1 (56916),SMARCAD1,56916
PDLIM5 (10611),PDLIM5,10611
NEURL3 (93082),NEURL3,93082
RPRD2 (23248),RPRD2,23248
ANKRD23 (200539),ANKRD23,200539
CTSS (1520),CTSS,1520
MSX1 (4487),MSX1,4487
PACRGL (133015),PACRGL,133015
BNIPL (149428),BNIPL,149428
LYSMD1 (388695),LYSMD1,388695
SCNM1 (79005),SCNM1,79005
TMOD4 (29765),TMOD4,29765
VPS72 (6944),VPS72,6944
ERCC3 (2071),ERCC3,2071
RNF149 (284996),RNF149,284996
IWS1 (55677),IWS1,55677
BOLA3 (388962),BOLA3,388962
CDC42EP3 (10602),CDC42EP3,10602
S100A11 (6282),S100A11,6282
IVL (3713),IVL,3713
SPRR3 (6707),SPRR3,6707
DHX57 (90957),DHX57,90957
PGLYRP4 (57115),PGLYRP4,57115
ARHGAP25 (9938),ARHGAP25,9938
S100A9 (6280),S100A9,6280
TGFA (7039),TGFA,7039
CCNYL1 (151195),CCNYL1,151195
FZD5 (7855),FZD5,7855
DCAF16 (54876),DCAF16,54876
NPPC (4880),NPPC,4880
GNPDA2 (132789),GNPDA2,132789
ALPP (250),ALPP,250
ALPG (251),ALPG,251
PAQR3 (152559),PAQR3,152559
NIPAL1 (152519),NIPAL1,152519
ANTXR2 (118429),ANTXR2,118429
HELQ (113510),HELQ,113510
MRPS18C (51023),MRPS18C,51023
CGGBP1 (8545),CGGBP1,8545
ABRAXAS1 (84142),ABRAXAS1,84142
GPR155 (151556),GPR155,151556
DAPL1 (92196),DAPL1,92196
PMVK (10654),PMVK,10654
PBXIP1 (57326),PBXIP1,57326
CLDN1 (9076),CLDN1,9076
PYGO2 (90780),PYGO2,90780
HIPK1 (204851),HIPK1,204851
DCST2 (127579),DCST2,127579
DCST1 (149095),DCST1,149095
COL6A3 (1293),COL6A3,1293
INAVA (55765),INAVA,55765
YY1AP1 (55249),YY1AP1,55249
KBTBD8 (84541),KBTBD8,84541
EOGT (285203),EOGT,285203
LMOD3 (56203),LMOD3,56203
NAXE (128240),NAXE,128240
POGLUT1 (56983),POGLUT1,56983
SLC22A15 (55356),SLC22A15,55356
IGFN1 (91156),IGFN1,91156
ATP1A1 (476),ATP1A1,476
SLC15A2 (6565),SLC15A2,6565
EIF4E3 (317649),EIF4E3,317649
LRRC58 (116064),LRRC58,116064
FSTL1 (11167),FSTL1,11167
LMOD1 (25802),LMOD1,25802
ELF3 (1999),ELF3,1999
TMEM183A (92703),TMEM183A,92703
TMEM169 (92691),TMEM169,92691
IGFBP7 (3490),IGFBP7,3490
TRIM46 (80128),TRIM46,80128
KRTCAP2 (200185),KRTCAP2,200185
ARPC2 (10109),ARPC2,10109
TSACC (128229),TSACC,128229
CCT3 (7203),CCT3,7203
TMEM79 (84283),TMEM79,84283
SSR2 (6746),SSR2,6746
RNF25 (64320),RNF25,64320
STK36 (27148),STK36,27148
ADORA1 (134),ADORA1,134
NEK10 (152110),NEK10,152110
CRYBA2 (1412),CRYBA2,1412
CIP2A (57650),CIP2A,57650
EOMES (8320),EOMES,8320
CWC22 (57703),CWC22,57703
AZI2 (64343),AZI2,64343
TGFBR2 (7048),TGFBR2,7048
ANKZF1 (55139),ANKZF1,55139
HDAC11 (79885),HDAC11,79885
FBLN2 (2199),FBLN2,2199
GLB1L (79411),GLB1L,79411
STT3B (201595),STT3B,201595
CHCHD4 (131474),CHCHD4,131474
NFASC (23114),NFASC,23114
SGO2 (151246),SGO2,151246
SERPINI1 (5274),SERPINI1,5274
CLASP2 (23122),CLASP2,23122
SUCLG1 (8802),SUCLG1,8802
NUAK2 (81788),NUAK2,81788
SPTA1 (6708),SPTA1,6708
PRKCI (5584),PRKCI,5584
IFI16 (3428),IFI16,3428
AIM2 (9447),AIM2,9447
EFHB (151651),EFHB,151651
EIF5A2 (56648),EIF5A2,56648
RPL22L1 (200916),RPL22L1,200916
FABP1 (2168),FABP1,2168
PPM1L (151742),PPM1L,151742
ICA1L (130026),ICA1L,130026
RYBP (23429),RYBP,23429
PPP4R2 (151987),PPP4R2,151987
CD200R1 (131450),CD200R1,131450
GTPBP8 (29083),GTPBP8,29083
RMP64 (25871),RMP64,25871
SPICE1 (152185),SPICE1,152185
CCDC191 (57577),CCDC191,57577
CADPS (8618),CADPS,8618
NKX6-1 (4825),NKX6-1,4825
CDS1 (1040),CDS1,1040
WDFY3 (23001),WDFY3,23001
COX18 (285521),COX18,285521
PTPN13 (5783),PTPN13,5783
ALB (213),ALB,213
C3orf49 (132200),C3orf49,132200
THOC7 (80145),THOC7,80145
ATXN7 (6314),ATXN7,6314
PSMD6 (9861),PSMD6,9861
PRICKLE2 (166336),PRICKLE2,166336
ADAMTS9 (56999),ADAMTS9,56999
PPM1K (152926),PPM1K,152926
ERICH6 (131831),ERICH6,131831
GMPS (8833),GMPS,8833
TIPARP (25976),TIPARP,25976
CCNL1 (57018),CCNL1,57018
PTX3 (5806),PTX3,5806
HESX1 (8820),HESX1,8820
DCLK3 (85443),DCLK3,85443
SLMAP (7871),SLMAP,7871
RPL9 (6133),RPL9,6133
SMIM14 (201895),SMIM14,201895
RPP14 (11102),RPP14,11102
ABHD6 (57406),ABHD6,57406
CFAP20DC (200844),CFAP20DC,200844
RBM47 (54502),RBM47,54502
APBB2 (323),APBB2,323
IL17RE (132014),IL17RE,132014
IL17RC (84818),IL17RC,84818
CRELD1 (78987),CRELD1,78987
PRRT3 (285368),PRRT3,285368
PCOLCE2 (26577),PCOLCE2,26577
U2SURP (23350),U2SURP,23350
MTMR14 (64419),MTMR14,64419
TTC14 (151613),TTC14,151613
CXCL3 (2921),CXCL3,2921
CXCL5 (6374),CXCL5,6374
MTHFD2L (441024),MTHFD2L,441024
CXCL1 (2919),CXCL1,2919
RCHY1 (25898),RCHY1,25898
PLSCR2 (57047),PLSCR2,57047
CCDC158 (339965),CCDC158,339965
CPA3 (1359),CPA3,1359
GYG1 (2992),GYG1,2992
HPS3 (84343),HPS3,84343
TM4SF18 (116441),TM4SF18,116441
TOPBP1 (11073),TOPBP1,11073
RYK (6259),RYK,6259
SNRK (54861),SNRK,54861
UCN (7349),UCN,7349
ZNF513 (130557),ZNF513,130557
SLC4A1AP (22950),SLC4A1AP,22950
PLB1 (151056),PLB1,151056
SPDYA (245711),SPDYA,245711
KIAA1143 (57456),KIAA1143,57456
KIF15 (56992),KIF15,56992
TGM4 (7047),TGM4,7047
WDR43 (23160),WDR43,23160
ZDHHC3 (51304),ZDHHC3,51304
CDCP1 (64866),CDCP1,64866
CLEC3B (7123),CLEC3B,7123
SLC6A20 (54716),SLC6A20,54716
LZTFL1 (54585),LZTFL1,54585
FYCO1 (79443),FYCO1,79443
CCR1 (1230),CCR1,1230
RTP3 (83597),RTP3,83597
LRRC2 (79442),LRRC2,79442
ELP6 (54859),ELP6,54859
DTX3L (151636),DTX3L,151636
ZNF148 (7707),ZNF148,7707
NMNAT3 (349565),NMNAT3,349565
SMIM12 (113444),SMIM12,113444
ZMYM6 (9204),ZMYM6,9204
TPRA1 (131601),TPRA1,131601
YEATS2 (55689),YEATS2,55689
GRIK3 (2899),GRIK3,2899
ZC3H12A (80149),ZC3H12A,80149
MEAF6 (64769),MEAF6,64769
SNIP1 (79753),SNIP1,79753
DNALI1 (7802),DNALI1,7802
POLR2H (5437),POLR2H,5437
KLF15 (28999),KLF15,28999
CFAP100 (348807),CFAP100,348807
CAMK2N2 (94032),CAMK2N2,94032
LIPH (200879),LIPH,200879
TMEM41A (90407),TMEM41A,90407
RPN1 (6184),RPN1,6184
SENP2 (59343),SENP2,59343
HEYL (26508),HEYL,26508
IFT122 (55764),IFT122,55764
RFC4 (5984),RFC4,5984
RPL39L (116832),RPL39L,116832
BAP1 (8314),BAP1,8314
TKT (7086),TKT,7086
PRKCD (5580),PRKCD,5580
RFT1 (91869),RFT1,91869
SFMBT1 (51460),SFMBT1,51460
GNL3 (26354),GNL3,26354
PBRM1 (55193),PBRM1,55193
UVSSA (57654),UVSSA,57654
TASOR (23272),TASOR,23272
ARHGEF3 (50650),ARHGEF3,50650
SLBP (7884),SLBP,7884
LRPAP1 (4043),LRPAP1,4043
SLC51A (200931),SLC51A,200931
UBXN7 (26043),UBXN7,26043
RNF168 (165918),RNF168,165918
PIGX (54965),PIGX,54965
MELTF (4241),MELTF,4241
S100P (6286),S100P,6286
ABLIM2 (84448),ABLIM2,84448
EXO5 (64789),EXO5,64789
C1orf50 (79078),C1orf50,79078
ERMAP (114625),ERMAP,114625
ZNF691 (51058),ZNF691,51058
AIMP1 (9255),AIMP1,9255
SGMS2 (166929),SGMS2,166929
METAP1 (23173),METAP1,23173
DNAJB14 (79982),DNAJB14,79982
H2AZ1 (3015),H2AZ1,3015
SLC9B1 (150159),SLC9B1,150159
SLC9B2 (133308),SLC9B2,133308
BDH2 (56898),BDH2,56898
PGRMC2 (10424),PGRMC2,10424
CDC25A (993),CDC25A,993
CAMP (820),CAMP,820
ZNF589 (51385),ZNF589,51385
FBXW12 (285231),FBXW12,285231
PLXNB1 (5364),PLXNB1,5364
CCDC51 (79714),CCDC51,79714
ATRIP (84126),ATRIP,84126
SHISA5 (51246),SHISA5,51246
SPRY1 (10252),SPRY1,10252
BSN (8927),BSN,8927
APEH (327),APEH,327
INTU (27152),INTU,27152
RNF123 (63891),RNF123,63891
HSPA4L (22824),HSPA4L,22824
MFSD8 (256471),MFSD8,256471
ABHD18 (80167),ABHD18,80167
CAMKV (79012),CAMKV,79012
MON1A (84315),MON1A,84315
MST1R (4486),MST1R,4486
RAD54L2 (23132),RAD54L2,23132
TEX264 (51368),TEX264,51368
GRM2 (2912),GRM2,2912
DUSP7 (1849),DUSP7,1849
POC1A (25886),POC1A,25886
PPM1M (132160),PPM1M,132160
ETNPPL (64850),ETNPPL,64850
WDR82 (80335),WDR82,80335
PITX2 (5308),PITX2,5308
ARLN (401152),ARLN,401152
PRSS12 (8492),PRSS12,8492
NDST3 (9348),NDST3,9348
HMGB2 (3148),HMGB2,3148
SAP30 (8819),SAP30,8819
SCRG1 (11341),SCRG1,11341
HAND2 (9464),HAND2,9464
MAD2L1 (4085),MAD2L1,4085
ANXA5 (308),ANXA5,308
SMIM43 (132332),SMIM43,132332
MAP9 (79884),MAP9,79884
GUCY1A1 (2982),GUCY1A1,2982
FBXO8 (26269),FBXO8,26269
CEP44 (80817),CEP44,80817
HPGD (3248),HPGD,3248
ASB5 (140458),ASB5,140458
TMEM144 (55314),TMEM144,55314
GASK1B (51313),GASK1B,51313
NPY1R (4886),NPY1R,4886
NAA15 (80155),NAA15,80155
IL15 (3600),IL15,3600
FHIP1A (729830),FHIP1A,729830
ARFIP1 (27236),ARFIP1,27236
ICE1 (23379),ICE1,23379
HHIP (64399),HHIP,64399
ANAPC10 (10393),ANAPC10,10393
ABCE1 (6059),ABCE1,6059
OTUD4 (54726),OTUD4,54726
LSM6 (11157),LSM6,11157
TMEM184C (55751),TMEM184C,55751
PRMT9 (90826),PRMT9,90826
ITGA2 (3673),ITGA2,3673
MOCS2 (4338),MOCS2,4338
SLC45A2 (51151),SLC45A2,51151
EDIL3 (10085),EDIL3,10085
TMEM161B (153396),TMEM161B,153396
ELOVL7 (79993),ELOVL7,79993
NDUFAF2 (91942),NDUFAF2,91942
ZNF474 (133923),ZNF474,133923
LMBRD2 (92255),LMBRD2,92255
RANBP3L (202151),RANBP3L,202151
NIPBL (25836),NIPBL,25836
RNF180 (285671),RNF180,285671
ADGRV1 (84059),ADGRV1,84059
SLC25A46 (91137),SLC25A46,91137
STARD4 (134429),STARD4,134429
PGGT1B (5229),PGGT1B,5229
F2RL2 (2151),F2RL2,2151
CCDC112 (153733),CCDC112,153733
ANKRD33B (651746),ANKRD33B,651746
CMBL (134147),CMBL,134147
C5orf63 (401207),C5orf63,401207
PRRC1 (133619),PRRC1,133619
F2RL1 (2150),F2RL1,2150
AGGF1 (55109),AGGF1,55109
WDR41 (55255),WDR41,55255
NDUFS4 (4724),NDUFS4,4724
ESM1 (11082),ESM1,11082
GRPEL2 (134266),GRPEL2,134266
ARSK (153642),ARSK,153642
RHOBTB3 (22836),RHOBTB3,22836
GPX8 (493869),GPX8,493869
TIGD6 (81789),TIGD6,81789
SERINC5 (256987),SERINC5,256987
CAGE1 (285782),CAGE1,285782
CASP3 (836),CASP3,836
PRIMPOL (201973),PRIMPOL,201973
ERAP1 (51752),ERAP1,51752
ERAP2 (64167),ERAP2,64167
CMYA5 (202333),CMYA5,202333
EGFLAM (133584),EGFLAM,133584
CFAP97 (57587),CFAP97,57587
RICTOR (253260),RICTOR,253260
TENT2 (167153),TENT2,167153
EBF1 (1879),EBF1,1879
ANKRA2 (57763),ANKRA2,57763
UBLCP1 (134510),UBLCP1,134510
UTP15 (84135),UTP15,84135
TLR3 (7098),TLR3,7098
KLKB1 (3818),KLKB1,3818
NSA2 (10412),NSA2,10412
GFM2 (84340),GFM2,84340
TERT (7015),TERT,7015
CCDC127 (133957),CCDC127,133957
FOXQ1 (94234),FOXQ1,94234
ACSL6 (23305),ACSL6,23305
CSF2 (1437),CSF2,1437
SEPTIN8 (23176),SEPTIN8,23176
SHROOM1 (134549),SHROOM1,134549
GDF9 (2661),GDF9,2661
UQCRQ (27089),UQCRQ,27089
LEAP2 (116842),LEAP2,116842
SLC35A1 (10559),SLC35A1,10559
GRIK2 (2898),GRIK2,2898
CGAS (115004),CGAS,115004
FABP7 (2173),FABP7,2173
TLX3 (30012),TLX3,30012
TXLNB (167838),TXLNB,167838
CITED2 (10370),CITED2,10370
CALHM4 (221301),CALHM4,221301
TBXT (6862),TBXT,6862
CREBRF (153222),CREBRF,153222
DCBLD1 (285761),DCBLD1,285761
SFXN1 (94081),SFXN1,94081
SAMD3 (154075),SAMD3,154075
TMEM200A (114801),TMEM200A,114801
DACT2 (168002),DACT2,168002
PDSS2 (57107),PDSS2,57107
STXBP5 (134957),STXBP5,134957
IL31RA (133396),IL31RA,133396
ANKRD55 (79722),ANKRD55,79722
RAET1E (135250),RAET1E,135250
PI16 (221476),PI16,221476
TBX20 (57057),TBX20,57057
DAGLB (221955),DAGLB,221955
MATCAP2 (23366),MATCAP2,23366
STK17A (9263),STK17A,9263
TRA2A (29896),TRA2A,29896
GALNT10 (55568),GALNT10,55568
SAP30L (79685),SAP30L,79685
RPS14 (6208),RPS14,6208
HCN1 (348980),HCN1,348980
MYOZ3 (91977),MYOZ3,91977
COG5 (10466),COG5,10466
SAMTOR (154743),SAMTOR,154743
GPR85 (54329),GPR85,54329
SLU7 (10569),SLU7,10569
RP9 (6100),RP9,6100
PTTG1 (9232),PTTG1,9232
CAMLG (819),CAMLG,819
BMPER (168667),BMPER,168667
RELL2 (285613),RELL2,285613
KCNK5 (8645),KCNK5,8645
KIF6 (221458),KIF6,221458
ZNF12 (7559),ZNF12,7559
SLC29A4 (222962),SLC29A4,222962
STEAP1 (26872),STEAP1,26872
CDCA7L (55536),CDCA7L,55536
SP8 (221833),SP8,221833
MIOS (54468),MIOS,54468
ELAPOR2 (222223),ELAPOR2,222223
USP49 (25862),USP49,25862
SYTL3 (94120),SYTL3,94120
IQUB (154865),IQUB,154865
HEY1 (23462),HEY1,23462
ZNF704 (619279),ZNF704,619279
FABP5 (2171),FABP5,2171
SHH (6469),SHH,6469
TAGAP (117289),TAGAP,117289
COL1A2 (1278),COL1A2,1278
FNDC1 (84624),FNDC1,84624
CHMP4C (92421),CHMP4C,92421
SLC13A4 (26266),SLC13A4,26266
BRI3 (25798),BRI3,25798
LMTK2 (22853),LMTK2,22853
CTSB (1508),CTSB,1508
SOX17 (64321),SOX17,64321
DLC1 (10395),DLC1,10395
ADCY1 (107),ADCY1,107
C8orf48 (157773),C8orf48,157773
SUN3 (256979),SUN3,256979
C7orf57 (136288),C7orf57,136288
HNF4G (3174),HNF4G,3174
PEX2 (5828),PEX2,5828
RAD21 (5885),RAD21,5885
MED30 (90390),MED30,90390
TNFRSF11B (4982),TNFRSF11B,4982
SBSPON (157869),SBSPON,157869
PHKG1 (5260),PHKG1,5260
EN2 (2020),EN2,2020
CSMD3 (114788),CSMD3,114788
SPIDR (23514),SPIDR,23514
ORC5 (5001),ORC5,5001
DNAAF5 (54919),DNAAF5,54919
OSGIN2 (734),OSGIN2,734
DEFB1 (1672),DEFB1,1672
SUN1 (23353),SUN1,23353
OXR1 (55074),OXR1,55074
TMEM74 (157753),TMEM74,157753
GPR146 (115330),GPR146,115330
GPER1 (2852),GPER1,2852
TMEM184A (202915),TMEM184A,202915
NOS3 (4846),NOS3,4846
MICALL2 (79778),MICALL2,79778
CA3 (761),CA3,761
INTS1 (26173),INTS1,26173
CDK5 (1020),CDK5,1020
SLC4A2 (6522),SLC4A2,6522
SLC7A13 (157724),SLC7A13,157724
FASTK (10922),FASTK,10922
TMUB1 (83590),TMUB1,83590
FMC1 (154791),FMC1,154791
PHAX (51808),PHAX,51808
ALDH7A1 (501),ALDH7A1,501
FOXK1 (221937),FOXK1,221937
COX6C (1345),COX6C,1345
OSR2 (116039),OSR2,116039
YWHAZ (7534),YWHAZ,7534
BAALC (79870),BAALC,79870
FZD6 (8323),FZD6,8323
CTHRC1 (115908),CTHRC1,115908
SLC25A32 (81034),SLC25A32,81034
DCAF13 (25879),DCAF13,25879
TP53INP1 (94241),TP53INP1,94241
INTS8 (55656),INTS8,55656
VIRMA (25962),VIRMA,25962
FREM1 (158326),FREM1,158326
GEM (2669),GEM,2669
PDP1 (54704),PDP1,54704
TMEM67 (91147),TMEM67,91147
WASHC5 (9897),WASHC5,9897
RPP25L (138716),RPP25L,138716
FAM219A (203259),FAM219A,203259
SPMIP6 (84688),SPMIP6,84688
SNAPC3 (6619),SNAPC3,6619
MYORG (57462),MYORG,57462
NUDT2 (318),NUDT2,318
TMEM65 (157378),TMEM65,157378
PSIP1 (11168),PSIP1,11168
CCDC171 (203238),CCDC171,203238
UBAP1 (51271),UBAP1,51271
DIRAS2 (54769),DIRAS2,54769
SYK (6850),SYK,6850
NIPSNAP3B (55335),NIPSNAP3B,55335
ABCA1 (19),ABCA1,19
NFIL3 (4783),NFIL3,4783
LETM2 (137994),LETM2,137994
METTL2B (55798),METTL2B,55798
FXN (2395),FXN,2395
ZMAT4 (79698),ZMAT4,79698
TMEM71 (137835),TMEM71,137835
MAMDC2 (256691),MAMDC2,256691
PRSS37 (136242),PRSS37,136242
C8orf34 (116328),C8orf34,116328
TMC1 (117531),TMC1,117531
ALDH1A1 (216),ALDH1A1,216
KDM1B (221656),KDM1B,221656
HGSNAT (138050),HGSNAT,138050
RASEF (158158),RASEF,158158
GKAP1 (80318),GKAP1,80318
KIF27 (55582),KIF27,55582
QNG1 (84267),QNG1,84267
HNRNPK (3190),HNRNPK,3190
SVEP1 (79987),SVEP1,79987
TRPV6 (55503),TRPV6,55503
ANKS6 (203286),ANKS6,203286
FBP1 (2203),FBP1,2203
PGAP4 (84302),PGAP4,84302
ZHX1 (11244),ZHX1,11244
CFAP47 (286464),CFAP47,286464
CYBB (1536),CYBB,1536
DYNLT3 (6990),DYNLT3,6990
METTL27 (155368),METTL27,155368
MID1IP1 (58526),MID1IP1,58526
SHOC1 (158401),SHOC1,158401
KIAA1958 (158405),KIAA1958,158405
PTCHD1 (139411),PTCHD1,139411
RNF183 (138065),RNF183,138065
PCDH19 (57526),PCDH19,57526
PIGA (5277),PIGA,5277
VEGFD (2277),VEGFD,2277
STRBP (55342),STRBP,55342
CLDN3 (1365),CLDN3,1365
GAPVD1 (26130),GAPVD1,26130
CARD19 (84270),CARD19,84270
WNK2 (65268),WNK2,65268
ATP7A (538),ATP7A,538
ZNF367 (195828),ZNF367,195828
HDX (139324),HDX,139324
NDUFB6 (4712),NDUFB6,4712
AQP7 (364),AQP7,364
NOL6 (65083),NOL6,65083
AQP3 (360),AQP3,360
TRMT10B (158234),TRMT10B,158234
VCP (7415),VCP,7415
PIGO (84720),PIGO,84720
STOML2 (30968),STOML2,30968
BRWD3 (254065),BRWD3,254065
SLITRK5 (26050),SLITRK5,26050
MELK (9833),MELK,9833
ARMC3 (219681),ARMC3,219681
OTUD1 (220213),OTUD1,220213
ARHGAP12 (94134),ARHGAP12,94134
FAT3 (120114),FAT3,120114
HECTD2 (143279),HECTD2,143279
FBXO33 (254170),FBXO33,254170
INTS6L (203522),INTS6L,203522
CLDN2 (9075),CLDN2,9075
LRFN5 (145581),LRFN5,145581
SPTSSA (171546),SPTSSA,171546
WRN (7486),WRN,7486
MARCHF8 (220972),MARCHF8,220972
CFL2 (1073),CFL2,1073
SUGT1 (10910),SUGT1,10910
GTF2A1 (2957),GTF2A1,2957
ZCCHC24 (219654),ZCCHC24,219654
PGM2L1 (283209),PGM2L1,283209
PHYHIPL (84457),PHYHIPL,84457
SLC16A9 (220963),SLC16A9,220963
INPPL1 (3636),INPPL1,3636
GJB2 (2706),GJB2,2706
CRYL1 (51084),CRYL1,51084
REEP3 (221035),REEP3,221035
SKA3 (221150),SKA3,221150
MICU2 (221154),MICU2,221154
DDIAS (220042),DDIAS,220042
PCF11 (51585),PCF11,51585
PKNOX2 (63876),PKNOX2,63876
LRR1 (122769),LRR1,122769
RPL36AL (6166),RPL36AL,6166
DNAAF2 (55172),DNAAF2,55172
DEPP1 (11067),DEPP1,11067
ZNF22 (7570),ZNF22,7570
KLHDC2 (23588),KLHDC2,23588
EML5 (161436),EML5,161436
NEMF (9147),NEMF,9147
RPUSD4 (84881),RPUSD4,84881
ARF6 (382),ARF6,382
TTC8 (123016),TTC8,123016
TMEM63C (57156),TMEM63C,57156
NOXRED1 (122945),NOXRED1,122945
CDX2 (1045),CDX2,1045
AKR1E2 (83592),AKR1E2,83592
KBTBD6 (89890),KBTBD6,89890
FAAH2 (158584),FAAH2,158584
NUDT5 (11164),NUDT5,11164
DACT1 (51339),DACT1,51339
OXGR1 (27199),OXGR1,27199
BEND7 (222389),BEND7,222389
ATP5F1C (509),ATP5F1C,509
PRPF18 (8559),PRPF18,8559
TAF3 (83860),TAF3,83860
VSTM4 (196740),VSTM4,196740
VDAC2 (7417),VDAC2,7417
COMTD1 (118881),COMTD1,118881
SLC18A2 (6571),SLC18A2,6571
PDZD8 (118987),PDZD8,118987
ZNF503 (84858),ZNF503,84858
ABRAXAS2 (23172),ABRAXAS2,23172
QSOX2 (169714),QSOX2,169714
FAM204A (63877),FAM204A,63877
NSD1 (64324),NSD1,64324
PRDX3 (10935),PRDX3,10935
ENOX2 (10495),ENOX2,10495
GHITM (27069),GHITM,27069
SNAPC4 (6621),SNAPC4,6621
TMEM52B (120939),TMEM52B,120939
PMPCA (23203),PMPCA,23203
ENTR1 (10807),ENTR1,10807
AK8 (158067),AK8,158067
SPACA9 (11092),SPACA9,11092
TSC1 (7248),TSC1,7248
GFI1B (8328),GFI1B,8328
HPRT1 (3251),HPRT1,3251
BORCS5 (118426),BORCS5,118426
DIPK1B (138311),DIPK1B,138311
ZMYND19 (116225),ZMYND19,116225
STOX1 (219736),STOX1,219736
RET (5979),RET,5979
DDX21 (9188),DDX21,9188
BMS1 (9790),BMS1,9790
STK32C (282974),STK32C,282974
JCAD (57608),JCAD,57608
FUNDC2 (65991),FUNDC2,65991
PIP4P1 (90809),PIP4P1,90809
METTL17 (64745),METTL17,64745
SLC39A2 (29986),SLC39A2,29986
NDRG2 (57447),NDRG2,57447
RNASE7 (84659),RNASE7,84659
ARHGEF40 (55701),ARHGEF40,55701
NSMF (26012),NSMF,26012
ZNF219 (51222),ZNF219,51222
CASP7 (840),CASP7,840
PPP1R36 (145376),PPP1R36,145376
BTNL9 (153579),BTNL9,153579
CCDC186 (55088),CCDC186,55088
VWA2 (340706),VWA2,340706
METTL3 (56339),METTL3,56339
SALL2 (6297),SALL2,6297
TRUB1 (142940),TRUB1,142940
ERICH6B (220081),ERICH6B,220081
CYP2C19 (1557),CYP2C19,1557
ZFYVE1 (53349),ZFYVE1,53349
SPMIP5 (143379),SPMIP5,143379
HSPA12A (259217),HSPA12A,259217
FRAT1 (10023),FRAT1,10023
UBTD1 (80019),UBTD1,80019
ANKRD2 (26287),ANKRD2,26287
E2F7 (144455),E2F7,144455
ARHGAP42 (143872),ARHGAP42,143872
ISCA2 (122961),ISCA2,122961
OTOGL (283310),OTOGL,283310
LARGE2 (120071),LARGE2,120071
PACSIN3 (29763),PACSIN3,29763
TTC7B (145567),TTC7B,145567
SLC39A13 (91252),SLC39A13,91252
PSMC3 (5702),PSMC3,5702
RAPSN (5913),RAPSN,5913
AGBL2 (79841),AGBL2,79841
TC2N (123036),TC2N,123036
CPSF2 (53981),CPSF2,53981
SMCO2 (341346),SMCO2,341346
MOAP1 (64112),MOAP1,64112
IFI27L1 (122509),IFI27L1,122509
IFI27 (3429),IFI27,3429
CLMN (79789),CLMN,79789
CCDC38 (120935),CCDC38,120935
NELL1 (4745),NELL1,4745
PTER (9317),PTER,9317
C1QL3 (389941),C1QL3,389941
CACNB2 (783),CACNB2,783
HACD1 (9200),HACD1,9200
ARL5B (221079),ARL5B,221079
SMCO4 (56935),SMCO4,56935
CEP295 (85459),CEP295,85459
TAF1D (79101),TAF1D,79101
ABTB2 (25841),ABTB2,25841
R3HCC1L (27291),R3HCC1L,27291
AMOTL1 (154810),AMOTL1,154810
HTRA1 (5654),HTRA1,5654
LIPC (3990),LIPC,3990
CEP57 (9702),CEP57,9702
TCP11L2 (255394),TCP11L2,255394
SPRED1 (161742),SPRED1,161742
GPR176 (11245),GPR176,11245
JAM3 (83700),JAM3,83700
GLB1L3 (112937),GLB1L3,112937
ADAMTS15 (170689),ADAMTS15,170689
SVOP (55530),SVOP,55530
GPT2 (84706),GPT2,84706
AMN (81693),AMN,81693
RAB8B (51762),RAB8B,51762
IKBIP (121457),IKBIP,121457
RPUSD2 (27079),RPUSD2,27079
HIF1AN (55662),HIF1AN,55662
NDUFB8 (4714),NDUFB8,4714
ZFYVE19 (84936),ZFYVE19,84936
PPP1R14D (54866),PPP1R14D,54866
SPINT1 (6692),SPINT1,6692
FBN1 (2200),FBN1,2200
DEPDC4 (120863),DEPDC4,120863
LRTM2 (654429),LRTM2,654429
BRD7 (29117),BRD7,29117
CKB (1152),CKB,1152
TRMT61A (115708),TRMT61A,115708
BTRC (8945),BTRC,8945
POLL (27343),POLL,27343
BAG5 (9529),BAG5,9529
DPCD (25911),DPCD,25911
LARP6 (55323),LARP6,55323
API5 (8539),API5,8539
ASPG (374569),ASPG,374569
ZNF319 (57567),ZNF319,57567
HPS6 (79803),HPS6,79803
SENP8 (123228),SENP8,123228
NOLC1 (9221),NOLC1,9221
ALKBH3 (221120),ALKBH3,221120
COPS2 (9318),COPS2,9318
GABRB3 (2562),GABRB3,2562
TBATA (219793),TBATA,219793
SGPL1 (8879),SGPL1,8879
FRS2 (10818),FRS2,10818
CCT2 (10576),CCT2,10576
PCBD1 (5092),PCBD1,5092
ARIH1 (25820),ARIH1,25820
DNAAF8 (146562),DNAAF8,146562
CLMP (79827),CLMP,79827
SCN3B (55800),SCN3B,55800
COX11 (1353),COX11,1353
ZNF202 (7753),ZNF202,7753
FAM227B (196951),FAM227B,196951
STXBP4 (252983),STXBP4,252983
CYYR1 (116159),CYYR1,116159
CUL5 (8065),CUL5,8065
MYRFL (196446),MYRFL,196446
WBP1L (54838),WBP1L,54838
BORCS7 (119032),BORCS7,119032
PLEKHF1 (79156),PLEKHF1,79156
TMEM100 (55273),TMEM100,55273
ANAPC16 (119504),ANAPC16,119504
SMPD1 (6609),SMPD1,6609
APBB1 (322),APBB1,322
SYNPO2L (79933),SYNPO2L,79933
NUDT13 (25961),NUDT13,25961
C11orf65 (160140),C11orf65,160140
TRIM44 (54765),TRIM44,54765
ILK (3611),ILK,3611
TAF10 (6881),TAF10,6881
TPP1 (1200),TPP1,1200
DCHS1 (8642),DCHS1,8642
NETO1 (81832),NETO1,81832
MSS51 (118490),MSS51,118490
CYB5A (1528),CYB5A,1528
USP54 (159195),USP54,159195
RAG1 (5896),RAG1,5896
POTED (317754),POTED,317754
IFTAP (119710),IFTAP,119710
WDR88 (126248),WDR88,126248
ATP9B (374868),ATP9B,374868
PPFIBP2 (8495),PPFIBP2,8495
MOGAT2 (80168),MOGAT2,80168
CYB5R2 (51700),CYB5R2,51700
SERPINB7 (8710),SERPINB7,8710
GARRE1 (9710),GARRE1,9710
SERPINB8 (5271),SERPINB8,5271
TUB (7275),TUB,7275
RIC3 (79608),RIC3,79608
LMO1 (4004),LMO1,4004
IDH3A (3419),IDH3A,3419
WDR72 (256764),WDR72,256764
CRABP1 (1381),CRABP1,1381
PLD4 (122618),PLD4,122618
ZMAT1 (84460),ZMAT1,84460
XRRA1 (143570),XRRA1,143570
TRIM66 (9866),TRIM66,9866
RNF169 (254225),RNF169,254225
RPL27A (6157),RPL27A,6157
DENND2B (6764),DENND2B,6764
CDYL2 (124359),CDYL2,124359
TMEM130 (222865),TMEM130,222865
PRTG (283659),PRTG,283659
CENPN (55839),CENPN,55839
AKIP1 (56672),AKIP1,56672
ATMIN (23300),ATMIN,23300
TMEM41B (440026),TMEM41B,440026
PKD1L2 (114780),PKD1L2,114780
LEO1 (123169),LEO1,123169
ZNF143 (7702),ZNF143,7702
TMX3 (54495),TMX3,54495
MFAP4 (4239),MFAP4,4239
WEE1 (7465),WEE1,7465
MAPK7 (5598),MAPK7,5598
PRKCB (5579),PRKCB,5579
HDGFL3 (50810),HDGFL3,50810
NDST2 (8509),NDST2,8509
MCM7 (4176),MCM7,4176
CLEC3A (10143),CLEC3A,10143
CCDC68 (80323),CCDC68,80323
ZNF3 (7551),ZNF3,7551
ZSCAN21 (7589),ZSCAN21,7589
RIMKLB (57494),RIMKLB,57494
A2ML1 (144568),A2ML1,144568
BEAN1 (146227),BEAN1,146227
TK2 (7084),TK2,7084
TMED3 (23423),TMED3,23423
SEC11C (90701),SEC11C,90701
TMEM135 (65084),TMEM135,65084
IQCD (115811),IQCD,115811
NDEL1 (81565),NDEL1,81565
CENPV (201161),CENPV,201161
RRAD (6236),RRAD,6236
CIAO2B (51647),CIAO2B,51647
CFAP52 (146845),CFAP52,146845
HSP90B1 (7184),HSP90B1,7184
BLCAP (10904),BLCAP,10904
CHRFAM7A (89832),CHRFAM7A,89832
ATF7IP2 (80063),ATF7IP2,80063
MMP10 (4319),MMP10,4319
TVP23A (780776),TVP23A,780776
BEX3 (27018),BEX3,27018
TMPRSS5 (80975),TMPRSS5,80975
COG1 (9382),COG1,9382
PLEKHA7 (144100),PLEKHA7,144100
ZNF606 (80095),ZNF606,80095
ZCCHC18 (644353),ZCCHC18,644353
B2M (567),B2M,567
ZNF592 (9640),ZNF592,9640
GOLM2 (113201),GOLM2,113201
NNMT (4837),NNMT,4837
ACSM1 (116285),ACSM1,116285
AP1G1 (164),AP1G1,164
SLFN5 (162394),SLFN5,162394
CATSPER2 (117155),CATSPER2,117155
BMERB1 (89927),BMERB1,89927
MARF1 (9665),MARF1,9665
SAAL1 (113174),SAAL1,113174
YPEL4 (219539),YPEL4,219539
PPIB (5479),PPIB,5479
LDHC (3948),LDHC,3948
CIAO2A (84191),CIAO2A,84191
LDHAL6A (160287),LDHAL6A,160287
FAM111A (63901),FAM111A,63901
PCLAF (9768),PCLAF,9768
KIF7 (374654),KIF7,374654
LDHD (197257),LDHD,197257
PLIN1 (5346),PLIN1,5346
PEX11A (8800),PEX11A,8800
TMEM170A (124491),TMEM170A,124491
MESP1 (55897),MESP1,55897
ANPEP (290),ANPEP,290
SCNN1G (6340),SCNN1G,6340
RBPMS2 (348093),RBPMS2,348093
NAV2 (89797),NAV2,89797
ANKDD1A (348094),ANKDD1A,348094
GLYATL1 (92292),GLYATL1,92292
C18orf54 (162681),C18orf54,162681
DCTN5 (84516),DCTN5,84516
TERF2IP (54386),TERF2IP,54386
PLK1 (5347),PLK1,5347
CLPX (10845),CLPX,10845
GPR182 (11318),GPR182,11318
ZBTB39 (9880),ZBTB39,9880
TAC3 (6866),TAC3,6866
MYO1A (4640),MYO1A,4640
NEMP1 (23306),NEMP1,23306
NAB2 (4665),NAB2,4665
VPS39 (23339),VPS39,23339
STAT6 (6778),STAT6,6778
PATL1 (219988),PATL1,219988
ATP23 (91419),ATP23,91419
ELFN2 (114794),ELFN2,114794
STX3 (6809),STX3,6809
MRPL16 (54948),MRPL16,54948
PIP4K2C (79837),PIP4K2C,79837
MTMR10 (54893),MTMR10,54893
YWHAB (7529),YWHAB,7529
C15orf48 (84419),C15orf48,84419
SCG5 (6447),SCG5,6447
GREM1 (26585),GREM1,26585
NYAP1 (222950),NYAP1,222950
TSC22D4 (81628),TSC22D4,81628
MS4A7 (58475),MS4A7,58475
MS4A14 (84689),MS4A14,84689
DIS3L (115752),DIS3L,115752
CCNDBP1 (23582),CCNDBP1,23582
SMAD3 (4088),SMAD3,4088
MAP1A (4130),MAP1A,4130
RCCD1 (91433),RCCD1,91433
AKTIP (64400),AKTIP,64400
MAPRE2 (10982),MAPRE2,10982
EVA1C (59271),EVA1C,59271
MARS1 (4141),MARS1,4141
MBD6 (114785),MBD6,114785
CNPY4 (245812),CNPY4,245812
PDIA3 (2923),PDIA3,2923
NUDT21 (11051),NUDT21,11051
NAT16 (375607),NAT16,375607
NKX3-1 (4824),NKX3-1,4824
SGSM1 (129049),SGSM1,129049
DUSP18 (150290),DUSP18,150290
TEF (7008),TEF,7008
MEI1 (150365),MEI1,150365
B4GALNT2 (124872),B4GALNT2,124872
PBX3 (5090),PBX3,5090
PHB1 (5245),PHB1,5245
SNRPD1 (6632),SNRPD1,6632
TTC16 (158248),TTC16,158248
SAMD14 (201191),SAMD14,201191
PIP5KL1 (138429),PIP5KL1,138429
TMEM92 (162461),TMEM92,162461
EEIG1 (399665),EEIG1,399665
ACSF2 (80221),ACSF2,80221
GOLGA2 (2801),GOLGA2,2801
TRUB2 (26995),TRUB2,26995
COQ4 (51117),COQ4,51117
SLC27A4 (10999),SLC27A4,10999
URM1 (81605),URM1,81605
CERCAM (51148),CERCAM,51148
DOLPP1 (57171),DOLPP1,57171
ENDOG (2021),ENDOG,2021
PRRX2 (51450),PRRX2,51450
C15orf39 (56905),C15orf39,56905
ISLR2 (57611),ISLR2,57611
SP2 (6668),SP2,6668
PRR15L (79170),PRR15L,79170
COQ7 (10229),COQ7,10229
GPRC5B (51704),GPRC5B,51704
CRK (1398),CRK,1398
FBXO22 (26263),FBXO22,26263
TBC1D2B (23102),TBC1D2B,23102
NOD2 (64127),NOD2,64127
KATNAL2 (83473),KATNAL2,83473
HDHD2 (84064),HDHD2,84064
ZNF91 (7644),ZNF91,7644
IGF2 (3481),IGF2,3481
RNF214 (257160),RNF214,257160
CDK12 (51755),CDK12,51755
DUS2 (54920),DUS2,54920
POP5 (51367),POP5,51367
ENGASE (64772),ENGASE,64772
RBFOX3 (146713),RBFOX3,146713
ATP5MG (10632),ATP5MG,10632
TBC1D16 (125058),TBC1D16,125058
TEPSIN (146705),TEPSIN,146705
MYO5B (4645),MYO5B,4645
ART5 (116969),ART5,116969
ACAA2 (10449),ACAA2,10449
STIM1 (6786),STIM1,6786
RRM1 (6240),RRM1,6240
TRIM68 (55128),TRIM68,55128
FN3K (64122),FN3K,64122
PRRT2 (112476),PRRT2,112476
ZNF23 (7571),ZNF23,7571
IRGQ (126298),IRGQ,126298
ZNF226 (7769),ZNF226,7769
ZNF180 (7733),ZNF180,7733
PPP2R3B (28227),PPP2R3B,28227
ZNF668 (79759),ZNF668,79759
ZNF646 (9726),ZNF646,9726
VKORC1 (79001),VKORC1,79001
SMG8 (55181),SMG8,55181
TPM4 (7171),TPM4,7171
RAB8A (4218),RAB8A,4218
GPX4 (2879),GPX4,2879
MIDN (90007),MIDN,90007
JSRP1 (126306),JSRP1,126306
NIBAN3 (199786),NIBAN3,199786
KLHL26 (55295),KLHL26,55295
GATAD2A (54815),GATAD2A,54815
MVD (4597),MVD,4597
CDT1 (81620),CDT1,81620
TRAPPC2L (51693),TRAPPC2L,51693
ANKRD11 (29123),ANKRD11,29123
SPATA33 (124045),SPATA33,124045
RSKR (124923),RSKR,124923
PROCA1 (147011),PROCA1,147011
RPL13 (6137),RPL13,6137
ZNF641 (121274),ZNF641,121274
CACNB3 (784),CACNB3,784
DHRS13 (147015),DHRS13,147015
TP53I13 (90313),TP53I13,90313
KMT2D (8085),KMT2D,8085
CORO6 (84940),CORO6,84940
RHEBL1 (121268),RHEBL1,121268
TUBA1A (7846),TUBA1A,7846
TUBA1C (84790),TUBA1C,84790
ZNF610 (162963),ZNF610,162963
ZNF528 (84436),ZNF528,84436
ZNF701 (55762),ZNF701,55762
SERTAD3 (29946),SERTAD3,29946
NCKAP5L (57701),NCKAP5L,57701
RAB4B (53916),RAB4B,53916
AQP2 (359),AQP2,359
GPD1 (2819),GPD1,2819
PROSER3 (148137),PROSER3,148137
CYP2S1 (29785),CYP2S1,29785
AXL (558),AXL,558
NFKBID (84807),NFKBID,84807
TMC4 (147798),TMC4,147798
TTYH1 (57348),TTYH1,57348
LENG8 (114823),LENG8,114823
CDC42EP5 (148170),CDC42EP5,148170
TMEM145 (284339),TMEM145,284339
ZNF526 (116115),ZNF526,116115
TRAPPC9 (83696),TRAPPC9,83696
ZNF146 (7705),ZNF146,7705
ZNF283 (284349),ZNF283,284349
PPP1R14A (94274),PPP1R14A,94274
SPINT2 (10653),SPINT2,10653
YIF1B (90522),YIF1B,90522
DNAAF3 (352909),DNAAF3,352909
PSCA (8000),PSCA,8000
ATCAY (85300),ATCAY,85300
LY6D (8581),LY6D,8581
DAPK3 (1613),DAPK3,1613
EEF2 (1938),EEF2,1938
CHAF1A (10036),CHAF1A,10036
UBXN6 (80700),UBXN6,80700
HDGFL2 (84717),HDGFL2,84717
PLIN4 (729359),PLIN4,729359
SEMA6B (10501),SEMA6B,10501
ZNF444 (55311),ZNF444,55311
NXN (64359),NXN,64359
TLCD3A (79850),TLCD3A,79850
GLOD4 (51031),GLOD4,51031
MFSD3 (113655),MFSD3,113655
GPT (2875),GPT,2875
KIFC2 (90990),KIFC2,90990
SLC43A2 (124935),SLC43A2,124935
RILP (83547),RILP,83547
SERPINF2 (5345),SERPINF2,5345
WDR81 (124997),WDR81,124997
SRR (63826),SRR,63826
TSR1 (55720),TSR1,55720
TRPV3 (162514),TRPV3,162514
HSD11B1L (374875),HSD11B1L,374875
CYB5D2 (124936),CYB5D2,124936
GGT6 (124975),GGT6,124975
KLK1 (3816),KLK1,3816
KLK2 (3817),KLK2,3817
KLK5 (25818),KLK5,25818
KLK6 (5653),KLK6,5653
KLK11 (11012),KLK11,11012
ZNF83 (55769),ZNF83,55769
KRT80 (144501),KRT80,144501
ACER1 (125981),ACER1,125981
OTUB1 (55611),OTUB1,55611
RCOR2 (283248),RCOR2,283248
ANGPTL4 (51129),ANGPTL4,51129
CD320 (51293),CD320,51293
SPRYD3 (84926),SPRYD3,84926
IGFBP6 (3489),IGFBP6,3489
SOAT2 (8435),SOAT2,8435
ZNF558 (148156),ZNF558,148156
NDUFV1 (4723),NDUFV1,4723
CDK2AP2 (10263),CDK2AP2,10263
NUDT8 (254552),NUDT8,254552
TBX10 (347853),TBX10,347853
PRDX2 (7001),PRDX2,7001
ZNF232 (7775),ZNF232,7775
MIS12 (79003),MIS12,79003
HID1 (283987),HID1,283987
MRPL58 (3396),MRPL58,3396
ATP5PD (10476),ATP5PD,10476
TMEM88 (92162),TMEM88,92162
EVPL (2125),EVPL,2125
SRP68 (6730),SRP68,6730
MGAT5B (146664),MGAT5B,146664
TMC8 (147138),TMC8,147138
TK1 (7083),TK1,7083
TMEM68 (137695),TMEM68,137695
GSDMA (284110),GSDMA,284110
GHDC (84514),GHDC,84514
FAM234A (83986),FAM234A,83986
ZNF598 (90850),ZNF598,90850
RAB26 (25837),RAB26,25837
MLST8 (64223),MLST8,64223
E4F1 (1877),E4F1,1877
DNASE1L2 (1775),DNASE1L2,1775
ECI1 (1632),ECI1,1632
CASKIN1 (57524),CASKIN1,57524
ABCA3 (21),ABCA3,21
KCTD5 (54442),KCTD5,54442
SRRM2 (23524),SRRM2,23524
ZNF597 (146434),ZNF597,146434
NLRC3 (197358),NLRC3,197358
SDHAF2 (54949),SDHAF2,54949
DDB1 (1642),DDB1,1642
VPS37C (55048),VPS37C,55048
VWCE (220001),VWCE,220001
RAB3IL1 (5866),RAB3IL1,5866
BEST1 (7439),BEST1,7439
FTH1 (2495),FTH1,2495
BSCL2 (26580),BSCL2,26580
POLR2G (5436),POLR2G,5436
SLC3A2 (6520),SLC3A2,6520
SPINDOC (144097),SPINDOC,144097
ATG16L2 (89849),ATG16L2,89849
C2CD3 (26005),C2CD3,26005
TRANK1 (9881),TRANK1,9881
TTC21A (199223),TTC21A,199223
RPSA (3921),RPSA,3921
ENTPD3 (956),ENTPD3,956
CTNNB1 (1499),CTNNB1,1499
ULK4 (54986),ULK4,54986
FADD (8772),FADD,8772
LTBP3 (4054),LTBP3,4054
NAALADL1 (10004),NAALADL1,10004
SAC3D1 (29901),SAC3D1,29901
BATF2 (116071),BATF2,116071
SF1 (7536),SF1,7536
MAP4K2 (5871),MAP4K2,5871
CCDC88B (283234),CCDC88B,283234
SCARA3 (51435),SCARA3,51435
PBK (55872),PBK,55872
SCARA5 (286133),SCARA5,286133
COPS6 (10980),COPS6,10980
PAFAH1B2 (5049),PAFAH1B2,5049
ANKS3 (124401),ANKS3,124401
NUDT16L1 (84309),NUDT16L1,84309
KIAA1586 (57691),KIAA1586,57691
RAB4A (5867),RAB4A,5867
OR1F1 (4992),OR1F1,4992
KCNJ4 (3761),KCNJ4,3761
SETD5 (55209),SETD5,55209
VASN (114990),VASN,114990
FAM83B (222584),FAM83B,222584
THAP9 (79725),THAP9,79725
RNF187 (149603),RNF187,149603
HOOK3 (84376),HOOK3,84376
MAPK1IP1L (93487),MAPK1IP1L,93487
DDIT4 (54541),DDIT4,54541
RBPJ (3516),RBPJ,3516
LMBRD1 (55788),LMBRD1,55788
ZCCHC4 (29063),ZCCHC4,29063
TTC39C (125488),TTC39C,125488
GLYCTK (132158),GLYCTK,132158
GNG4 (2786),GNG4,2786
UBTD2 (92181),UBTD2,92181
POLR2J3 (548644),POLR2J3,548644
NKIRAS2 (28511),NKIRAS2,28511
DNAJC7 (7266),DNAJC7,7266
KCNV2 (169522),KCNV2,169522
IRF2BP2 (359948),IRF2BP2,359948
NT5DC2 (64943),NT5DC2,64943
FOXI1 (2299),FOXI1,2299
UQCC5 (440957),UQCC5,440957
COA6 (388753),COA6,388753
KIF5C (3800),KIF5C,3800
MGAT2 (4247),MGAT2,4247
BMI1 (648),BMI1,648
THAP11 (57215),THAP11,57215
MMADHC (27249),MMADHC,27249
PDHB (5162),PDHB,5162
PXK (54899),PXK,54899
H1-4 (3008),H1-4,3008
PCMTD1 (115294),PCMTD1,115294
KCTD6 (200845),KCTD6,200845
MPLKIP (136647),MPLKIP,136647
ACOX2 (8309),ACOX2,8309
IRF2 (3660),IRF2,3660
MOBP (4336),MOBP,4336
CX3CR1 (1524),CX3CR1,1524
DEGS2 (123099),DEGS2,123099
SCN11A (11280),SCN11A,11280
ARF4 (378),ARF4,378
SEPTIN2 (4735),SEPTIN2,4735
FILIP1L (11259),FILIP1L,11259
MFSD2A (84879),MFSD2A,84879
DTYMK (1841),DTYMK,1841
TAP1 (6890),TAP1,6890
ING5 (84289),ING5,84289
ATG4B (23192),ATG4B,23192
BDKRB2 (624),BDKRB2,624
MLKL (197259),MLKL,197259
RFWD3 (55159),RFWD3,55159
RHOH (399),RHOH,399
KLHL30 (377007),KLHL30,377007
COG7 (91949),COG7,91949
CDC40 (51362),CDC40,51362
STIP1 (10963),STIP1,10963
SCNN1B (6338),SCNN1B,6338
HR (55806),HR,55806
TXNDC2 (84203),TXNDC2,84203
RAB31 (11031),RAB31,11031
REEP4 (80346),REEP4,80346
TNXB (7148),TNXB,7148
BMP1 (649),BMP1,649
ATXN2L (11273),ATXN2L,11273
PHYHIP (9796),PHYHIP,9796
CCDC110 (256309),CCDC110,256309
POLR3D (661),POLR3D,661
FEN1 (2237),FEN1,2237
CAVIN2 (8436),CAVIN2,8436
MTCL1 (23255),MTCL1,23255
GBX2 (2637),GBX2,2637
HEXIM2 (124790),HEXIM2,124790
FNTA (2339),FNTA,2339
SERINC2 (347735),SERINC2,347735
TRAPPC11 (60684),TRAPPC11,60684
CHRM1 (1128),CHRM1,1128
COL3A1 (1281),COL3A1,1281
GFRA2 (2675),GFRA2,2675
ING2 (3622),ING2,3622
CDKN2AIP (55602),CDKN2AIP,55602
SNRNP48 (154007),SNRNP48,154007
TMEM223 (79064),TMEM223,79064
SLC20A2 (6575),SLC20A2,6575
DYNLRB2 (83657),DYNLRB2,83657
TMUB2 (79089),TMUB2,79089
STAT3 (6774),STAT3,6774
ZSWIM1 (90204),ZSWIM1,90204
ADAM9 (8754),ADAM9,8754
GDNF (2668),GDNF,2668
AXIN2 (8313),AXIN2,8313
NDUFS5 (4725),NDUFS5,4725
VWA3B (200403),VWA3B,200403
ZNF30 (90075),ZNF30,90075
UGT3A2 (167127),UGT3A2,167127
LRATD2 (157638),LRATD2,157638
LDLRAD4 (753),LDLRAD4,753
KCTD19 (146212),KCTD19,146212
SLC16A4 (9122),SLC16A4,9122
IL7R (3575),IL7R,3575
TMEM208 (29100),TMEM208,29100
LRP1B (53353),LRP1B,53353
AHCYL1 (10768),AHCYL1,10768
DNAJC21 (134218),DNAJC21,134218
PKIG (11142),PKIG,11142
NPNT (255743),NPNT,255743
FAM178B (51252),FAM178B,51252
SEMA4C (54910),SEMA4C,54910
CNNM3 (26505),CNNM3,26505
GSTM4 (2948),GSTM4,2948
TET2 (54790),TET2,54790
CXXC4 (80319),CXXC4,80319
TCTN2 (79867),TCTN2,79867
SHOX2 (6474),SHOX2,6474
PPIP5K1 (9677),PPIP5K1,9677
TSPAN5 (10098),TSPAN5,10098
ABHD15 (116236),ABHD15,116236
ZBTB5 (9925),ZBTB5,9925
CHTF8 (54921),CHTF8,54921
MAPDA (161823),MAPDA,161823
LCMT2 (9836),LCMT2,9836
SNTB2 (6645),SNTB2,6645
IL12A (3592),IL12A,3592
ZNF507 (22847),ZNF507,22847
STX18 (53407),STX18,53407
NSG1 (27065),NSG1,27065
ZBTB49 (166793),ZBTB49,166793
GFM1 (85476),GFM1,85476
FSTL5 (56884),FSTL5,56884
DDX19A (55308),DDX19A,55308
ATOH8 (84913),ATOH8,84913
ANKRD49 (54851),ANKRD49,54851
USP39 (10713),USP39,10713
TNIP2 (79155),TNIP2,79155
C2orf68 (388969),C2orf68,388969
TMEM150A (129303),TMEM150A,129303
RNF181 (51255),RNF181,51255
VAMP5 (10791),VAMP5,10791
LRRC28 (123355),LRRC28,123355
MAT2A (4144),MAT2A,4144
PLA2G4F (255189),PLA2G4F,255189
ENHO (375704),ENHO,375704
ZNF608 (57507),ZNF608,57507
SLC35G2 (80723),SLC35G2,80723
INPP5D (3635),INPP5D,3635
LETM1 (3954),LETM1,3954
CTRB1 (1504),CTRB1,1504
CTRB2 (440387),CTRB2,440387
TMEM129 (92305),TMEM129,92305
PPIC (5480),PPIC,5480
SPRY3 (10251),SPRY3,10251
CEP120 (153241),CEP120,153241
STXBP6 (29091),STXBP6,29091
MFF (56947),MFF,56947
LGALS9 (3965),LGALS9,3965
CPLX1 (10815),CPLX1,10815
PXDC1 (221749),PXDC1,221749
E2F6 (1876),E2F6,1876
FEM1B (10116),FEM1B,10116
COMMD8 (54951),COMMD8,54951
ATP5ME (521),ATP5ME,521
UQCRFS1 (7386),UQCRFS1,7386
SLC49A3 (84179),SLC49A3,84179
COL4A3 (1285),COL4A3,1285
MAP2K1 (5604),MAP2K1,5604
KLK7 (5650),KLK7,5650
HNRNPH1 (3187),HNRNPH1,3187
IRS1 (3667),IRS1,3667
MECP2 (4204),MECP2,4204
UPF3A (65110),UPF3A,65110
ACTBL2 (345651),ACTBL2,345651
ROR2 (4920),ROR2,4920
AR (367),AR,367
DHRSX (207063),DHRSX,207063
VXN (254778),VXN,254778
HSPBAP1 (79663),HSPBAP1,79663
ASMTL (8623),ASMTL,8623
SLC25A6 (293),SLC25A6,293
CHST14 (113189),CHST14,113189
PARM1 (25849),PARM1,25849
CSNK1G1 (53944),CSNK1G1,53944
FAM110B (90362),FAM110B,90362
ODAD2 (55130),ODAD2,55130
AFAP1L2 (84632),AFAP1L2,84632
ZNF354A (6940),ZNF354A,6940
ATF5 (22809),ATF5,22809
UBE2V2 (7336),UBE2V2,7336
ZBTB43 (23099),ZBTB43,23099
CPT1C (126129),CPT1C,126129
PCSK9 (255738),PCSK9,255738
XPO6 (23214),XPO6,23214
GSG1L (146395),GSG1L,146395
MN1 (4330),MN1,4330
APEX2 (27301),APEX2,27301
NSMCE1 (197370),NSMCE1,197370
CCDC126 (90693),CCDC126,90693
NPIPB12 (440353),NPIPB12,440353
RAB3B (5865),RAB3B,5865
CD2BP2 (10421),CD2BP2,10421
RSPO1 (284654),RSPO1,284654
RGS14 (10636),RGS14,10636
TBC1D10B (26000),TBC1D10B,26000
LMAN2 (10960),LMAN2,10960
RAB24 (53917),RAB24,53917
PRELID1 (27166),PRELID1,27166
THBS3 (7059),THBS3,7059
CA5B (11238),CA5B,11238
SLC50A1 (55974),SLC50A1,55974
EFNA1 (1942),EFNA1,1942
CXCL10 (3627),CXCL10,3627
NPIPB3 (23117),NPIPB3,23117
SH3TC2 (79628),SH3TC2,79628
ZRSR2 (8233),ZRSR2,8233
NMD3 (51068),NMD3,51068
ADRB2 (154),ADRB2,154
B3GALNT1 (8706),B3GALNT1,8706
GPRIN1 (114787),GPRIN1,114787
KCNAB1 (7881),KCNAB1,7881
MRPL1 (65008),MRPL1,65008
NR0B1 (190),NR0B1,190
PGM2 (55276),PGM2,55276
STK32A (202374),STK32A,202374
IL1RAPL1 (11141),IL1RAPL1,11141
MINAR1 (23251),MINAR1,23251
GP2 (2813),GP2,2813
SLC33A1 (9197),SLC33A1,9197
SNUPN (10073),SNUPN,10073
CRADD (8738),CRADD,8738
SIN3A (25942),SIN3A,25942
ARL13B (200894),ARL13B,200894
PTK2 (5747),PTK2,5747
RSPH10B2 (728194),RSPH10B2,728194
PTAFR (5724),PTAFR,5724
PTPN9 (5780),PTPN9,5780
RNASE6 (6039),RNASE6,6039
NPR1 (4881),NPR1,4881
KCNK9 (51305),KCNK9,51305
CXCL8 (3576),CXCL8,3576
SCN9A (6335),SCN9A,6335
RASSF6 (166824),RASSF6,166824
COL22A1 (169044),COL22A1,169044
SDC2 (6383),SDC2,6383
CD52 (1043),CD52,1043
MMGT1 (93380),MMGT1,93380
SPRR1B (6699),SPRR1B,6699
SPRR1A (6698),SPRR1A,6698
TM2D2 (83877),TM2D2,83877
PLEKHA2 (59339),PLEKHA2,59339
CLIC4 (25932),CLIC4,25932
GPR183 (1880),GPR183,1880
CRCT1 (54544),CRCT1,54544
CCDC8 (83987),CCDC8,83987
METTL15 (196074),METTL15,196074
MUC15 (143662),MUC15,143662
ZEB2 (9839),ZEB2,9839
GJB1 (2705),GJB1,2705
PCBP1 (5093),PCBP1,5093
HINT1 (3094),HINT1,3094
DTWD2 (285605),DTWD2,285605
CLIC3 (9022),CLIC3,9022
INO80E (283899),INO80E,283899
BNC1 (646),BNC1,646
DFFB (1677),DFFB,1677
NFU1 (27247),NFU1,27247
ANTXR1 (84168),ANTXR1,84168
CKAP2L (150468),CKAP2L,150468
C15orf40 (123207),C15orf40,123207
RAMAC (83640),RAMAC,83640
PROKR1 (10887),PROKR1,10887
APLF (200558),APLF,200558
BOLA2B (654483),BOLA2B,654483
RGPD8 (727851),RGPD8,727851
HIC2 (23119),HIC2,23119
LUZP1 (7798),LUZP1,7798
HEXD (284004),HEXD,284004
BUB1 (699),BUB1,699
SPNS1 (83985),SPNS1,83985
LRRC45 (201255),LRRC45,201255
CHRNA5 (1138),CHRNA5,1138
CENPX (201254),CENPX,201254
AGPAT2 (10555),AGPAT2,10555
ASPSCR1 (79058),ASPSCR1,79058
FASN (2194),FASN,2194
CNBP (7555),CNBP,7555
MT1E (4493),MT1E,4493
DUS1L (64118),DUS1L,64118
GPS1 (2873),GPS1,2873
RFNG (5986),RFNG,5986
DCXR (51181),DCXR,51181
ZNF32 (7580),ZNF32,7580
LDB2 (9079),LDB2,9079
RAC3 (5881),RAC3,5881
NRG4 (145957),NRG4,145957
LIMS1 (3987),LIMS1,3987
TMEM266 (123591),TMEM266,123591
NLGN1 (22871),NLGN1,22871
TAPT1 (202018),TAPT1,202018
UGP2 (7360),UGP2,7360
LINGO1 (84894),LINGO1,84894
HNRNPF (3185),HNRNPF,3185
BTD (686),BTD,686
CSGALNACT2 (55454),CSGALNACT2,55454
TACR3 (6870),TACR3,6870
PCDH7 (5099),PCDH7,5099
ROBO1 (6091),ROBO1,6091
ONECUT1 (3175),ONECUT1,3175
AVEN (57099),AVEN,57099
P2RY1 (5028),P2RY1,5028
CTNND2 (1501),CTNND2,1501
TRIM56 (81844),TRIM56,81844
MUC17 (140453),MUC17,140453
WNT10B (7480),WNT10B,7480
CALML6 (163688),CALML6,163688
REPS2 (9185),REPS2,9185
MUC3A (4584),MUC3A,4584
SYAP1 (94056),SYAP1,94056
ITGAM (3684),ITGAM,3684
TPST1 (8460),TPST1,8460
TM4SF4 (7104),TM4SF4,7104
TOR1AIP2 (163590),TOR1AIP2,163590
TM4SF1 (4071),TM4SF1,4071
OTUD3 (23252),OTUD3,23252
OTUD7A (161725),OTUD7A,161725
GUSB (2990),GUSB,2990
BRD3 (8019),BRD3,8019
KLF13 (51621),KLF13,51621
FRMPD4 (9758),FRMPD4,9758
ZFPM2 (23414),ZFPM2,23414
ZNF764 (92595),ZNF764,92595
ZNF747 (65988),ZNF747,65988
ZNF768 (79724),ZNF768,79724
TAS1R3 (83756),TAS1R3,83756
TMEM42 (131616),TMEM42,131616
MAP3K2 (10746),MAP3K2,10746
PUSL1 (126789),PUSL1,126789
SF3B5 (83443),SF3B5,83443
ZNF35 (7584),ZNF35,7584
TIGD4 (201798),TIGD4,201798
IFFO2 (126917),IFFO2,126917
NLGN2 (57555),NLGN2,57555
MYO7B (4648),MYO7B,4648
CHD3 (1107),CHD3,1107
TMEM154 (201799),TMEM154,201799
MYRIP (25924),MYRIP,25924
ALCAM (214),ALCAM,214
YWHAG (7532),YWHAG,7532
UBE2E3 (10477),UBE2E3,10477
CNTROB (116840),CNTROB,116840
TRAPPC1 (58485),TRAPPC1,58485
ZPLD1 (131368),ZPLD1,131368
KCNAB3 (9196),KCNAB3,9196
FAM153A (285596),FAM153A,285596
GPR37L1 (9283),GPR37L1,9283
SIMC1 (375484),SIMC1,375484
TMEM192 (201931),TMEM192,201931
NSG2 (51617),NSG2,51617
SPDYE5 (442590),SPDYE5,442590
SERPINA6 (866),SERPINA6,866
ZNF778 (197320),ZNF778,197320
NIPA1 (123606),NIPA1,123606
FOXD4 (2298),FOXD4,2298
UBE2E1 (7324),UBE2E1,7324
HNRNPA3 (220988),HNRNPA3,220988
SIK2 (23235),SIK2,23235
RNF150 (57484),RNF150,57484
CCDC144A (9720),CCDC144A,9720
VGLL2 (245806),VGLL2,245806
HOXD4 (3233),HOXD4,3233
CHRNB1 (1140),CHRNB1,1140
HOXD12 (3238),HOXD12,3238
USP38 (84640),USP38,84640
SLC16A5 (9121),SLC16A5,9121
NANP (140838),NANP,140838
ANKK1 (255239),ANKK1,255239
ADRA1B (147),ADRA1B,147
ADPRM (56985),ADPRM,56985
FABP6 (2172),FABP6,2172
PWWP2A (114825),PWWP2A,114825
USP50 (373509),USP50,373509
USP47 (55031),USP47,55031
PDCD6IP (10015),PDCD6IP,10015
ZNF212 (7988),ZNF212,7988
FAM161A (84140),FAM161A,84140
ZNF282 (8427),ZNF282,8427
GLB1 (2720),GLB1,2720
GON7 (84520),GON7,84520
FAXDC2 (10826),FAXDC2,10826
CRTAP (10491),CRTAP,10491
CNGB3 (54714),CNGB3,54714
ELP5 (23587),ELP5,23587
CMTM8 (152189),CMTM8,152189
GABARAP (11337),GABARAP,11337
LGALS9B (284194),LGALS9B,284194
STX8 (9482),STX8,9482
CDK1 (983),CDK1,983
UBB (7314),UBB,7314
NFRKB (4798),NFRKB,4798
FABP4 (2167),FABP4,2167
FRMPD2 (143162),FRMPD2,143162
PRDM10 (56980),PRDM10,56980
B3GNT2 (10678),B3GNT2,10678
FOS (2353),FOS,2353
TMED10 (10972),TMED10,10972
SETMAR (6419),SETMAR,6419
SMAD1 (4086),SMAD1,4086
EMX2 (2018),EMX2,2018
CST1 (1469),CST1,1469
TCAF2 (285966),TCAF2,285966
SEMA3E (9723),SEMA3E,9723
LRRN2 (10446),LRRN2,10446
SLC30A1 (7779),SLC30A1,7779
DCLK2 (166614),DCLK2,166614
ZNF804A (91752),ZNF804A,91752
GPRC5C (55890),GPRC5C,55890
TMEM182 (130827),TMEM182,130827
KRT8 (3856),KRT8,3856
KRT78 (196374),KRT78,196374
ADORA2B (136),ADORA2B,136
SDR9C7 (121214),SDR9C7,121214
MGMT (4255),MGMT,4255
TMT1B (196410),TMT1B,196410
KRT86 (3892),KRT86,3892
HARS1 (3035),HARS1,3035
NFXL1 (152518),NFXL1,152518
KRT75 (9119),KRT75,9119
DENND5B (160518),DENND5B,160518
CD14 (929),CD14,929
DNAJC18 (202052),DNAJC18,202052
RIOX1 (79697),RIOX1,79697
SPATA24 (202051),SPATA24,202051
RALGAPB (57148),RALGAPB,57148
PYM1 (84305),PYM1,84305
MZB1 (51237),MZB1,51237
KRT4 (3851),KRT4,3851
SLC23A1 (9963),SLC23A1,9963
NPAS2 (4862),NPAS2,4862
KISS1 (3814),KISS1,3814
LONRF2 (164832),LONRF2,164832
NUDT9 (53343),NUDT9,53343
HSD17B13 (345275),HSD17B13,345275
PA2G4 (5036),PA2G4,5036
ELOVL6 (79071),ELOVL6,79071
KRT83 (3889),KRT83,3889
PFKFB3 (5209),PFKFB3,5209
TMC7 (79905),TMC7,79905
ARL6IP1 (23204),ARL6IP1,23204
SERPINB9 (5272),SERPINB9,5272
SMAGP (57228),SMAGP,57228
CDH2 (1000),CDH2,1000
IRX2 (153572),IRX2,153572
EMB (133418),EMB,133418
SIX2 (10736),SIX2,10736
DLGAP1 (9229),DLGAP1,9229
STAT2 (6773),STAT2,6773
NUDCD2 (134492),NUDCD2,134492
IRF2BP1 (26145),IRF2BP1,26145
HSPA4 (3308),HSPA4,3308
FOXA3 (3171),FOXA3,3171
COMMD5 (28991),COMMD5,28991
SGCD (6444),SGCD,6444
GTSF1 (121355),GTSF1,121355
ZNF16 (7564),ZNF16,7564
ARMC10 (83787),ARMC10,83787
RNF34 (80196),RNF34,80196
ACYP2 (98),ACYP2,98
TRABD (80305),TRABD,80305
ATF7 (11016),ATF7,11016
RASA4B (100271927),RASA4B,100271927
SOCS6 (9306),SOCS6,9306
CAVIN4 (347273),CAVIN4,347273
ZNF296 (162979),ZNF296,162979
HOXB9 (3219),HOXB9,3219
TTLL6 (284076),TTLL6,284076
POLH (5429),POLH,5429
SYT9 (143425),SYT9,143425
KCNS3 (3790),KCNS3,3790
KIF5B (3799),KIF5B,3799
GPR37 (2861),GPR37,2861
AKAP13 (11214),AKAP13,11214
CDCA4 (55038),CDCA4,55038
SDR16C5 (195814),SDR16C5,195814
CHCHD7 (79145),CHCHD7,79145
HTRA3 (94031),HTRA3,94031
FOXN2 (3344),FOXN2,3344
BFSP2 (8419),BFSP2,8419
USP32 (84669),USP32,84669
CEL (1056),CEL,1056
PPM1D (8493),PPM1D,8493
GPR27 (2850),GPR27,2850
MRFAP1L2 (93622),MRFAP1L2,93622
PSG6 (5675),PSG6,5675
KBTBD2 (25948),KBTBD2,25948
RIOX2 (84864),RIOX2,84864
TRIAP1 (51499),TRIAP1,51499
LSM3 (27258),LSM3,27258
KIAA0232 (9778),KIAA0232,9778
MTSS1 (9788),MTSS1,9788
TMEM43 (79188),TMEM43,79188
RNF139 (11236),RNF139,11236
RPS9 (6203),RPS9,6203
TSEN34 (79042),TSEN34,79042
TRH (7200),TRH,7200
GSTA4 (2941),GSTA4,2941
MSANTD4 (84437),MSANTD4,84437
NDUFA3 (4696),NDUFA3,4696
OSCAR (126014),OSCAR,126014
PAQR8 (85315),PAQR8,85315
NUDT6 (11162),NUDT6,11162
TANC2 (26115),TANC2,26115
PKHD1 (5314),PKHD1,5314
NCBP2L (392517),NCBP2L,392517
DNAJC24 (120526),DNAJC24,120526
ZNF160 (90338),ZNF160,90338
ZNF415 (55786),ZNF415,55786
CAVIN3 (112464),CAVIN3,112464
CEACAM3 (1084),CEACAM3,1084
DCDC1 (341019),DCDC1,341019
HAS2 (3037),HAS2,3037
PDGFD (80310),PDGFD,80310
PLAC1 (10761),PLAC1,10761
S1PR1 (1901),S1PR1,1901
HS6ST2 (90161),HS6ST2,90161
PYGO1 (26108),PYGO1,26108
LRRC8E (80131),LRRC8E,80131
PKIA (5569),PKIA,5569
XKR6 (286046),XKR6,286046
TSNARE1 (203062),TSNARE1,203062
FPR1 (2357),FPR1,2357
FEZ2 (9637),FEZ2,9637
SOX7 (83595),SOX7,83595
C11orf24 (53838),C11orf24,53838
ALK (238),ALK,238
KYAT1 (883),KYAT1,883
MTM1 (4534),MTM1,4534
TRMT61B (55006),TRMT61B,55006
INSR (3643),INSR,3643
MFN1 (55669),MFN1,55669
HSFX1 (100506164),HSFX1,100506164
NRTN (4902),NRTN,4902
KCNMB3 (27094),KCNMB3,27094
FUT3 (2525),FUT3,2525
KCNG3 (170850),KCNG3,170850
ATP6V0E2 (155066),ATP6V0E2,155066
PRKCE (5581),PRKCE,5581
JAGN1 (84522),JAGN1,84522
TADA3 (10474),TADA3,10474
SOCS5 (9655),SOCS5,9655
C1GALT1C1 (29071),C1GALT1C1,29071
BBLN (79095),BBLN,79095
MORN4 (118812),MORN4,118812
ZNF672 (79894),ZNF672,79894
ZNF692 (55657),ZNF692,55657
NAIF1 (203245),NAIF1,203245
RBKS (64080),RBKS,64080
GRIK1 (2897),GRIK1,2897
TMEM126A (84233),TMEM126A,84233
TMEM126B (55863),TMEM126B,55863
TRIM8 (81603),TRIM8,81603
NETO2 (81831),NETO2,81831
CLDN20 (49861),CLDN20,49861
CDC42BPG (55561),CDC42BPG,55561
SCAND1 (51282),SCAND1,51282
JUNB (3726),JUNB,3726
FAM241B (219738),FAM241B,219738
TMEM37 (140738),TMEM37,140738
UGT2B7 (7364),UGT2B7,7364
LRG1 (116844),LRG1,116844
SHCBP1 (79801),SHCBP1,79801
SOSTDC1 (25928),SOSTDC1,25928
NPTX1 (4884),NPTX1,4884
FAM98B (283742),FAM98B,283742
ZNF439 (90594),ZNF439,90594
ZNF440 (126070),ZNF440,126070
GAA (2548),GAA,2548
CANT1 (124583),CANT1,124583
KCNK3 (3777),KCNK3,3777
ZDHHC16 (84287),ZDHHC16,84287
CHST11 (50515),CHST11,50515
EXOSC1 (51013),EXOSC1,51013
PGAM1 (5223),PGAM1,5223
CHD7 (55636),CHD7,55636
ESCO2 (157570),ESCO2,157570
KRT19 (3880),KRT19,3880
KRT15 (3866),KRT15,3866
LURAP1 (541468),LURAP1,541468
CLCN5 (1184),CLCN5,1184
TPPP (11076),TPPP,11076
KCND3 (3752),KCND3,3752
APLN (8862),APLN,8862
KRT13 (3860),KRT13,3860
KRT9 (3857),KRT9,3857
PDE7B (27115),PDE7B,27115
MRPL36 (64979),MRPL36,64979
ZNF581 (51545),ZNF581,51545
NAT1 (9),NAT1,9
GLOD5 (392465),GLOD5,392465
KSR2 (283455),KSR2,283455
ZNF524 (147807),ZNF524,147807
MCC (4163),MCC,4163
ZBTB26 (57684),ZBTB26,57684
CDK5R2 (8941),CDK5R2,8941
DSEL (92126),DSEL,92126
POLR1C (9533),POLR1C,9533
ASXL1 (171023),ASXL1,171023
DLK2 (65989),DLK2,65989
ZNF562 (54811),ZNF562,54811
ZNF318 (24149),ZNF318,24149
ZNF561 (93134),ZNF561,93134
WIPF2 (147179),WIPF2,147179
HOPX (84525),HOPX,84525
NLRP5 (126206),NLRP5,126206
LRRC8C (84230),LRRC8C,84230
RSL1D1 (26156),RSL1D1,26156
LRRC8D (55144),LRRC8D,55144
PPID (5481),PPID,5481
COL24A1 (255631),COL24A1,255631
ETFDH (2110),ETFDH,2110
RXFP1 (59350),RXFP1,59350
LPAR3 (23566),LPAR3,23566
PTGER4 (5734),PTGER4,5734
TBCA (6902),TBCA,6902
NEUROD2 (4761),NEUROD2,4761
MAP6 (4135),MAP6,4135
OTP (23440),OTP,23440
BCL2L1 (598),BCL2L1,598
FGG (2266),FGG,2266
FGB (2244),FGB,2244
PLRG1 (5356),PLRG1,5356
ZNF584 (201514),ZNF584,201514
DSCAM (1826),DSCAM,1826
CLSTN1 (22883),CLSTN1,22883
CXXC5 (51523),CXXC5,51523
ZNF274 (10782),ZNF274,10782
PIK3CD (5293),PIK3CD,5293
SLC25A33 (84275),SLC25A33,84275
ENC1 (8507),ENC1,8507
SPSB1 (80176),SPSB1,80176
P2RY6 (5031),P2RY6,5031
BPTF (2186),BPTF,2186
ZIK1 (284307),ZIK1,284307
PLEKHG5 (57449),PLEKHG5,57449
ATF7IP (55729),ATF7IP,55729
LKAAEAR1 (198437),LKAAEAR1,198437
RGS19 (10287),RGS19,10287
TCEA2 (6919),TCEA2,6919
ANO5 (203859),ANO5,203859
HDAC3 (8841),HDAC3,8841
SPATA46 (284680),SPATA46,284680
GPHN (10243),GPHN,10243
VAT1L (57687),VAT1L,57687
TMEM51 (55092),TMEM51,55092
CAMTA1 (23261),CAMTA1,23261
LGALS4 (3960),LGALS4,3960
LRRC34 (151827),LRRC34,151827
PAH (5053),PAH,5053
AFG2B (79029),AFG2B,79029
GATM (2628),GATM,2628
RASGRP4 (115727),RASGRP4,115727
NHLH1 (4807),NHLH1,4807
SLFNL1 (200172),SLFNL1,200172
BCL2 (596),BCL2,596
RHNO1 (83695),RHNO1,83695
CTPS1 (1503),CTPS1,1503
KNDC1 (85442),KNDC1,85442
WDR87 (83889),WDR87,83889
METTL18 (92342),METTL18,92342
CFAP46 (54777),CFAP46,54777
COL8A2 (1296),COL8A2,1296
PWWP2B (170394),PWWP2B,170394
ZNF540 (163255),ZNF540,163255
FBXL14 (144699),FBXL14,144699
EXOSC10 (5394),EXOSC10,5394
ZNF570 (148268),ZNF570,148268
NINJ2 (4815),NINJ2,4815
MLLT3 (4300),MLLT3,4300
FAM90A1 (55138),FAM90A1,55138
RRM2 (6241),RRM2,6241
TRAPPC12 (51112),TRAPPC12,51112
RPS21 (6227),RPS21,6227
C3AR1 (719),C3AR1,719
MRM3 (55178),MRM3,55178
PTEN (5728),PTEN,5728
RPS7 (6201),RPS7,6201
PRND (23627),PRND,23627
RNASEH1 (246243),RNASEH1,246243
PRNP (5621),PRNP,5621
KLF17 (128209),KLF17,128209
ADRA1D (146),ADRA1D,146
FRMD5 (84978),FRMD5,84978
AQP4 (361),AQP4,361
CYP4F11 (57834),CYP4F11,57834
TLN2 (83660),TLN2,83660
LGALS9C (654346),LGALS9C,654346
TVP23B (51030),TVP23B,51030
FBXW10 (10517),FBXW10,10517
ZNF217 (7764),ZNF217,7764
SRGAP2C (653464),SRGAP2C,653464
SCG2 (7857),SCG2,7857
ATPAF2 (91647),ATPAF2,91647
CYP4F22 (126410),CYP4F22,126410
FOXB1 (27023),FOXB1,27023
PPIH (10465),PPIH,10465
DRC3 (83450),DRC3,83450
ZNF57 (126295),ZNF57,126295
SHLD1 (149840),SHLD1,149840
JMJD1C (221037),JMJD1C,221037
LDHAL6B (92483),LDHAL6B,92483
SYNPO (11346),SYNPO,11346
ZNF556 (80032),ZNF556,80032
MAL (4118),MAL,4118
ZNF554 (115196),ZNF554,115196
RAB33B (83452),RAB33B,83452
THOP1 (7064),THOP1,7064
GAP43 (2596),GAP43,2596
EPHX4 (253152),EPHX4,253152
LAMB2 (3913),LAMB2,3913
USP19 (10869),USP19,10869
QARS1 (5859),QARS1,5859
ORMDL3 (94103),ORMDL3,94103
SERF1A (8293),SERF1A,8293
KLF11 (8462),KLF11,8462
LRRC15 (131578),LRRC15,131578
SMN1 (6606),SMN1,6606
EIF2AK3 (9451),EIF2AK3,9451
SPMIP9 (200523),SPMIP9,200523
MOB3A (126308),MOB3A,126308
KRCC1 (51315),KRCC1,51315
NME6 (10201),NME6,10201
CYCS (54205),CYCS,54205
SLFN12 (55106),SLFN12,55106
CALB2 (794),CALB2,794
SLC9C1 (285335),SLC9C1,285335
FRMD3 (257019),FRMD3,257019
SNTB1 (6641),SNTB1,6641
MTBP (27085),MTBP,27085
TEFM (79736),TEFM,79736
MRPL13 (28998),MRPL13,28998
MALT1 (10892),MALT1,10892
ISG20 (3669),ISG20,3669
MBOAT1 (154141),MBOAT1,154141
ID4 (3400),ID4,3400
CXCR6 (10663),CXCR6,10663
CEBPB (1051),CEBPB,1051
AZU1 (566),AZU1,566
PAIP1 (10605),PAIP1,10605
CLEC7A (64581),CLEC7A,64581
C5orf34 (375444),C5orf34,375444
C1QTNF4 (114900),C1QTNF4,114900
NEGR1 (257194),NEGR1,257194
ZNF131 (7690),ZNF131,7690
MACROD2 (140733),MACROD2,140733
DPAGT1 (1798),DPAGT1,1798
BSG (682),BSG,682
HINFP (25988),HINFP,25988
CERS6 (253782),CERS6,253782
SPTLC3 (55304),SPTLC3,55304
COPRS (55352),COPRS,55352
TP53RK (112858),TP53RK,112858
B3GALT1 (8708),B3GALT1,8708
BPGM (669),BPGM,669
POP7 (10248),POP7,10248
ALG14 (199857),ALG14,199857
SUCLG2 (8801),SUCLG2,8801
STARD5 (80765),STARD5,80765
RCAN2 (10231),RCAN2,10231
IL16 (3603),IL16,3603
ABCG4 (64137),ABCG4,64137
GNB2 (2783),GNB2,2783
CFAP53 (220136),CFAP53,220136
MCRIP2 (84331),MCRIP2,84331
C2CD2L (9854),C2CD2L,9854
ARNT2 (9915),ARNT2,9915
GNG12 (55970),GNG12,55970
PRSS27 (83886),PRSS27,83886
SYNPO2 (171024),SYNPO2,171024
DNAJB7 (150353),DNAJB7,150353
CLP1 (10978),CLP1,10978
TTC36 (143941),TTC36,143941
RSPH9 (221421),RSPH9,221421
COPS9 (150678),COPS9,150678
GTPBP2 (54676),GTPBP2,54676
FGGY (55277),FGGY,55277
IL17D (53342),IL17D,53342
FUT9 (10690),FUT9,10690
TCEAL1 (9338),TCEAL1,9338
ZNF24 (7572),ZNF24,7572
MANEA (79694),MANEA,79694
RAB40A (142684),RAB40A,142684
MAB21L4 (79919),MAB21L4,79919
AGXT (189),AGXT,189
AFF1 (4299),AFF1,4299
FIBP (9158),FIBP,9158
CARNS1 (57571),CARNS1,57571
BANP (54971),BANP,54971
PPP1CA (5499),PPP1CA,5499
HCFC1 (3054),HCFC1,3054
CTSW (1521),CTSW,1521
NIPAL4 (348938),NIPAL4,348938
MUCL1 (118430),MUCL1,118430
PDE3A (5139),PDE3A,5139
RASGRP1 (10125),RASGRP1,10125
KLHL6 (89857),KLHL6,89857
CHCHD1 (118487),CHCHD1,118487
MRPL52 (122704),MRPL52,122704
SMPDL3A (10924),SMPDL3A,10924
RND1 (27289),RND1,27289
RAD9A (5883),RAD9A,5883
EFEMP2 (30008),EFEMP2,30008
AGAP5 (729092),AGAP5,729092
WASHC2C (253725),WASHC2C,253725
TMEM134 (80194),TMEM134,80194
ZMAT3 (64393),ZMAT3,64393
ZFAND4 (93550),ZFAND4,93550
ZNF738 (148203),ZNF738,148203
SLFN11 (91607),SLFN11,91607
GARIN2 (161142),GARIN2,161142
CORO1B (57175),CORO1B,57175
FUT10 (84750),FUT10,84750
LRRC20 (55222),LRRC20,55222
MUS81 (80198),MUS81,80198
PURG (29942),PURG,29942
TMEM217 (221468),TMEM217,221468
ZNF596 (169270),ZNF596,169270
CFL1 (1072),CFL1,1072
TMCC1 (23023),TMCC1,23023
NAA16 (79612),NAA16,79612
EFCAB12 (90288),EFCAB12,90288
PSME3IP1 (80011),PSME3IP1,80011
RAB43 (339122),RAB43,339122
ZNG1A (55871),ZNG1A,55871
HOXC5 (3222),HOXC5,3222
RAB37 (326624),RAB37,326624
DCP2 (167227),DCP2,167227
SNX32 (254122),SNX32,254122
RPL38 (6169),RPL38,6169
CYP7B1 (9420),CYP7B1,9420
OVOL1 (5017),OVOL1,5017
RARG (5916),RARG,5916
CES4A (283848),CES4A,283848
CES3 (23491),CES3,23491
SSH3 (54961),SSH3,54961
CES2 (8824),CES2,8824
PDP2 (57546),PDP2,57546
SP3 (6670),SP3,6670
DMXL1 (1657),DMXL1,1657
METAP1D (254042),METAP1D,254042
ZNF621 (285268),ZNF621,285268
EGFL7 (51162),EGFL7,51162
NADSYN1 (55191),NADSYN1,55191
DHCR7 (1717),DHCR7,1717
LVRN (206338),LVRN,206338
NBEA (26960),NBEA,26960
RNASEH2C (84153),RNASEH2C,84153
MYEOV (26579),MYEOV,26579
ANKRD13D (338692),ANKRD13D,338692
MRGPRF (116535),MRGPRF,116535
MYD88 (4615),MYD88,4615
MRGPRD (116512),MRGPRD,116512
OXSR1 (9943),OXSR1,9943
SLC22A13 (9390),SLC22A13,9390
PHF8 (23133),PHF8,23133
LCLAT1 (253558),LCLAT1,253558
ADH6 (130),ADH6,130
KAT5 (10524),KAT5,10524
SH3RF3 (344558),SH3RF3,344558
GXYLT2 (727936),GXYLT2,727936
HPSE2 (60495),HPSE2,60495
DCAKD (79877),DCAKD,79877
TADA2B (93624),TADA2B,93624
CFAP184 (257236),CFAP184,257236
GRK2 (156),GRK2,156
RELA (5970),RELA,5970
EVC2 (132884),EVC2,132884
ZNF680 (340252),ZNF680,340252
HECTD4 (283450),HECTD4,283450
FAM222B (55731),FAM222B,55731
BNC2 (54796),BNC2,54796
RXFP4 (339403),RXFP4,339403
HPSE (10855),HPSE,10855
COQ2 (27235),COQ2,27235
HSPA6 (3310),HSPA6,3310
TRMT112 (51504),TRMT112,51504
LRRN3 (54674),LRRN3,54674
KDM2A (22992),KDM2A,22992
ACSM6 (142827),ACSM6,142827
ADCK5 (203054),ADCK5,203054
MRPL57 (78988),MRPL57,78988
NOC3L (64318),NOC3L,64318
ESRRA (2101),ESRRA,2101
RHOD (29984),RHOD,29984
COMMD1 (150684),COMMD1,150684
RAPH1 (65059),RAPH1,65059
MTX1 (4580),MTX1,4580
ADCY5 (111),ADCY5,111
PARP14 (54625),PARP14,54625
CYSLTR1 (10800),CYSLTR1,10800
CKS1B (1163),CKS1B,1163
ABLIM3 (22885),ABLIM3,22885
MAB21L3 (126868),MAB21L3,126868
MFSD4B (91749),MFSD4B,91749
VANGL1 (81839),VANGL1,81839
GLRX (2745),GLRX,2745
IQCB1 (9657),IQCB1,9657
SYT12 (91683),SYT12,91683
GOLGB1 (2804),GOLGB1,2804
C11orf86 (254439),C11orf86,254439
DMRT2 (10655),DMRT2,10655
ZNF483 (158399),ZNF483,158399
PLAC8L1 (153770),PLAC8L1,153770
SLC2A14 (144195),SLC2A14,144195
GPR137 (56834),GPR137,56834
SNCG (6623),SNCG,6623
MMRN2 (79812),MMRN2,79812
MZT2A (653784),MZT2A,653784
TNKS (8658),TNKS,8658
ZNF449 (203523),ZNF449,203523
ZBTB21 (49854),ZBTB21,49854
PPP1R3B (79660),PPP1R3B,79660
STOX2 (56977),STOX2,56977
MAP3K11 (4296),MAP3K11,4296
TRIB1 (10221),TRIB1,10221
KCNK7 (10089),KCNK7,10089
NDNF (79625),NDNF,79625
OLR1 (4973),OLR1,4973
GLIPR1L1 (256710),GLIPR1L1,256710
DAG1 (1605),DAG1,1605
ARV1 (64801),ARV1,64801
NAA20 (51126),NAA20,51126
IHO1 (339834),IHO1,339834
SAA1 (6288),SAA1,6288
MICOS10 (440574),MICOS10,440574
EHBP1L1 (254102),EHBP1L1,254102
THAP2 (83591),THAP2,83591
RNF26 (79102),RNF26,79102
PPP1R14B (26472),PPP1R14B,26472
ZNRD2 (10534),ZNRD2,10534
AGR3 (155465),AGR3,155465
SMARCC1 (6599),SMARCC1,6599
ZNF417 (147687),ZNF417,147687
PTPRM (5797),PTPRM,5797
FKBP2 (2286),FKBP2,2286
VEGFB (7423),VEGFB,7423
PEAK1 (79834),PEAK1,79834
TNFRSF10D (8793),TNFRSF10D,8793
MST1 (4485),MST1,4485
TNFRSF10C (8794),TNFRSF10C,8794
GMPPB (29925),GMPPB,29925
MOB1B (92597),MOB1B,92597
ZNF622 (90441),ZNF622,90441
CSPG4 (1464),CSPG4,1464
SNX33 (257364),SNX33,257364
CIMIP2C (339778),CIMIP2C,339778
NABP1 (64859),NABP1,64859
ADGRF3 (165082),ADGRF3,165082
CHD2 (1106),CHD2,1106
XCR1 (2829),XCR1,2829
CCDC106 (29903),CCDC106,29903
CEP83 (51134),CEP83,51134
SULT1B1 (27284),SULT1B1,27284
NUDT4 (11163),NUDT4,11163
PC (5091),PC,5091
SCAI (286205),SCAI,286205
NMNAT1 (64802),NMNAT1,64802
LRFN4 (78999),LRFN4,78999
SLC19A1 (6573),SLC19A1,6573
HSPB7 (27129),HSPB7,27129
RCE1 (9986),RCE1,9986
UQCRH (7388),UQCRH,7388
EIF1AX (1964),EIF1AX,1964
SPDYE2B (100310812),SPDYE2B,100310812
BCLAF3 (256643),BCLAF3,256643
PSMD1 (5707),PSMD1,5707
ADGRG2 (10149),ADGRG2,10149
MUC13 (56667),MUC13,56667
SUSD5 (26032),SUSD5,26032
HEG1 (57493),HEG1,57493
WFIKKN2 (124857),WFIKKN2,124857
TOP6BL (79703),TOP6BL,79703
TOMM20 (9804),TOMM20,9804
SPMIP3 (200159),SPMIP3,200159
AGFG1 (3267),AGFG1,3267
STAT5B (6777),STAT5B,6777
CD7 (924),CD7,924
CNP (1267),CNP,1267
JUP (3728),JUP,3728
HAP1 (9001),HAP1,9001
TDRD12 (91646),TDRD12,91646
EIF1 (10209),EIF1,10209
ENDOV (284131),ENDOV,284131
RNF213 (57674),RNF213,57674
TIGD3 (220359),TIGD3,220359
PLK3 (1263),PLK3,1263
NET1 (10276),NET1,10276
DPY19L1 (23333),DPY19L1,23333
PHOSPHO1 (162466),PHOSPHO1,162466
ZNF791 (163049),ZNF791,163049
PHC3 (80012),PHC3,80012
GPR160 (26996),GPR160,26996
CBX2 (84733),CBX2,84733
SPTBN2 (6712),SPTBN2,6712
GOLIM4 (27333),GOLIM4,27333
RBM4B (83759),RBM4B,83759
ATP5MK (84833),ATP5MK,84833
HOXB2 (3212),HOXB2,3212
C1QTNF1 (114897),C1QTNF1,114897
MARCHF3 (115123),MARCHF3,115123
SWSAP1 (126074),SWSAP1,126074
SLCO4C1 (353189),SLCO4C1,353189
RBM4 (5936),RBM4,5936
CIMAP3 (128344),CIMAP3,128344
XXYLT1 (152002),XXYLT1,152002
UBXN2A (165324),UBXN2A,165324
LRRC63 (220416),LRRC63,220416
TCAP (8557),TCAP,8557
CCS (9973),CCS,9973
NRROS (375387),NRROS,375387
CEP19 (84984),CEP19,84984
KLHL15 (80311),KLHL15,80311
FBXO45 (200933),FBXO45,200933
CBY2 (220082),CBY2,220082
GNG5 (2787),GNG5,2787
SLC25A30 (253512),SLC25A30,253512
SPATA31G1 (138724),SPATA31G1,138724
CD34 (947),CD34,947
CTSF (8722),CTSF,8722
MSRB3 (253827),MSRB3,253827
LEMD3 (23592),LEMD3,23592
UQCC4 (283951),UQCC4,283951
TLR10 (81793),TLR10,81793
TLR1 (7096),TLR1,7096
TLR6 (10333),TLR6,10333
FAM174A (345757),FAM174A,345757
RGMB (285704),RGMB,285704
FAM53A (152877),FAM53A,152877
CYB561D1 (284613),CYB561D1,284613
GSTA3 (2940),GSTA3,2940
ZDHHC24 (254359),ZDHHC24,254359
TRMT10C (54931),TRMT10C,54931
CTU2 (348180),CTU2,348180
MGA (23269),MGA,23269
KICS2 (144577),KICS2,144577
ARL13A (392509),ARL13A,392509
SNX31 (169166),SNX31,169166
PIGG (54872),PIGG,54872
PRPF8 (10594),PRPF8,10594
ADCY6 (112),ADCY6,112
PITPNA (5306),PITPNA,5306
DDX23 (9416),DDX23,9416
ZNHIT2 (741),ZNHIT2,741
ZBTB4 (57659),ZBTB4,57659
TNK1 (8711),TNK1,8711
ZHX3 (23051),ZHX3,23051
PHLDA3 (23612),PHLDA3,23612
SLC16A11 (162515),SLC16A11,162515
SLC16A13 (201232),SLC16A13,201232
GLIS1 (148979),GLIS1,148979
CHRNA9 (55584),CHRNA9,55584
PODN (127435),PODN,127435
EXO1 (9156),EXO1,9156
RALGAPA1 (253959),RALGAPA1,253959
LIG4 (3981),LIG4,3981
TRHR (7201),TRHR,7201
GTF2IRD2B (389524),GTF2IRD2B,389524
ATP2A2 (488),ATP2A2,488
ZWILCH (55055),ZWILCH,55055
RPL4 (6124),RPL4,6124
SNAPC5 (10302),SNAPC5,10302
STARD6 (147323),STARD6,147323
C12orf76 (400073),C12orf76,400073
ZCCHC12 (170261),ZCCHC12,170261
CNTNAP2 (26047),CNTNAP2,26047
GALNTL6 (442117),GALNTL6,442117
LINGO2 (158038),LINGO2,158038
BBS1 (582),BBS1,582
DENND4A (10260),DENND4A,10260
IGDCC3 (9543),IGDCC3,9543
GCSAM (257144),GCSAM,257144
ANKRD36C (400986),ANKRD36C,400986
SLC26A9 (115019),SLC26A9,115019
MFSD4A (148808),MFSD4A,148808
PELI3 (246330),PELI3,246330
TTC9B (148014),TTC9B,148014
MYO1H (283446),MYO1H,283446
TMEM81 (388730),TMEM81,388730
MRPL11 (65003),MRPL11,65003
IL20RB (53833),IL20RB,53833
GOLT1A (127845),GOLT1A,127845
AKIRIN1 (79647),AKIRIN1,79647
MSL2 (55167),MSL2,55167
ZNF497 (162968),ZNF497,162968
TRAM1L1 (133022),TRAM1L1,133022
ANGEL2 (90806),ANGEL2,90806
UGT8 (7368),UGT8,7368
KY (339855),KY,339855
IQCK (124152),IQCK,124152
SLCO2A1 (6578),SLCO2A1,6578
ZNF266 (10781),ZNF266,10781
SLC29A2 (3177),SLC29A2,3177
BRSK2 (9024),BRSK2,9024
B4GAT1 (11041),B4GAT1,11041
TMEM167A (153339),TMEM167A,153339
SH3PXD2B (285590),SH3PXD2B,285590
RESF1 (55196),RESF1,55196
LARP7 (51574),LARP7,51574
FGFBP3 (143282),FGFBP3,143282
NR1D2 (9975),NR1D2,9975
BRMS1 (25855),BRMS1,25855
RPL15 (6138),RPL15,6138
FAM241A (132720),FAM241A,132720
HRAS (3265),HRAS,3265
SRP72 (6731),SRP72,6731
PCP2 (126006),PCP2,126006
RIN1 (9610),RIN1,9610
ODAPH (152816),ODAPH,152816
THAP6 (152815),THAP6,152815
CEP135 (9662),CEP135,9662
FZD4 (8322),FZD4,8322
CD248 (57124),CD248,57124
BTC (685),BTC,685
PDZK1 (5174),PDZK1,5174
DENND6A (201627),DENND6A,201627
PDE12 (201626),PDE12,201626
GLMN (11146),GLMN,11146
DNAH12 (201625),DNAH12,201625
YIF1A (10897),YIF1A,10897
CNIH2 (254263),CNIH2,254263
NLRP6 (171389),NLRP6,171389
NDUFA11 (126328),NDUFA11,126328
RSRC1 (51319),RSRC1,51319
RAB1B (81876),RAB1B,81876
PTDSS2 (81490),PTDSS2,81490
MICOS13 (125988),MICOS13,125988
C3orf33 (285315),C3orf33,285315
SEZ6L2 (26470),SEZ6L2,26470
ASPHD1 (253982),ASPHD1,253982
KCTD13 (253980),KCTD13,253980
AMZ1 (155185),AMZ1,155185
CD164L2 (388611),CD164L2,388611
FUT1 (2523),FUT1,2523
DHX36 (170506),DHX36,170506
ZIC4 (84107),ZIC4,84107
FBXW8 (26259),FBXW8,26259
ZG16 (653808),ZG16,653808
KLC2 (64837),KLC2,64837
SLC22A1 (6580),SLC22A1,6580
TEX36 (387718),TEX36,387718
CTBP2 (1488),CTBP2,1488
CHST2 (9435),CHST2,9435
ZDHHC14 (79683),ZDHHC14,79683
ATR (545),ATR,545
UBE2C (11065),UBE2C,11065
GK5 (256356),GK5,256356
VCPIP1 (80124),VCPIP1,80124
DES (1674),DES,1674
PDIK1L (149420),PDIK1L,149420
SPSB4 (92369),SPSB4,92369
TRAF6 (7189),TRAF6,7189
ZNF654 (55279),ZNF654,55279
TVP23C (201158),TVP23C,201158
MRPS22 (56945),MRPS22,56945
PACS1 (55690),PACS1,55690
MARCKSL1 (65108),MARCKSL1,65108
SH3BP5L (80851),SH3BP5L,80851
YPEL2 (388403),YPEL2,388403
CADM2 (253559),CADM2,253559
ABO (28),ABO,28
PSMD2 (5708),PSMD2,5708
PPM1E (22843),PPM1E,22843
FAM131A (131408),FAM131A,131408
CSRP2 (1466),CSRP2,1466
INHBC (3626),INHBC,3626
PARL (55486),PARL,55486
DDIT3 (1649),DDIT3,1649
PCCA (5095),PCCA,5095
DCTN2 (10540),DCTN2,10540
ZNF408 (79797),ZNF408,79797
CTDSP2 (10106),CTDSP2,10106
CKAP5 (9793),CKAP5,9793
ARHGAP1 (392),ARHGAP1,392
MED16 (10025),MED16,10025
ATG13 (9776),ATG13,9776
CIROZ (148345),CIROZ,148345
CHST1 (8534),CHST1,8534
GOLGA8A (23015),GOLGA8A,23015
VWA3A (146177),VWA3A,146177
TP53I11 (9537),TP53I11,9537
CENPS (378708),CENPS,378708
DOLK (22845),DOLK,22845
PHYHD1 (254295),PHYHD1,254295
CATSPER1 (117144),CATSPER1,117144
CCNE2 (9134),CCNE2,9134
PHYKPL (85007),PHYKPL,85007
ANKS4B (257629),ANKS4B,257629
CST6 (1474),CST6,1474
GRAMD2A (196996),GRAMD2A,196996
ZNF519 (162655),ZNF519,162655
LSM1 (27257),LSM1,27257
ISX (91464),ISX,91464
BANF1 (8815),BANF1,8815
APOF (319),APOF,319
CHRNA7 (1139),CHRNA7,1139
TMEM9B (56674),TMEM9B,56674
NRIP3 (56675),NRIP3,56675
PTPN2 (5771),PTPN2,5771
SCUBE2 (57758),SCUBE2,57758
EIF1AD (84285),EIF1AD,84285
SMAD2 (4087),SMAD2,4087
EIF3F (8665),EIF3F,8665
ZNF25 (219749),ZNF25,219749
ARL10 (285598),ARL10,285598
CLTB (1212),CLTB,1212
PCSK1 (5122),PCSK1,5122
LPL (4023),LPL,4023
RFESD (317671),RFESD,317671
CCDC14 (64770),CCDC14,64770
TBC1D10C (374403),TBC1D10C,374403
SART1 (9092),SART1,9092
PPP2R2D (55844),PPP2R2D,55844
MCTP1 (79772),MCTP1,79772
POLD4 (57804),POLD4,57804
DPP10 (57628),DPP10,57628
CLCF1 (23529),CLCF1,23529
LIPT2 (387787),LIPT2,387787
KCNE3 (10008),KCNE3,10008
CABP4 (57010),CABP4,57010
ALG10B (144245),ALG10B,144245
DRAP1 (10589),DRAP1,10589
LONRF3 (79836),LONRF3,79836
UCP3 (7352),UCP3,7352
UCP2 (7351),UCP2,7351
C11orf68 (83638),C11orf68,83638
PAAF1 (80227),PAAF1,80227
MRPL48 (51642),MRPL48,51642
RAB6A (5870),RAB6A,5870
P2RY2 (5029),P2RY2,5029
FOSL1 (8061),FOSL1,8061
ERCC4 (2072),ERCC4,2072
SUGCT (79783),SUGCT,79783
CCDC85B (11007),CCDC85B,11007
TMEM70 (54968),TMEM70,54968
RPS6KB2 (6199),RPS6KB2,6199
RMI2 (116028),RMI2,116028
TOM1L2 (146691),TOM1L2,146691
ZNF77 (58492),ZNF77,58492
GPR156 (165829),GPR156,165829
MTLN (205251),MTLN,205251
KDF1 (126695),KDF1,126695
B3GNTL1 (146712),B3GNTL1,146712
MLXIP (22877),MLXIP,22877
NR2F1 (7025),NR2F1,7025
AURKAIP1 (54998),AURKAIP1,54998
TTLL11 (158135),TTLL11,158135
TOMM5 (401505),TOMM5,401505
SLC35E3 (55508),SLC35E3,55508
PRIMA1 (145270),PRIMA1,145270
ZNF169 (169841),ZNF169,169841
RUVBL1 (8607),RUVBL1,8607
SFN (2810),SFN,2810
MSRA (4482),MSRA,4482
CCDC168 (643677),CCDC168,643677
CTDNEP1 (23399),CTDNEP1,23399
ETV4 (2118),ETV4,2118
SWI5 (375757),SWI5,375757
BAIAP2 (10458),BAIAP2,10458
CALCB (797),CALCB,797
CREG2 (200407),CREG2,200407
TMEM270 (135886),TMEM270,135886
HOXD8 (3234),HOXD8,3234
ZDHHC21 (340481),ZDHHC21,340481
TSPEAR (54084),TSPEAR,54084
PLEKHF2 (79666),PLEKHF2,79666
A2M (2),A2M,2
ARL4D (379),ARL4D,379
DOK7 (285489),DOK7,285489
LRRN1 (57633),LRRN1,57633
UBE2O (63893),UBE2O,63893
ORAI3 (93129),ORAI3,93129
KLHL38 (340359),KLHL38,340359
UNC119B (84747),UNC119B,84747
DENND2C (163259),DENND2C,163259
PLEKHD1 (400224),PLEKHD1,400224
TUBB6 (84617),TUBB6,84617
LYSMD3 (116068),LYSMD3,116068
B3GALT6 (126792),B3GALT6,126792
ZNF613 (79898),ZNF613,79898
C11orf16 (56673),C11orf16,56673
TMPRSS7 (344805),TMPRSS7,344805
NUPR1 (26471),NUPR1,26471
JAKMIP2 (9832),JAKMIP2,9832
MBLAC2 (153364),MBLAC2,153364
TPRN (286262),TPRN,286262
KCNE5 (23630),KCNE5,23630
SLC35A4 (113829),SLC35A4,113829
CRYBG2 (55057),CRYBG2,55057
IP6K1 (9807),IP6K1,9807
SSNA1 (8636),SSNA1,8636
CSTF3 (1479),CSTF3,1479
YES1 (7525),YES1,7525
CHMP6 (79643),CHMP6,79643
UFSP1 (402682),UFSP1,402682
MC5R (4161),MC5R,4161
TMEM39A (55254),TMEM39A,55254
TCP11L1 (55346),TCP11L1,55346
GPX2 (2877),GPX2,2877
CCDC57 (284001),CCDC57,284001
FOXG1 (2290),FOXG1,2290
SPHK1 (8877),SPHK1,8877
BNIP3 (664),BNIP3,664
MYPOP (339344),MYPOP,339344
ATAD5 (79915),ATAD5,79915
SMIM19 (114926),SMIM19,114926
ZNF404 (342908),ZNF404,342908
RTTN (25914),RTTN,25914
ACBD7 (414149),ACBD7,414149
ANAPC2 (29882),ANAPC2,29882
ZBTB8OS (339487),ZBTB8OS,339487
SLC35G1 (159371),SLC35G1,159371
ZNF135 (7694),ZNF135,7694
COX8A (1351),COX8A,1351
TAC4 (255061),TAC4,255061
ZSCAN2 (54993),ZSCAN2,54993
PRR18 (285800),PRR18,285800
B3GNT4 (79369),B3GNT4,79369
CDC26 (246184),CDC26,246184
HSD11B2 (3291),HSD11B2,3291
CRLF3 (51379),CRLF3,51379
RNPEP (6051),RNPEP,6051
EID2 (163126),EID2,163126
DMRTA1 (63951),DMRTA1,63951
EID2B (126272),EID2B,126272
GJC3 (349149),GJC3,349149
RIMS2 (9699),RIMS2,9699
KCMF1 (56888),KCMF1,56888
DNAJC30 (84277),DNAJC30,84277
SPRYD4 (283377),SPRYD4,283377
VPS37D (155382),VPS37D,155382
SYNE3 (161176),SYNE3,161176
CLK2 (1196),CLK2,1196
LPCAT4 (254531),LPCAT4,254531
SLCO3A1 (28232),SLCO3A1,28232
ZNF575 (284346),ZNF575,284346
WDR25 (79446),WDR25,79446
SGF29 (112869),SGF29,112869
PLAAT3 (11145),PLAAT3,11145
DIRAS1 (148252),DIRAS1,148252
PHLDB3 (653583),PHLDB3,653583
PRR15 (222171),PRR15,222171
GNG7 (2788),GNG7,2788
USF3 (205717),USF3,205717
CNTD1 (124817),CNTD1,124817
KBTBD11 (9920),KBTBD11,9920
B3GNT5 (84002),B3GNT5,84002
LMNB2 (84823),LMNB2,84823
RMDN1 (51115),RMDN1,51115
MEX3C (51320),MEX3C,51320
RNF152 (220441),RNF152,220441
MYO1D (4642),MYO1D,4642
FOXL1 (2300),FOXL1,2300
LRRC37A (9884),LRRC37A,9884
FOXC2 (2303),FOXC2,2303
BDNF (627),BDNF,627
CCDC121 (79635),CCDC121,79635
ACSF3 (197322),ACSF3,197322
BOK (666),BOK,666
ZNF843 (283933),ZNF843,283933
RBIS (401466),RBIS,401466
PFN4 (375189),PFN4,375189
MAGEB6 (158809),MAGEB6,158809
CDK5R1 (8851),CDK5R1,8851
TCERG1L (256536),TCERG1L,256536
NCKAP5 (344148),NCKAP5,344148
MAGEB18 (286514),MAGEB18,286514
RUFY1 (80230),RUFY1,80230
BASP1 (10409),BASP1,10409
LRRC37A3 (374819),LRRC37A3,374819
VSIG10 (54621),VSIG10,54621
IRX5 (10265),IRX5,10265
METRNL (284207),METRNL,284207
FAM91A1 (157769),FAM91A1,157769
WSB2 (55884),WSB2,55884
GRIN1 (2902),GRIN1,2902
SOX11 (6664),SOX11,6664
TYMS (7298),TYMS,7298
PXMP2 (5827),PXMP2,5827
TCEANC (170082),TCEANC,170082
PNMA1 (9240),PNMA1,9240
TCIM (56892),TCIM,56892
MAMSTR (284358),MAMSTR,284358
ANKLE2 (23141),ANKLE2,23141
C8G (733),C8G,733
FUT2 (2524),FUT2,2524
EFCAB5 (374786),EFCAB5,374786
GCNT4 (51301),GCNT4,51301
THAP4 (51078),THAP4,51078
NFATC2IP (84901),NFATC2IP,84901
FIBIN (387758),FIBIN,387758
FAM89B (23625),FAM89B,23625
SHMT1 (6470),SHMT1,6470
DPP7 (29952),DPP7,29952
SEC24C (9632),SEC24C,9632
SMCR8 (140775),SMCR8,140775
MTHFR (4524),MTHFR,4524
C19orf18 (147685),C19orf18,147685
DEAF1 (10522),DEAF1,10522
MTX3 (345778),MTX3,345778
TMEM80 (283232),TMEM80,283232
SIX5 (147912),SIX5,147912
FBXO46 (23403),FBXO46,23403
ZDHHC13 (54503),ZDHHC13,54503
SLC38A9 (153129),SLC38A9,153129
ACER2 (340485),ACER2,340485
WDR73 (84942),WDR73,84942
POLE (5426),POLE,5426
PHETA2 (150368),PHETA2,150368
SCN4B (6330),SCN4B,6330
DSCAML1 (57453),DSCAML1,57453
RHOG (391),RHOG,391
EPS8L2 (64787),EPS8L2,64787
ZDHHC22 (283576),ZDHHC22,283576
ANO6 (196527),ANO6,196527
ZBTB34 (403341),ZBTB34,403341
FAM210A (125228),FAM210A,125228
TALDO1 (6888),TALDO1,6888
ULK1 (8408),ULK1,8408
RIMKLA (284716),RIMKLA,284716
CLVS1 (157807),CLVS1,157807
RPS6KA3 (6197),RPS6KA3,6197
B3GNT8 (374907),B3GNT8,374907
PUS1 (80324),PUS1,80324
CHD9 (80205),CHD9,80205
SPACA4 (171169),SPACA4,171169
GATD1 (347862),GATD1,347862
TRIM72 (493829),TRIM72,493829
MAN1B1 (11253),MAN1B1,11253
FZD8 (8325),FZD8,8325
KCNA2 (3737),KCNA2,3737
TOP3A (7156),TOP3A,7156
CASKIN2 (57513),CASKIN2,57513
ZBTB38 (253461),ZBTB38,253461
CCDC71 (64925),CCDC71,64925
LRRN4CL (221091),LRRN4CL,221091
TIMM22 (29928),TIMM22,29928
HIC1 (3090),HIC1,3090
PPFIA3 (8541),PPFIA3,8541
MAGEF1 (64110),MAGEF1,64110
UMODL1 (89766),UMODL1,89766
SAMD9L (219285),SAMD9L,219285
PAWR (5074),PAWR,5074
TGIF1 (7050),TGIF1,7050
MIEF2 (125170),MIEF2,125170
NAP1L5 (266812),NAP1L5,266812
NIM1K (167359),NIM1K,167359
CD19 (930),CD19,930
ERICH5 (203111),ERICH5,203111
NR2C2 (7182),NR2C2,7182
GPR4 (2828),GPR4,2828
ACOT4 (122970),ACOT4,122970
CAVIN1 (284119),CAVIN1,284119
ARIH2 (10425),ARIH2,10425
RBM44 (375316),RBM44,375316
ZBTB33 (10009),ZBTB33,10009
ZBED2 (79413),ZBED2,79413
IRX3 (79191),IRX3,79191
RPRM (56475),RPRM,56475
SLC25A22 (79751),SLC25A22,79751
RABEP2 (79874),RABEP2,79874
ATOX1 (475),ATOX1,475
TBL1XR1 (79718),TBL1XR1,79718
SAMD12 (401474),SAMD12,401474
CD163 (9332),CD163,9332
C18orf32 (497661),C18orf32,497661
PIDD1 (55367),PIDD1,55367
ZNF491 (126069),ZNF491,126069
RPLP2 (6181),RPLP2,6181
HASPIN (83903),HASPIN,83903
JUN (3725),JUN,3725
CSTF2T (23283),CSTF2T,23283
PGBD5 (79605),PGBD5,79605
GBA1 (2629),GBA1,2629
ACAD9 (28976),ACAD9,28976
IL17RA (23765),IL17RA,23765
PNPLA2 (57104),PNPLA2,57104
AGTRAP (57085),AGTRAP,57085
CD163L1 (283316),CD163L1,283316
SRRM3 (222183),SRRM3,222183
THAP5 (168451),THAP5,168451
CRACR2B (283229),CRACR2B,283229
SUMO4 (387082),SUMO4,387082
NAALADL2 (254827),NAALADL2,254827
CD151 (977),CD151,977
POLR2L (5441),POLR2L,5441
FAM20C (56975),FAM20C,56975
NECTIN3 (25945),NECTIN3,25945
ANXA2R (389289),ANXA2R,389289
TMEM94 (9772),TMEM94,9772
FLII (2314),FLII,2314
SOX12 (6666),SOX12,6666
HNRNPA0 (10949),HNRNPA0,10949
MYOZ1 (58529),MYOZ1,58529
KCNJ10 (3766),KCNJ10,3766
CHID1 (66005),CHID1,66005
ZNF620 (253639),ZNF620,253639
ZNF518A (9849),ZNF518A,9849
TMEM187 (8269),TMEM187,8269
SVBP (374969),SVBP,374969
ZNF619 (285267),ZNF619,285267
CCDC184 (387856),CCDC184,387856
AP3S1 (1176),AP3S1,1176
GRB2 (2885),GRB2,2885
ZBTB41 (360023),ZBTB41,360023
UBE2N (7334),UBE2N,7334
ARL6IP6 (151188),ARL6IP6,151188
ZNF354C (30832),ZNF354C,30832
MAMDC4 (158056),MAMDC4,158056
BET1L (51272),BET1L,51272
RPS27 (6232),RPS27,6232
RIC8A (60626),RIC8A,60626
IMP3 (55272),IMP3,55272
ASB8 (140461),ASB8,140461
CIMAP1B (440836),CIMAP1B,440836
DPY19L2 (283417),DPY19L2,283417
LRRC75B (388886),LRRC75B,388886
DMAP1 (55929),DMAP1,55929
ADAMTSL1 (92949),ADAMTSL1,92949
CALHM5 (254228),CALHM5,254228
IMPDH2 (3615),IMPDH2,3615
ALS2CL (259173),ALS2CL,259173
MLF1 (4291),MLF1,4291
NDUFAF3 (25915),NDUFAF3,25915
C2orf69 (205327),C2orf69,205327
GRAMD1C (54762),GRAMD1C,54762
STAP2 (55620),STAP2,55620
TSSK6 (83983),TSSK6,83983
BOLA1 (51027),BOLA1,51027
PDE4DIP (9659),PDE4DIP,9659
DDX10 (1662),DDX10,1662
PPP1R42 (286187),PPP1R42,286187
NDUFV2 (4729),NDUFV2,4729
DALRD3 (55152),DALRD3,55152
ZNF114 (163071),ZNF114,163071
ZNF518B (85460),ZNF518B,85460
ZNF366 (167465),ZNF366,167465
LCORL (254251),LCORL,254251
PARD6G (84552),PARD6G,84552
ZNF454 (285676),ZNF454,285676
SH2B1 (25970),SH2B1,25970
ZC3H12D (340152),ZC3H12D,340152
VN1R1 (57191),VN1R1,57191
POGLUT3 (143888),POGLUT3,143888
PLEC (5339),PLEC,5339
SH2D4B (387694),SH2D4B,387694
PRSS36 (146547),PRSS36,146547
ZNF543 (125919),ZNF543,125919
TMEM151B (441151),TMEM151B,441151
GALNT11 (63917),GALNT11,63917
SLITRK1 (114798),SLITRK1,114798
WDR6 (11180),WDR6,11180
GEN1 (348654),GEN1,348654
TMPRSS9 (360200),TMPRSS9,360200
AQP11 (282679),AQP11,282679
TMEM11 (8834),TMEM11,8834
ZNF354B (117608),ZNF354B,117608
KCNG2 (26251),KCNG2,26251
SHISA3 (152573),SHISA3,152573
CALML5 (51806),CALML5,51806
ZFAND2A (90637),ZFAND2A,90637
PLEKHM3 (389072),PLEKHM3,389072
ZNF223 (7766),ZNF223,7766
FAM220A (84792),FAM220A,84792
DNAJC22 (79962),DNAJC22,79962
NEUROG2 (63973),NEUROG2,63973
CEP295NL (100653515),CEP295NL,100653515
BEND3 (57673),BEND3,57673
NT5DC1 (221294),NT5DC1,221294
GLDC (2731),GLDC,2731
COX14 (84987),COX14,84987
MCMDC2 (157777),MCMDC2,157777
TUBAL3 (79861),TUBAL3,79861
P4HTM (54681),P4HTM,54681
DTX3 (196403),DTX3,196403
KLHL11 (55175),KLHL11,55175
CTXN1 (404217),CTXN1,404217
SLC25A20 (788),SLC25A20,788
CA8 (767),CA8,767
CD28 (940),CD28,940
EPM2AIP1 (9852),EPM2AIP1,9852
ERBB4 (2066),ERBB4,2066
MAF (4094),MAF,4094
CTNNBIP1 (56998),CTNNBIP1,56998
PSAPL1 (768239),PSAPL1,768239
GTPBP6 (8225),GTPBP6,8225
ERN1 (2081),ERN1,2081
GPR35 (2859),GPR35,2859
ZNF713 (349075),ZNF713,349075
PARP10 (84875),PARP10,84875
SUZ12 (23512),SUZ12,23512
NSUN3 (63899),NSUN3,63899
KCTD12 (115207),KCTD12,115207
DHFR2 (200895),DHFR2,200895
RPP25 (54913),RPP25,54913
GRINA (2907),GRINA,2907
THBD (7056),THBD,7056
GP5 (2814),GP5,2814
COX5A (9377),COX5A,9377
STX19 (415117),STX19,415117
ERFE (151176),ERFE,151176
FAM219B (57184),FAM219B,57184
ZHX2 (22882),ZHX2,22882
CPNE7 (27132),CPNE7,27132
RIIAD1 (284485),RIIAD1,284485
MPI (4351),MPI,4351
TRIM73 (375593),TRIM73,375593
OPLAH (26873),OPLAH,26873
TMEM52 (339456),TMEM52,339456
TMEM139 (135932),TMEM139,135932
EFCAB13 (124989),EFCAB13,124989
MSC (9242),MSC,9242
APOLD1 (81575),APOLD1,81575
RFLNA (144347),RFLNA,144347
EXOSC4 (54512),EXOSC4,54512
DPY19L3 (147991),DPY19L3,147991
TAF7 (6879),TAF7,6879
ZNF852 (285346),ZNF852,285346
FOXE1 (2304),FOXE1,2304
PFAS (5198),PFAS,5198
CYBC1 (79415),CYBC1,79415
ZNF552 (79818),ZNF552,79818
SMIM10L2A (399668),SMIM10L2A,399668
GAK (2580),GAK,2580
ZBTB7A (51341),ZBTB7A,51341
TUFM (7284),TUFM,7284
RMI1 (80010),RMI1,80010
CTC1 (80169),CTC1,80169
FBXO34 (55030),FBXO34,55030
SELENOW (6415),SELENOW,6415
EIF3K (27335),EIF3K,27335
MRFAP1L1 (114932),MRFAP1L1,114932
SNX18 (112574),SNX18,112574
EXD1 (161829),EXD1,161829
AURKB (9212),AURKB,9212
C14orf39 (317761),C14orf39,317761
MRFAP1 (93621),MRFAP1,93621
C3orf38 (285237),C3orf38,285237
KLHDC7A (127707),KLHDC7A,127707
TMEM107 (84314),TMEM107,84314
RRS1 (23212),RRS1,23212
EXOC3L1 (283849),EXOC3L1,283849
TRIML2 (205860),TRIML2,205860
RCC2 (55920),RCC2,55920
IGSF22 (283284),IGSF22,283284
C9orf50 (375759),C9orf50,375759
ZFP42 (132625),ZFP42,132625
CCDC89 (220388),CCDC89,220388
FAM133A (286499),FAM133A,286499
DPM3 (54344),DPM3,54344
C12orf42 (374470),C12orf42,374470
CYC1 (1537),CYC1,1537
PER1 (5187),PER1,5187
TMTC2 (160335),TMTC2,160335
HES7 (84667),HES7,84667
FARSA (2193),FARSA,2193
SPTY2D1 (144108),SPTY2D1,144108
C10orf67 (256815),C10orf67,256815
SAMD4B (55095),SAMD4B,55095
ALOXE3 (59344),ALOXE3,59344
EDC3 (80153),EDC3,80153
TCAIM (285343),TCAIM,285343
FUCA1 (2517),FUCA1,2517
GGN (199720),GGN,199720
HNRNPCL1 (343069),HNRNPCL1,343069
TMEM125 (128218),TMEM125,128218
ZNF664 (144348),ZNF664,144348
CALR (811),CALR,811
MAGED1 (9500),MAGED1,9500
GVQW3 (100506127),GVQW3,100506127
LDLRAD3 (143458),LDLRAD3,143458
CDH4 (1002),CDH4,1002
RAD23A (5886),RAD23A,5886
GADD45GIP1 (90480),GADD45GIP1,90480
DAND5 (199699),DAND5,199699
TMEM151A (256472),TMEM151A,256472
PTPN11 (5781),PTPN11,5781
NSUN7 (79730),NSUN7,79730
FAM156B (727866),FAM156B,727866
WSCD1 (23302),WSCD1,23302
RAB39A (54734),RAB39A,54734
CLK3 (1198),CLK3,1198
HLA-DQB1 (3119),HLA-DQB1,3119
GATA2 (2624),GATA2,2624
ARID3B (10620),ARID3B,10620
PACS2 (23241),PACS2,23241
ELMOD2 (255520),ELMOD2,255520
EGR3 (1960),EGR3,1960
CATSPERE (257044),CATSPERE,257044
GPC5 (2262),GPC5,2262
VWA1 (64856),VWA1,64856
GEMIN4 (50628),GEMIN4,50628
FJX1 (24147),FJX1,24147
KLHL28 (54813),KLHL28,54813
MKRN3 (7681),MKRN3,7681
ZBTB18 (10472),ZBTB18,10472
DORIP1 (122525),DORIP1,122525
ALOX12B (242),ALOX12B,242
SHARPIN (81858),SHARPIN,81858
LBX2 (85474),LBX2,85474
DNHD1 (144132),DNHD1,144132
SLITRK4 (139065),SLITRK4,139065
HTR1D (3352),HTR1D,3352
GCC1 (79571),GCC1,79571
LSMEM2 (132228),LSMEM2,132228
CIITA (4261),CIITA,4261
ZFPM1 (161882),ZFPM1,161882
ALOX15B (247),ALOX15B,247
PLD6 (201164),PLD6,201164
CDC42EP4 (23580),CDC42EP4,23580
ZBTB42 (100128927),ZBTB42,100128927
LACC1 (144811),LACC1,144811
MAF1 (84232),MAF1,84232
ARL14 (80117),ARL14,80117
WDR97 (340390),WDR97,340390
PCED1B (91523),PCED1B,91523
APOBEC3B (9582),APOBEC3B,9582
PIPOX (51268),PIPOX,51268
ATOH7 (220202),ATOH7,220202
CDH5 (1003),CDH5,1003
MYADM (91663),MYADM,91663
MROH1 (727957),MROH1,727957
SERTAD2 (9792),SERTAD2,9792
AKAP5 (9495),AKAP5,9495
NKPD1 (284353),NKPD1,284353
GIPC3 (126326),GIPC3,126326
RNF227 (284023),RNF227,284023
CITED4 (163732),CITED4,163732
ABCA13 (154664),ABCA13,154664
NLRP11 (204801),NLRP11,204801
PDXDC1 (23042),PDXDC1,23042
CFAP276 (127003),CFAP276,127003
ZNF154 (7710),ZNF154,7710
R3HDM2 (22864),R3HDM2,22864
B3GNT3 (10331),B3GNT3,10331
NRXN1 (9378),NRXN1,9378
SEPHS2 (22928),SEPHS2,22928
GPBAR1 (151306),GPBAR1,151306
ZNF784 (147808),ZNF784,147808
ZNF648 (127665),ZNF648,127665
C14orf119 (55017),C14orf119,55017
BBS10 (79738),BBS10,79738
FIZ1 (84922),FIZ1,84922
PUF60 (22827),PUF60,22827
SSC5D (284297),SSC5D,284297
DCTPP1 (79077),DCTPP1,79077
ZNF771 (51333),ZNF771,51333
TSHZ1 (10194),TSHZ1,10194
PSTK (118672),PSTK,118672
SOCS4 (122809),SOCS4,122809
PTGR3 (284273),PTGR3,284273
ZNF48 (197407),ZNF48,197407
C3orf80 (401097),C3orf80,401097
ANKRD18A (253650),ANKRD18A,253650
TMEM86B (255043),TMEM86B,255043
SEPTIN1 (1731),SEPTIN1,1731
TRNAU1AP (54952),TRNAU1AP,54952
EXOC3 (11336),EXOC3,11336
TDRD6 (221400),TDRD6,221400
LYNX1 (66004),LYNX1,66004
TH (7054),TH,7054
MED14 (9282),MED14,9282
FAHD1 (81889),FAHD1,81889
TDRP (157695),TDRP,157695
RCC1 (1104),RCC1,1104
MYL11 (29895),MYL11,29895
F2 (2147),F2,2147
PRKRA (8575),PRKRA,8575
ZNRF2 (223082),ZNRF2,223082
RRH (10692),RRH,10692
SLC9A4 (389015),SLC9A4,389015
ZNF816 (125893),ZNF816,125893
FGD6 (55785),FGD6,55785
OAZ2 (4947),OAZ2,4947
PNPLA1 (285848),PNPLA1,285848
ALX1 (8092),ALX1,8092
CCDC43 (124808),CCDC43,124808
MEIOC (284071),MEIOC,284071
FZD2 (2535),FZD2,2535
TIGD2 (166815),TIGD2,166815
ITPRID1 (223075),ITPRID1,223075
HCLS1 (3059),HCLS1,3059
MTURN (222166),MTURN,222166
ZNF609 (23060),ZNF609,23060
PAK2 (5062),PAK2,5062
CCDC66 (285331),CCDC66,285331
MCFD2 (90411),MCFD2,90411
HARBI1 (283254),HARBI1,283254
C11orf71 (54494),C11orf71,54494
CYP8B1 (1582),CYP8B1,1582
GAS1 (2619),GAS1,2619
ARHGAP45 (23526),ARHGAP45,23526
ZNF571 (51276),ZNF571,51276
GLIPR1L2 (144321),GLIPR1L2,144321
MIGA1 (374986),MIGA1,374986
KCNE1 (3753),KCNE1,3753
NRIP1 (8204),NRIP1,8204
ZSCAN4 (201516),ZSCAN4,201516
BHLHA15 (168620),BHLHA15,168620
RNF182 (221687),RNF182,221687
TSPYL5 (85453),TSPYL5,85453
H2AC6 (8334),H2AC6,8334
EIF2S3B (255308),EIF2S3B,255308
SKIDA1 (387640),SKIDA1,387640
H2BC4 (8347),H2BC4,8347
MB21D2 (151963),MB21D2,151963
SSTR2 (6752),SSTR2,6752
ZNF594 (84622),ZNF594,84622
PCGF5 (84333),PCGF5,84333
SLC47A2 (146802),SLC47A2,146802
PRF1 (5551),PRF1,5551
YOD1 (55432),YOD1,55432
TMEM64 (169200),TMEM64,169200
CHRM4 (1132),CHRM4,1132
SHISA2 (387914),SHISA2,387914
S1PR5 (53637),S1PR5,53637
GPR157 (80045),GPR157,80045
CHST13 (166012),CHST13,166012
SLC36A4 (120103),SLC36A4,120103
ZDHHC20 (253832),ZDHHC20,253832
ANKRD30B (374860),ANKRD30B,374860
ZFP3 (124961),ZFP3,124961
ARSJ (79642),ARSJ,79642
HOXC9 (3225),HOXC9,3225
MAP3K15 (389840),MAP3K15,389840
PPA1 (5464),PPA1,5464
HOXC10 (3226),HOXC10,3226
PSMG4 (389362),PSMG4,389362
MAP6D1 (79929),MAP6D1,79929
ZNF443 (10224),ZNF443,10224
GREM2 (64388),GREM2,64388
C11orf42 (160298),C11orf42,160298
SSR4 (6748),SSR4,6748
CAPS2 (84698),CAPS2,84698
ZNF792 (126375),ZNF792,126375
CUEDC1 (404093),CUEDC1,404093
SCRIB (23513),SCRIB,23513
KCTD2 (23510),KCTD2,23510
D2HGDH (728294),D2HGDH,728294
OXTR (5021),OXTR,5021
CMTR2 (55783),CMTR2,55783
FAM83H (286077),FAM83H,286077
GPR62 (118442),GPR62,118442
ZNF572 (137209),ZNF572,137209
PITPNB (23760),PITPNB,23760
TCEAL8 (90843),TCEAL8,90843
LRRC57 (255252),LRRC57,255252
MRPL14 (64928),MRPL14,64928
GPR137C (283554),GPR137C,283554
C1orf105 (92346),C1orf105,92346
BBS12 (166379),BBS12,166379
ZFP82 (284406),ZFP82,284406
LSMEM1 (286006),LSMEM1,286006
NQO1 (1728),NQO1,1728
AEN (64782),AEN,64782
FKRP (79147),FKRP,79147
TRAPPC5 (126003),TRAPPC5,126003
RPH3AL (9501),RPH3AL,9501
SLC25A42 (284439),SLC25A42,284439
METTL23 (124512),METTL23,124512
SLC26A11 (284129),SLC26A11,284129
HIGD1A (25994),HIGD1A,25994
CHRM2 (1129),CHRM2,1129
MAPK15 (225689),MAPK15,225689
EHMT1 (79813),EHMT1,79813
ADIPOQ (9370),ADIPOQ,9370
F2R (2149),F2R,2149
ZNF707 (286075),ZNF707,286075
MUC16 (94025),MUC16,94025
NPM1 (4869),NPM1,4869
PJA1 (64219),PJA1,64219
DHTKD1 (55526),DHTKD1,55526
C4orf50 (389197),C4orf50,389197
H2AC25 (92815),H2AC25,92815
ZNF746 (155061),ZNF746,155061
POLR2A (5430),POLR2A,5430
TMEM132C (92293),TMEM132C,92293
SLC25A41 (284427),SLC25A41,284427
TLCD5 (219902),TLCD5,219902
FRAT2 (23401),FRAT2,23401
TMEM102 (284114),TMEM102,284114
TMEM132E (124842),TMEM132E,124842
ZNF322 (79692),ZNF322,79692
NME9 (347736),NME9,347736
HEPHL1 (341208),HEPHL1,341208
LRRC75A (388341),LRRC75A,388341
CFAP65 (255101),CFAP65,255101
DDX60L (91351),DDX60L,91351
SYNE4 (163183),SYNE4,163183
OGFOD3 (79701),OGFOD3,79701
WASHC1 (100287171),WASHC1,100287171
AATK (9625),AATK,9625
DDN (23109),DDN,23109
ZNF467 (168544),ZNF467,168544
SOX2 (6657),SOX2,6657
ZNF678 (339500),ZNF678,339500
TMEM45A (55076),TMEM45A,55076
RAP2B (5912),RAP2B,5912
ZBTB2 (57621),ZBTB2,57621
RNF135 (84282),RNF135,84282
ACBD4 (79777),ACBD4,79777
SGSH (6448),SGSH,6448
FANCB (2187),FANCB,2187
SETD2 (29072),SETD2,29072
TMIE (259236),TMIE,259236
MEX3D (399664),MEX3D,399664
MRPS23 (51649),MRPS23,51649
GPR135 (64582),GPR135,64582
TNFSF15 (9966),TNFSF15,9966
ZFP41 (286128),ZFP41,286128
PHLDA2 (7262),PHLDA2,7262
ATG9B (285973),ATG9B,285973
ZNF875 (284459),ZNF875,284459
PLAG1 (5324),PLAG1,5324
YIPF6 (286451),YIPF6,286451
ZBTB20 (26137),ZBTB20,26137
DIPK2A (205428),DIPK2A,205428
MACIR (90355),MACIR,90355
AMIGO1 (57463),AMIGO1,57463
GPR3 (2827),GPR3,2827
TMEM252 (169693),TMEM252,169693
SIAH2 (6478),SIAH2,6478
COPG1 (22820),COPG1,22820
ADGRB1 (575),ADGRB1,575
SLC9A9 (285195),SLC9A9,285195
LSM10 (84967),LSM10,84967
RELL1 (768211),RELL1,768211
RFX7 (64864),RFX7,64864
SLC35C1 (55343),SLC35C1,55343
RNF41 (10193),RNF41,10193
SLC2A4 (6517),SLC2A4,6517
IBA57 (200205),IBA57,200205
CLDN7 (1366),CLDN7,1366
ZNF329 (79673),ZNF329,79673
ZNF101 (94039),ZNF101,94039
C5orf24 (134553),C5orf24,134553
ADO (84890),ADO,84890
COA4 (51287),COA4,51287
PRKAG1 (5571),PRKAG1,5571
GINS3 (64785),GINS3,64785
CCDC149 (91050),CCDC149,91050
MRPS11 (64963),MRPS11,64963
SNRPE (6635),SNRPE,6635
RTKN2 (219790),RTKN2,219790
PNMA8A (55228),PNMA8A,55228
CHST15 (51363),CHST15,51363
USH1G (124590),USH1G,124590
MGAT4C (25834),MGAT4C,25834
IDH2 (3418),IDH2,3418
TMEM259 (91304),TMEM259,91304
GET1 (7485),GET1,7485
TNRC18 (84629),TNRC18,84629
FAM181B (220382),FAM181B,220382
TMEM30B (161291),TMEM30B,161291
DEXI (28955),DEXI,28955
ZNF716 (441234),ZNF716,441234
NOP10 (55505),NOP10,55505
FAM89A (375061),FAM89A,375061
KCNIP1 (30820),KCNIP1,30820
TDRKH (11022),TDRKH,11022
ZNF708 (7562),ZNF708,7562
IST1 (9798),IST1,9798
ERCC6L2 (375748),ERCC6L2,375748
MRPL41 (64975),MRPL41,64975
CREB3L2 (64764),CREB3L2,64764
P2RY8 (286530),P2RY8,286530
UNC5C (8633),UNC5C,8633
TSEN54 (283989),TSEN54,283989
RGMA (56963),RGMA,56963
UBA7 (7318),UBA7,7318
MRPS16 (51021),MRPS16,51021
RAD51B (5890),RAD51B,5890
LDOC1 (23641),LDOC1,23641
ARL6IP4 (51329),ARL6IP4,51329
EXT1 (2131),EXT1,2131
SHMT2 (6472),SHMT2,6472
MOB2 (81532),MOB2,81532
HHIPL1 (84439),HHIPL1,84439
ATP6AP2 (10159),ATP6AP2,10159
CYB5D1 (124637),CYB5D1,124637
BACE2 (25825),BACE2,25825
UBE2E2 (7325),UBE2E2,7325
SYNM (23336),SYNM,23336
GABRG3 (2567),GABRG3,2567
NLRP10 (338322),NLRP10,338322
FIGN (55137),FIGN,55137
IZUMO1 (284359),IZUMO1,284359
B4GALNT4 (338707),B4GALNT4,338707
AP1S2 (8905),AP1S2,8905
C8orf33 (65265),C8orf33,65265
DCAF4L1 (285429),DCAF4L1,285429
SPACA6 (147650),SPACA6,147650
ZSCAN22 (342945),ZSCAN22,342945
KCNJ14 (3770),KCNJ14,3770
FBXL6 (26233),FBXL6,26233
C1S (716),C1S,716
GLTPD2 (388323),GLTPD2,388323
KBTBD3 (143879),KBTBD3,143879
YBEY (54059),YBEY,54059
PLCXD1 (55344),PLCXD1,55344
NXPH4 (11247),NXPH4,11247
CACNB4 (785),CACNB4,785
IFNL1 (282618),IFNL1,282618
TRAPPC6B (122553),TRAPPC6B,122553
PGBD4 (161779),PGBD4,161779
NPLOC4 (55666),NPLOC4,55666
TEX19 (400629),TEX19,400629
TSHZ2 (128553),TSHZ2,128553
CAPN12 (147968),CAPN12,147968
EXOC7 (23265),EXOC7,23265
KPNA2 (3838),KPNA2,3838
XKRX (402415),XKRX,402415
BGN (633),BGN,633
CEP97 (79598),CEP97,79598
LHFPL1 (340596),LHFPL1,340596
FES (2242),FES,2242
GLRX5 (51218),GLRX5,51218
VCF2 (90736),VCF2,90736
CAV3 (859),CAV3,859
MXRA7 (439921),MXRA7,439921
LIMK2 (3985),LIMK2,3985
MFSD5 (84975),MFSD5,84975
ADI1 (55256),ADI1,55256
RWDD4 (201965),RWDD4,201965
SPNS3 (201305),SPNS3,201305
SATB1 (6304),SATB1,6304
NXPH3 (11248),NXPH3,11248
CSF1R (1436),CSF1R,1436
EPHB3 (2049),EPHB3,2049
EPGN (255324),EPGN,255324
SNORC (389084),SNORC,389084
TRAK1 (22906),TRAK1,22906
TSPAN10 (83882),TSPAN10,83882
PLCB1 (23236),PLCB1,23236
SKA2 (348235),SKA2,348235
NDN (4692),NDN,4692
NTM (50863),NTM,50863
TTC3 (7267),TTC3,7267
PPP1R27 (116729),PPP1R27,116729
BRICD5 (283870),BRICD5,283870
GALR2 (8811),GALR2,8811
IGIP (492311),IGIP,492311
TSKU (25987),TSKU,25987
ANXA2 (302),ANXA2,302
RGS6 (9628),RGS6,9628
HOXB4 (3214),HOXB4,3214
PAQR7 (164091),PAQR7,164091
PAPPA (5069),PAPPA,5069
MAFA (389692),MAFA,389692
NGRN (51335),NGRN,51335
GRID1 (2894),GRID1,2894
HCAR2 (338442),HCAR2,338442
CCDC87 (55231),CCDC87,55231
C1orf116 (79098),C1orf116,79098
MAGEB17 (645864),MAGEB17,645864
CRIP2 (1397),CRIP2,1397
DDX28 (55794),DDX28,55794
ACBD3 (64746),ACBD3,64746
HAPSTR1 (29035),HAPSTR1,29035
PLCXD3 (345557),PLCXD3,345557
VMO1 (284013),VMO1,284013
ALG12 (79087),ALG12,79087
LCK (3932),LCK,3932
GALNT9 (50614),GALNT9,50614
COL18A1 (80781),COL18A1,80781
RBM10 (8241),RBM10,8241
ADGRG3 (222487),ADGRG3,222487
GLUD2 (2747),GLUD2,2747
TCHHL1 (126637),TCHHL1,126637
RPL35A (6165),RPL35A,6165
RGS7 (6000),RGS7,6000
SLC25A18 (83733),SLC25A18,83733
ZNF721 (170960),ZNF721,170960
C11orf54 (28970),C11orf54,28970
CEP63 (80254),CEP63,80254
SRPRA (6734),SRPRA,6734
EWSR1 (2130),EWSR1,2130
HMGN4 (10473),HMGN4,10473
SPATA13 (221178),SPATA13,221178
GJC1 (10052),GJC1,10052
CNOT10 (25904),CNOT10,25904
MTA1 (9112),MTA1,9112
ZNF662 (389114),ZNF662,389114
CADM1 (23705),CADM1,23705
ZNF320 (162967),ZNF320,162967
C12orf60 (144608),C12orf60,144608
PYCR1 (5831),PYCR1,5831
NAA38 (84316),NAA38,84316
SPNS2 (124976),SPNS2,124976
AP2A2 (161),AP2A2,161
SLC8A1 (6546),SLC8A1,6546
SLC25A21 (89874),SLC25A21,89874
PCP4 (5121),PCP4,5121
ABAT (18),ABAT,18
SLC25A10 (1468),SLC25A10,1468
CAMK1D (57118),CAMK1D,57118
LYSMD4 (145748),LYSMD4,145748
WBP2NL (164684),WBP2NL,164684
IGSF5 (150084),IGSF5,150084
NKX2-5 (1482),NKX2-5,1482
AFMID (125061),AFMID,125061
GAS6 (2621),GAS6,2621
NEB (4703),NEB,4703
BEGAIN (57596),BEGAIN,57596
GPC6 (10082),GPC6,10082
ARHGEF37 (389337),ARHGEF37,389337
CSMD1 (64478),CSMD1,64478
CALHM3 (119395),CALHM3,119395
PTGDR2 (11251),PTGDR2,11251
CEP57L1 (285753),CEP57L1,285753
RIPPLY3 (53820),RIPPLY3,53820
GPR19 (2842),GPR19,2842
GJD3 (125111),GJD3,125111
RABIF (5877),RABIF,5877
FANCF (2188),FANCF,2188
SMDT1 (91689),SMDT1,91689
C2CD4C (126567),C2CD4C,126567
CHST6 (4166),CHST6,4166
POTEC (388468),POTEC,388468
RUVBL2 (10856),RUVBL2,10856
GDPGP1 (390637),GDPGP1,390637
PRR36 (80164),PRR36,80164
PTTG1IP (754),PTTG1IP,754
DDX41 (51428),DDX41,51428
PLGLB1 (5343),PLGLB1,5343
DAZAP2 (9802),DAZAP2,9802
CCBE1 (147372),CCBE1,147372
SELENOF (9403),SELENOF,9403
TMEM121B (27439),TMEM121B,27439
ZNF623 (9831),ZNF623,9831
EPHA10 (284656),EPHA10,284656
CCDC125 (202243),CCDC125,202243
BCOR (54880),BCOR,54880
JRKL (8690),JRKL,8690
CABCOCO1 (219621),CABCOCO1,219621
GBP6 (163351),GBP6,163351
BRD10 (158358),BRD10,158358
OVCH2 (341277),OVCH2,341277
FHL3 (2275),FHL3,2275
TEKTIP1 (100128569),TEKTIP1,100128569
CCDC159 (126075),CCDC159,126075
RIPK4 (54101),RIPK4,54101
LRIT3 (345193),LRIT3,345193
NPIPA1 (9284),NPIPA1,9284
SF3A3 (10946),SF3A3,10946
TRIM61 (391712),TRIM61,391712
GRIN2A (2903),GRIN2A,2903
GTF2H2C (728340),GTF2H2C,728340
ASB7 (140460),ASB7,140460
SH2D7 (646892),SH2D7,646892
TREX2 (11219),TREX2,11219
GPR132 (29933),GPR132,29933
MX2 (4600),MX2,4600
EP400 (57634),EP400,57634
MEX3B (84206),MEX3B,84206
TENT5C (54855),TENT5C,54855
COA5 (493753),COA5,493753
UTP11 (51118),UTP11,51118
PSMG1 (8624),PSMG1,8624
PRR14L (253143),PRR14L,253143
SERHL2 (253190),SERHL2,253190
PCBP3 (54039),PCBP3,54039
SETD3 (84193),SETD3,84193
TNFAIP8L3 (388121),TNFAIP8L3,388121
ZNRF3 (84133),ZNRF3,84133
FBXL7 (23194),FBXL7,23194
TANGO2 (128989),TANGO2,128989
H3C13 (653604),H3C13,653604
SFXN4 (119559),SFXN4,119559
FAM167B (84734),FAM167B,84734
MRPL54 (116541),MRPL54,116541
ZNF438 (220929),ZNF438,220929
HMCES (56941),HMCES,56941
CCR3 (1232),CCR3,1232
DGCR6 (8214),DGCR6,8214
RP1L1 (94137),RP1L1,94137
ZNF530 (348327),ZNF530,348327
NDUFB1 (4707),NDUFB1,4707
KLHL25 (64410),KLHL25,64410
TRMT12 (55039),TRMT12,55039
PSG9 (5678),PSG9,5678
CMKLR2 (2825),CMKLR2,2825
BMP8A (353500),BMP8A,353500
ALYREF (10189),ALYREF,10189
RFLNB (359845),RFLNB,359845
EFHC2 (80258),EFHC2,80258
NOG (9241),NOG,9241
UPP1 (7378),UPP1,7378
TRIM52 (84851),TRIM52,84851
LHFPL6 (10186),LHFPL6,10186
CMTM4 (146223),CMTM4,146223
TMEM50A (23585),TMEM50A,23585
ASCL2 (430),ASCL2,430
TBK1 (29110),TBK1,29110
CBX6 (23466),CBX6,23466
MACC1 (346389),MACC1,346389
TBL3 (10607),TBL3,10607
ACP7 (390928),ACP7,390928
KREMEN1 (83999),KREMEN1,83999
TRAIP (10293),TRAIP,10293
CHEK2 (11200),CHEK2,11200
FOXL2 (668),FOXL2,668
AIFM3 (150209),AIFM3,150209
KCTD16 (57528),KCTD16,57528
B3GALT5 (10317),B3GALT5,10317
ZNF703 (80139),ZNF703,80139
SLC35F3 (148641),SLC35F3,148641
TUBA8 (51807),TUBA8,51807
NPIPA5 (100288332),NPIPA5,100288332
EMILIN3 (90187),EMILIN3,90187
OLFML1 (283298),OLFML1,283298
RBM12B (389677),RBM12B,389677
CCR4 (1233),CCR4,1233
LIN9 (286826),LIN9,286826
BTBD9 (114781),BTBD9,114781
NUDT14 (256281),NUDT14,256281
ANKRD45 (339416),ANKRD45,339416
CFAP91 (89876),CFAP91,89876
GPR39 (2863),GPR39,2863
FAM3B (54097),FAM3B,54097
ZNF730 (100129543),ZNF730,100129543
KIRREL1 (55243),KIRREL1,55243
IQGAP3 (128239),IQGAP3,128239
TOB2 (10766),TOB2,10766
SCN5A (6331),SCN5A,6331
ARSI (340075),ARSI,340075
SRARP (149563),SRARP,149563
TTC32 (130502),TTC32,130502
LRRC55 (219527),LRRC55,219527
DNAH2 (146754),DNAH2,146754
PRKX (5613),PRKX,5613
KMT5A (387893),KMT5A,387893
SMTN (6525),SMTN,6525
NPW (283869),NPW,283869
PP2D1 (151649),PP2D1,151649
COA3 (28958),COA3,28958
ST6GALNAC3 (256435),ST6GALNAC3,256435
PTP4A2 (8073),PTP4A2,8073
ACTG1 (71),ACTG1,71
TMPRSS2 (7113),TMPRSS2,7113
DENND5A (23258),DENND5A,23258
DIABLO (56616),DIABLO,56616
VPS33B (26276),VPS33B,26276
TBX1 (6899),TBX1,6899
ADAP2 (55803),ADAP2,55803
UQCR10 (29796),UQCR10,29796
FAM120C (54954),FAM120C,54954
EIF3C (8663),EIF3C,8663
CLDN5 (7122),CLDN5,7122
NIPSNAP1 (8508),NIPSNAP1,8508
LRRC51 (120356739),LRRC51,120356739
KCNQ3 (3786),KCNQ3,3786
ADRA2C (152),ADRA2C,152
NR2C2AP (126382),NR2C2AP,126382
C1QTNF12 (388581),C1QTNF12,388581
CRELD2 (79174),CRELD2,79174
SCFD2 (152579),SCFD2,152579
UBE2F (140739),UBE2F,140739
KCNJ12 (3768),KCNJ12,3768
GPR173 (54328),GPR173,54328
PPP1R2 (5504),PPP1R2,5504
TSPYL2 (64061),TSPYL2,64061
GOLGA6L4 (643707),GOLGA6L4,643707
PGP (283871),PGP,283871
SNRNP35 (11066),SNRNP35,11066
IRAK1 (3654),IRAK1,3654
CMSS1 (84319),CMSS1,84319
OLIG1 (116448),OLIG1,116448
PCDH9 (5101),PCDH9,5101
ACOT1 (641371),ACOT1,641371
OAF (220323),OAF,220323
ALDH1A3 (220),ALDH1A3,220
H2AC20 (8338),H2AC20,8338
KCNK12 (56660),KCNK12,56660
H2AC21 (317772),H2AC21,317772
POU6F1 (5463),POU6F1,5463
TM2D3 (80213),TM2D3,80213
TSSC4 (10078),TSSC4,10078
TACSTD2 (4070),TACSTD2,4070
PRKD1 (5587),PRKD1,5587
CCSER1 (401145),CCSER1,401145
ZDHHC23 (254887),ZDHHC23,254887
S100A7A (338324),S100A7A,338324
SRPK3 (26576),SRPK3,26576
SLIT3 (6586),SLIT3,6586
EFNA5 (1946),EFNA5,1946
H1-5 (3009),H1-5,3009
SPATA32 (124783),SPATA32,124783
PKP3 (11187),PKP3,11187
MAP7D2 (256714),MAP7D2,256714
CSF1 (1435),CSF1,1435
COLEC10 (10584),COLEC10,10584
ACTRT3 (84517),ACTRT3,84517
PLA2G6 (8398),PLA2G6,8398
MAML2 (84441),MAML2,84441
SS18L1 (26039),SS18L1,26039
KCND2 (3751),KCND2,3751
TOP1MT (116447),TOP1MT,116447
COPB2 (9276),COPB2,9276
THAP7 (80764),THAP7,80764
KNTC1 (9735),KNTC1,9735
CCR10 (2826),CCR10,2826
NCMAP (400746),NCMAP,400746
WDR27 (253769),WDR27,253769
TXNRD2 (10587),TXNRD2,10587
FOXO4 (4303),FOXO4,4303
POU3F2 (5454),POU3F2,5454
PTP4A3 (11156),PTP4A3,11156
FOXD4L1 (200350),FOXD4L1,200350
TMEM255B (348013),TMEM255B,348013
PROS1 (5627),PROS1,5627
HDDC3 (374659),HDDC3,374659
BEX5 (340542),BEX5,340542
ZFP1 (162239),ZFP1,162239
CEND1 (51286),CEND1,51286
C6orf58 (352999),C6orf58,352999
DUSP8 (1850),DUSP8,1850
SOCS3 (9021),SOCS3,9021
SLITRK6 (84189),SLITRK6,84189
LPAR5 (57121),LPAR5,57121
XPOT (11260),XPOT,11260
STING1 (340061),STING1,340061
PDE4B (5142),PDE4B,5142
TAFA3 (284467),TAFA3,284467
SNN (8303),SNN,8303
KCNH7 (90134),KCNH7,90134
NELL2 (4753),NELL2,4753
SPDYE12 (100101268),SPDYE12,100101268
KRBA2 (124751),KRBA2,124751
MED12 (9968),MED12,9968
ZNF93 (81931),ZNF93,81931
SEPTIN9 (10801),SEPTIN9,10801
ODF4 (146852),ODF4,146852
FOXD4L4 (349334),FOXD4L4,349334
CDCA2 (157313),CDCA2,157313
AMER1 (139285),AMER1,139285
ZBTB40 (9923),ZBTB40,9923
H2BC21 (8349),H2BC21,8349
CLDN6 (9074),CLDN6,9074
SEPTIN5 (5413),SEPTIN5,5413
EIF4ENIF1 (56478),EIF4ENIF1,56478
LRRC26 (389816),LRRC26,389816
RNLS (55328),RNLS,55328
APOBR (55911),APOBR,55911
FAM110C (642273),FAM110C,642273
ATL3 (25923),ATL3,25923
NDUFA12 (55967),NDUFA12,55967
SMIM10 (644538),SMIM10,644538
UBE2G2 (7327),UBE2G2,7327
SATL1 (340562),SATL1,340562
OSBP2 (23762),OSBP2,23762
ZBTB7C (201501),ZBTB7C,201501
APOO (79135),APOO,79135
PRR16 (51334),PRR16,51334
TMED9 (54732),TMED9,54732
DRD1 (1812),DRD1,1812
TMEM186 (25880),TMEM186,25880
SDR42E1 (93517),SDR42E1,93517
RBM33 (155435),RBM33,155435
ARMCX2 (9823),ARMCX2,9823
BTBD6 (90135),BTBD6,90135
H1-10 (8971),H1-10,8971
RBM43 (375287),RBM43,375287
SUMO3 (6612),SUMO3,6612
IMMP2L (83943),IMMP2L,83943
TCEAL2 (140597),TCEAL2,140597
CLCNKB (1188),CLCNKB,1188
JAG2 (3714),JAG2,3714
FMNL1 (752),FMNL1,752
NUTM2A (728118),NUTM2A,728118
PTRHD1 (391356),PTRHD1,391356
LCN12 (286256),LCN12,286256
WT1 (7490),WT1,7490
ZFP90 (146198),ZFP90,146198
FAM227A (646851),FAM227A,646851
MUC6 (4588),MUC6,4588
NOC4L (79050),NOC4L,79050
USP18 (11274),USP18,11274
NDUFA6 (4700),NDUFA6,4700
CHRM5 (1133),CHRM5,1133
SORCS2 (57537),SORCS2,57537
TMEM121 (80757),TMEM121,80757
TMEM106A (113277),TMEM106A,113277
SIVA1 (10572),SIVA1,10572
BRI3BP (140707),BRI3BP,140707
IFNE (338376),IFNE,338376
DGAT1 (8694),DGAT1,8694
RFX6 (222546),RFX6,222546
ROBO2 (6092),ROBO2,6092
AP3M1 (26985),AP3M1,26985
F8 (2157),F8,2157
NT5C1B (93034),NT5C1B,93034
CA13 (377677),CA13,377677
UBOX5 (22888),UBOX5,22888
MAFF (23764),MAFF,23764
BRF1 (2972),BRF1,2972
LRRC14B (389257),LRRC14B,389257
SEMA4B (10509),SEMA4B,10509
MROH2A (339766),MROH2A,339766
SPDYE16 (102723555),SPDYE16,102723555
CIB1 (10519),CIB1,10519
ANKS1B (56899),ANKS1B,56899
NELFA (7469),NELFA,7469
SLC24A3 (57419),SLC24A3,57419
EFCAB10 (100130771),EFCAB10,100130771
FLRT2 (23768),FLRT2,23768
INTS5 (80789),INTS5,80789
RPS27L (51065),RPS27L,51065
MANEAL (149175),MANEAL,149175
ADSS1 (122622),ADSS1,122622
ANO9 (338440),ANO9,338440
FAF1 (11124),FAF1,11124
MYADML2 (255275),MYADML2,255275
FAM43A (131583),FAM43A,131583
HSF1 (3297),HSF1,3297
C6orf120 (387263),C6orf120,387263
PURA (5813),PURA,5813
H2BC13 (8340),H2BC13,8340
INPP5J (27124),INPP5J,27124
MFSD6L (162387),MFSD6L,162387
LRRC37B (114659),LRRC37B,114659
DDX51 (317781),DDX51,317781
NOMO2 (283820),NOMO2,283820
SIGIRR (59307),SIGIRR,59307
NRBP2 (340371),NRBP2,340371
PRSS57 (400668),PRSS57,400668
IFITM2 (10581),IFITM2,10581
TNFAIP2 (7127),TNFAIP2,7127
ZNF445 (353274),ZNF445,353274
PGBD2 (267002),PGBD2,267002
TCEAL9 (51186),TCEAL9,51186
RAB11B (9230),RAB11B,9230
PRMT3 (10196),PRMT3,10196
GP1BA (2811),GP1BA,2811
PRPF39 (55015),PRPF39,55015
MAGEA11 (4110),MAGEA11,4110
PPIL6 (285755),PPIL6,285755
ZNF74 (7625),ZNF74,7625
KIAA0825 (285600),KIAA0825,285600
UBALD2 (283991),UBALD2,283991
CDNF (441549),CDNF,441549
NOTUM (147111),NOTUM,147111
RBM11 (54033),RBM11,54033
ZBTB37 (84614),ZBTB37,84614
NUPR2 (389493),NUPR2,389493
IL3RA (3563),IL3RA,3563
CCDC137 (339230),CCDC137,339230
SFTPA2 (729238),SFTPA2,729238
RGPD2 (729857),RGPD2,729857
ARL15 (54622),ARL15,54622
C12orf56 (115749),C12orf56,115749
CDK10 (8558),CDK10,8558
SOCS1 (8651),SOCS1,8651
TCN2 (6948),TCN2,6948
GAS2L1 (10634),GAS2L1,10634
ATP6V0A2 (23545),ATP6V0A2,23545
PRKN (5071),PRKN,5071
TEDC1 (283643),TEDC1,283643
HS6ST3 (266722),HS6ST3,266722
HGS (9146),HGS,9146
TNFAIP8L1 (126282),TNFAIP8L1,126282
RAD51D (5892),RAD51D,5892
MAPK11 (5600),MAPK11,5600
SP140L (93349),SP140L,93349
MRPL30 (51263),MRPL30,51263
TARS3 (123283),TARS3,123283
SMYD3 (64754),SMYD3,64754
TMT1A (25840),TMT1A,25840
IFNLR1 (163702),IFNLR1,163702
SH3BGR (6450),SH3BGR,6450
FAM174B (400451),FAM174B,400451
ZSWIM9 (374920),ZSWIM9,374920
KPNA7 (402569),KPNA7,402569
TMEM179B (374395),TMEM179B,374395
GPRIN3 (285513),GPRIN3,285513
KRT6B (3854),KRT6B,3854
PARPBP (55010),PARPBP,55010
STAC3 (246329),STAC3,246329
ROR1 (4919),ROR1,4919
MUC1 (4582),MUC1,4582
FAAP100 (80233),FAAP100,80233
IRF7 (3665),IRF7,3665
L3MBTL1 (26013),L3MBTL1,26013
BRCC3 (79184),BRCC3,79184
SV2B (9899),SV2B,9899
FAM131C (348487),FAM131C,348487
LMNTD2 (256329),LMNTD2,256329
PDE6G (5148),PDE6G,5148
PRKG1 (5592),PRKG1,5592
NR2F2 (7026),NR2F2,7026
DLK1 (8788),DLK1,8788
TLCD2 (727910),TLCD2,727910
LSAMP (4045),LSAMP,4045
AHNAK2 (113146),AHNAK2,113146
OLFML2A (169611),OLFML2A,169611
SP1 (6667),SP1,6667
MRPL40 (64976),MRPL40,64976
INKA1 (389119),INKA1,389119
PDIA2 (64714),PDIA2,64714
PCGF3 (10336),PCGF3,10336
LMLN (89782),LMLN,89782
P4HB (5034),P4HB,5034
PSMD13 (5719),PSMD13,5719
PBX1 (5087),PBX1,5087
NDUFA4L2 (56901),NDUFA4L2,56901
SHC4 (399694),SHC4,399694
KRT79 (338785),KRT79,338785
ZFP36L1 (677),ZFP36L1,677
UBE2L3 (7332),UBE2L3,7332
NTF3 (4908),NTF3,4908
BRWD1 (54014),BRWD1,54014
PMEL (6490),PMEL,6490
SYN3 (8224),SYN3,8224
POU3F1 (5453),POU3F1,5453
SNAI3 (333929),SNAI3,333929
ZBTB3 (79842),ZBTB3,79842
LYG2 (254773),LYG2,254773
PRAME (23532),PRAME,23532
MYBL1 (4603),MYBL1,4603
MOSMO (730094),MOSMO,730094
DRG1 (4733),DRG1,4733
ANKFY1 (51479),ANKFY1,51479
YTHDF3 (253943),YTHDF3,253943
ZNF696 (79943),ZNF696,79943
ADARB2 (105),ADARB2,105
NRG3 (10718),NRG3,10718
IFIT1 (3434),IFIT1,3434
CXorf38 (159013),CXorf38,159013
KCNQ5 (56479),KCNQ5,56479
ADAMTSL5 (339366),ADAMTSL5,339366
KCNIP4 (80333),KCNIP4,80333
MORF4L1 (10933),MORF4L1,10933
NLRP9 (338321),NLRP9,338321
WDR53 (348793),WDR53,348793
DMWD (1762),DMWD,1762
SLC52A2 (79581),SLC52A2,79581
PIGP (51227),PIGP,51227
IKZF1 (10320),IKZF1,10320
PCYT2 (5833),PCYT2,5833
NAT8L (339983),NAT8L,339983
BCAP31 (10134),BCAP31,10134
ARL17A (51326),ARL17A,51326
GNB1L (54584),GNB1L,54584
DNAH14 (127602),DNAH14,127602
CCDC190 (339512),CCDC190,339512
EVI2B (2124),EVI2B,2124
TMEM210 (100505993),TMEM210,100505993
NPIPB4 (440345),NPIPB4,440345
ZNF829 (374899),ZNF829,374899
THNSL1 (79896),THNSL1,79896
TRIM69 (140691),TRIM69,140691
ATP6V0C (527),ATP6V0C,527
IFITM1 (8519),IFITM1,8519
LAMP1 (3916),LAMP1,3916
POMK (84197),POMK,84197
KLHDC8B (200942),KLHDC8B,200942
SETD4 (54093),SETD4,54093
PTCH1 (5727),PTCH1,5727
RTN4RL1 (146760),RTN4RL1,146760
NKAIN3 (286183),NKAIN3,286183
RNPC3 (55599),RNPC3,55599
ZNF267 (10308),ZNF267,10308
IRS2 (8660),IRS2,8660
SPACDR (402573),SPACDR,402573
FAM186A (121006),FAM186A,121006
BICD2 (23299),BICD2,23299
TMLHE (55217),TMLHE,55217
SLITRK2 (84631),SLITRK2,84631
PLK5 (126520),PLK5,126520
RASA3 (22821),RASA3,22821
LRCH3 (84859),LRCH3,84859
LEMD1 (93273),LEMD1,93273
NDUFA13 (51079),NDUFA13,51079
ZNF566 (84924),ZNF566,84924
ZNF529 (57711),ZNF529,57711
ZNF284 (342909),ZNF284,342909
DLEU7 (220107),DLEU7,220107
TAL2 (6887),TAL2,6887
AIDA (64853),AIDA,64853
CDIN1 (84529),CDIN1,84529
KRT5 (3852),KRT5,3852
NBPF6 (653149),NBPF6,653149
GSAP (54103),GSAP,54103
AGBL4 (84871),AGBL4,84871
CYP2R1 (120227),CYP2R1,120227
LRRC70 (100130733),LRRC70,100130733
ANKRD46 (157567),ANKRD46,157567
PIP5K1C (23396),PIP5K1C,23396
TEX38 (374973),TEX38,374973
ZBTB6 (10773),ZBTB6,10773
C2orf76 (130355),C2orf76,130355
POLR3C (10623),POLR3C,10623
UBL4B (164153),UBL4B,164153
WWOX (51741),WWOX,51741
CYP4Z1 (199974),CYP4Z1,199974
CENATAC (338657),CENATAC,338657
BCL9L (283149),BCL9L,283149
POLR1D (51082),POLR1D,51082
KIF18B (146909),KIF18B,146909
ZNRF1 (84937),ZNRF1,84937
FFAR4 (338557),FFAR4,338557
SAPCD2 (89958),SAPCD2,89958
EDARADD (128178),EDARADD,128178
CYP4F12 (66002),CYP4F12,66002
MTARC1 (64757),MTARC1,64757
SOWAHB (345079),SOWAHB,345079
BLOC1S4 (55330),BLOC1S4,55330
ZNF749 (388567),ZNF749,388567
KLHL32 (114792),KLHL32,114792
MRTFB (57496),MRTFB,57496
ZNF17 (7565),ZNF17,7565
KDM4D (55693),KDM4D,55693
GPAT2 (150763),GPAT2,150763
TOR3A (64222),TOR3A,64222
GABRA5 (2558),GABRA5,2558
PPP1CC (5501),PPP1CC,5501
ZNF555 (148254),ZNF555,148254
NAP1L3 (4675),NAP1L3,4675
PRELID2 (153768),PRELID2,153768
BACE1 (23621),BACE1,23621
RGS9BP (388531),RGS9BP,388531
THBS2 (7058),THBS2,7058
RXRA (6256),RXRA,6256
ANKRD37 (353322),ANKRD37,353322
NUDT17 (200035),NUDT17,200035
ZNF75D (7626),ZNF75D,7626
CYP4X1 (260293),CYP4X1,260293
KRT10 (3858),KRT10,3858
GOLGA8R (101059918),GOLGA8R,101059918
CCDC30 (728621),CCDC30,728621
NKRF (55922),NKRF,55922
GLDN (342035),GLDN,342035
KPNA4 (3840),KPNA4,3840
KRT3 (3850),KRT3,3850
ZNF501 (115560),ZNF501,115560
ZNF197 (10168),ZNF197,10168
SPATA12 (353324),SPATA12,353324
NAP1L2 (4674),NAP1L2,4674
RPS23 (6228),RPS23,6228
GNG2 (54331),GNG2,54331
BTN3A2 (11118),BTN3A2,11118
PCLO (27445),PCLO,27445
RGS7BP (401190),RGS7BP,401190
INSIG1 (3638),INSIG1,3638
MYT1L (23040),MYT1L,23040
ZNF396 (252884),ZNF396,252884
TMEM222 (84065),TMEM222,84065
CLCNKA (1187),CLCNKA,1187
ARHGAP30 (257106),ARHGAP30,257106
SEPTIN10 (151011),SEPTIN10,151011
FAM86B1 (85002),FAM86B1,85002
CYP4F8 (11283),CYP4F8,11283
CYP4F3 (4051),CYP4F3,4051
SMYD4 (114826),SMYD4,114826
FOXD2 (2306),FOXD2,2306
GPATCH8 (23131),GPATCH8,23131
CEACAM19 (56971),CEACAM19,56971
NF2 (4771),NF2,4771
SMIM29 (221491),SMIM29,221491
SPATC1 (375686),SPATC1,375686
UBE2H (7328),UBE2H,7328
HPDL (84842),HPDL,84842
KATNA1 (11104),KATNA1,11104
FSD2 (123722),FSD2,123722
ARAP1 (116985),ARAP1,116985
KIF24 (347240),KIF24,347240
PDE2A (5138),PDE2A,5138
CARMIL3 (90668),CARMIL3,90668
PRR5 (55615),PRR5,55615
ZFP91 (80829),ZFP91,80829
C17orf58 (284018),C17orf58,284018
BCDIN3D (144233),BCDIN3D,144233
CYP27C1 (339761),CYP27C1,339761
LYRM7 (90624),LYRM7,90624
CFAP73 (387885),CFAP73,387885
CCDC73 (493860),CCDC73,493860
BCR (613),BCR,613
FSCN2 (25794),FSCN2,25794
SPIN4 (139886),SPIN4,139886
ZNF732 (654254),ZNF732,654254
SPIN2B (474343),SPIN2B,474343
HYAL3 (8372),HYAL3,8372
VSIG10L (147645),VSIG10L,147645
ZNF397 (84307),ZNF397,84307
ZSCAN30 (100101467),ZSCAN30,100101467
TPCN1 (53373),TPCN1,53373
KRT16 (3868),KRT16,3868
HEXIM1 (10614),HEXIM1,10614
SELENOV (348303),SELENOV,348303
KRT14 (3861),KRT14,3861
TRABD2A (129293),TRABD2A,129293
PDZD7 (79955),PDZD7,79955
POFUT2 (23275),POFUT2,23275
QRFPR (84109),QRFPR,84109
MAPT (4137),MAPT,4137
ERCC6L (54821),ERCC6L,54821
TMEM17 (200728),TMEM17,200728
TNFRSF18 (8784),TNFRSF18,8784
C1QL4 (338761),C1QL4,338761
RTN4RL2 (349667),RTN4RL2,349667
ZDHHC17 (23390),ZDHHC17,23390
SERPINA11 (256394),SERPINA11,256394
P2RY4 (5030),P2RY4,5030
ZNF395 (55893),ZNF395,55893
ZACN (353174),ZACN,353174
PPARA (5465),PPARA,5465
TMEM232 (642987),TMEM232,642987
CFAP144 (440585),CFAP144,440585
EFCAB6 (64800),EFCAB6,64800
KANK3 (256949),KANK3,256949
EMID1 (129080),EMID1,129080
RHD (6007),RHD,6007
ESPN (83715),ESPN,83715
PTRH1 (138428),PTRH1,138428
GPR141 (353345),GPR141,353345
TMPRSS6 (164656),TMPRSS6,164656
TMEM216 (51259),TMEM216,51259
RPS19BP1 (91582),RPS19BP1,91582
TMEM262 (100130348),TMEM262,100130348
C3orf70 (285382),C3orf70,285382
TEAD1 (7003),TEAD1,7003
PLCD1 (5333),PLCD1,5333
CCK (885),CCK,885
ENTPD5 (957),ENTPD5,957
MITF (4286),MITF,4286
HEATR4 (399671),HEATR4,399671
NAP1L1 (4673),NAP1L1,4673
CMC1 (152100),CMC1,152100
SLIT1 (6585),SLIT1,6585
LYPD6 (130574),LYPD6,130574
AKR1C1 (1645),AKR1C1,1645
FOXD3 (27022),FOXD3,27022
RNF220 (55182),RNF220,55182
SHTN1 (57698),SHTN1,57698
ZNF546 (339327),ZNF546,339327
TSPYL4 (23270),TSPYL4,23270
MT1X (4501),MT1X,4501
GCNT1 (2650),GCNT1,2650
SESTD1 (91404),SESTD1,91404
FNBP1 (23048),FNBP1,23048
DYNC2H1 (79659),DYNC2H1,79659
MAGED4B (81557),MAGED4B,81557
BCAM (4059),BCAM,4059
RSBN1L (222194),RSBN1L,222194
WDR86 (349136),WDR86,349136
EPOR (2057),EPOR,2057
FAM9C (171484),FAM9C,171484
TAF9B (51616),TAF9B,51616
MAGI2 (9863),MAGI2,9863
LUZP2 (338645),LUZP2,338645
CHP1 (11261),CHP1,11261
C11orf96 (387763),C11orf96,387763
KCNJ11 (3767),KCNJ11,3767
CDHR4 (389118),CDHR4,389118
COL4A1 (1282),COL4A1,1282
PLEKHG7 (440107),PLEKHG7,440107
PTMA (5757),PTMA,5757
HSPA14 (51182),HSPA14,51182
ATP13A5 (344905),ATP13A5,344905
SIRT7 (51547),SIRT7,51547
IFT140 (9742),IFT140,9742
AGMO (392636),AGMO,392636
SBK2 (646643),SBK2,646643
TLR5 (7100),TLR5,7100
USP7 (7874),USP7,7874
NANOS3 (342977),NANOS3,342977
NHLRC1 (378884),NHLRC1,378884
PLEKHN1 (84069),PLEKHN1,84069
ZNF385C (201181),ZNF385C,201181
MAGEH1 (28986),MAGEH1,28986
TET3 (200424),TET3,200424
ZNF286A (57335),ZNF286A,57335
ISG15 (9636),ISG15,9636
EXD3 (54932),EXD3,54932
LIAT1 (400566),LIAT1,400566
ZKSCAN4 (387032),ZKSCAN4,387032
RGPD1 (400966),RGPD1,400966
DHRS4L2 (317749),DHRS4L2,317749
SAMD11 (148398),SAMD11,148398
PERM1 (84808),PERM1,84808
VMAC (400673),VMAC,400673
ERC2 (26059),ERC2,26059
B3GLCT (145173),B3GLCT,145173
SPRY4 (81848),SPRY4,81848
TRPV2 (51393),TRPV2,51393
AMTN (401138),AMTN,401138
C2orf88 (84281),C2orf88,84281
TMEM203 (94107),TMEM203,94107
THSD4 (79875),THSD4,79875
DNAJB13 (374407),DNAJB13,374407
GABRD (2563),GABRD,2563
TCEA1 (6917),TCEA1,6917
NHEJ1 (79840),NHEJ1,79840
FANCA (2175),FANCA,2175
SECISBP2 (79048),SECISBP2,79048
SEMA4D (10507),SEMA4D,10507
LIN28B (389421),LIN28B,389421
DNAH17 (8632),DNAH17,8632
MCRS1 (10445),MCRS1,10445
FANCM (57697),FANCM,57697
ZNF70 (7621),ZNF70,7621
CARD9 (64170),CARD9,64170
PEAR1 (375033),PEAR1,375033
ZFP69B (65243),ZFP69B,65243
SOWAHD (347454),SOWAHD,347454
ZFP69 (339559),ZFP69,339559
TMEM220 (388335),TMEM220,388335
C2orf78 (388960),C2orf78,388960
H1-2 (3006),H1-2,3006
PLSCR3 (57048),PLSCR3,57048
EIF4EBP1 (1978),EIF4EBP1,1978
P2RX2 (22953),P2RX2,22953
ASCL4 (121549),ASCL4,121549
CCDC157 (550631),CCDC157,550631
PABIR1 (116224),PABIR1,116224
PALM3 (342979),PALM3,342979
FYB2 (199920),FYB2,199920
SHISA7 (729956),SHISA7,729956
DMBT1 (1755),DMBT1,1755
LDLRAD2 (401944),LDLRAD2,401944
C2orf66 (401027),C2orf66,401027
ZFTRAF1 (50626),ZFTRAF1,50626
COL14A1 (7373),COL14A1,7373
DNER (92737),DNER,92737
CPSF4L (642843),CPSF4L,642843
KLHL17 (339451),KLHL17,339451
PLA2G2C (391013),PLA2G2C,391013
ZSCAN23 (222696),ZSCAN23,222696
RINL (126432),RINL,126432
OR7D2 (162998),OR7D2,162998
TPRG1 (285386),TPRG1,285386
MORN2 (729967),MORN2,729967
S100A3 (6274),S100A3,6274
UBQLN2 (29978),UBQLN2,29978
RILPL1 (353116),RILPL1,353116
ZNF490 (57474),ZNF490,57474
CLCN1 (1180),CLCN1,1180
NWD1 (284434),NWD1,284434
ARL4C (10123),ARL4C,10123
RNF133 (168433),RNF133,168433
TMEM221 (100130519),TMEM221,100130519
RAB42 (115273),RAB42,115273
WNT7B (7477),WNT7B,7477
ZFTA (65998),ZFTA,65998
GPR89B (51463),GPR89B,51463
MESP2 (145873),MESP2,145873
FAM25A (643161),FAM25A,643161
EYS (346007),EYS,346007
C6orf132 (647024),C6orf132,647024
MAPK12 (6300),MAPK12,6300
NUTM2G (441457),NUTM2G,441457
COL4A5 (1287),COL4A5,1287
AGRN (375790),AGRN,375790
NHS (4810),NHS,4810
CIMIP2A (401565),CIMIP2A,401565
TMPPE (643853),TMPPE,643853
ZNF626 (199777),ZNF626,199777
HEPACAM2 (253012),HEPACAM2,253012
SMTNL2 (342527),SMTNL2,342527
ZC3H6 (376940),ZC3H6,376940
LAMTOR4 (389541),LAMTOR4,389541
PRKAR1B (5575),PRKAR1B,5575
NUTM2B (729262),NUTM2B,729262
NCR3LG1 (374383),NCR3LG1,374383
DCUN1D3 (123879),DCUN1D3,123879
POTEE (445582),POTEE,445582
ZNF793 (390927),ZNF793,390927
TUBB4B (10383),TUBB4B,10383
AGAP4 (119016),AGAP4,119016
COMMD6 (170622),COMMD6,170622
PLA2G2A (5320),PLA2G2A,5320
IL17REL (400935),IL17REL,400935
HYKK (123688),HYKK,123688
C15orf62 (643338),C15orf62,643338
RUFY4 (285180),RUFY4,285180
ZNF383 (163087),ZNF383,163087
HES4 (57801),HES4,57801
ZNF669 (79862),ZNF669,79862
PEAK3 (374872),PEAK3,374872
LRRIQ4 (344657),LRRIQ4,344657
CENPP (401541),CENPP,401541
PLSCR1 (5359),PLSCR1,5359
C3orf62 (375341),C3orf62,375341
ENO4 (387712),ENO4,387712
ZNF559 (84527),ZNF559,84527
SBK1 (388228),SBK1,388228
SLC38A3 (10991),SLC38A3,10991
GTF2F2 (2963),GTF2F2,2963
CIBAR1 (137392),CIBAR1,137392
FOCAD (54914),FOCAD,54914
PRR19 (284338),PRR19,284338
ZP3 (7784),ZP3,7784
H3-5 (440093),H3-5,440093
JAKMIP3 (282973),JAKMIP3,282973
DYNLT4 (343521),DYNLT4,343521
SELL (6402),SELL,6402
CHM (1121),CHM,1121
BLOC1S5 (63915),BLOC1S5,63915
CERKL (375298),CERKL,375298
IER5L (389792),IER5L,389792
H2AX (3014),H2AX,3014
SERPINA5 (5104),SERPINA5,5104
ACTMAP (284325),ACTMAP,284325
LCTL (197021),LCTL,197021
NCCRP1 (342897),NCCRP1,342897
COL25A1 (84570),COL25A1,84570
FAM83G (644815),FAM83G,644815
CFAP77 (389799),CFAP77,389799
SRSF10 (10772),SRSF10,10772
DUSP28 (285193),DUSP28,285193
CCDC9B (388115),CCDC9B,388115
NBR1 (4077),NBR1,4077
RALGAPA2 (57186),RALGAPA2,57186
NDOR1 (27158),NDOR1,27158
FBLL1 (345630),FBLL1,345630
PAQR9 (344838),PAQR9,344838
CFAP54 (144535),CFAP54,144535
CLN3 (1201),CLN3,1201
FAM72B (653820),FAM72B,653820
ASAH2 (56624),ASAH2,56624
SUMO2 (6613),SUMO2,6613
NANOS1 (340719),NANOS1,340719
HMX3 (340784),HMX3,340784
RTL6 (84247),RTL6,84247
DPYD (1806),DPYD,1806
S100A16 (140576),S100A16,140576
PTAR1 (375743),PTAR1,375743
CC2D2B (387707),CC2D2B,387707
SAXO2 (283726),SAXO2,283726
RHCE (6006),RHCE,6006
PARVB (29780),PARVB,29780
SLC4A5 (57835),SLC4A5,57835
UROS (7390),UROS,7390
ZDHHC9 (51114),ZDHHC9,51114
QRFP (347148),QRFP,347148
SMIM15 (643155),SMIM15,643155
FAM221A (340277),FAM221A,340277
TMEM120B (144404),TMEM120B,144404
FSIP2 (401024),FSIP2,401024
RBM34 (23029),RBM34,23029
NOXA1 (10811),NOXA1,10811
TMEM198 (130612),TMEM198,130612
BCL2L15 (440603),BCL2L15,440603
FZD9 (8326),FZD9,8326
SPRED3 (399473),SPRED3,399473
SKOR1 (390598),SKOR1,390598
PRELP (5549),PRELP,5549
ZNF548 (147694),ZNF548,147694
MTF1 (4520),MTF1,4520
TMEM201 (199953),TMEM201,199953
NHLRC3 (387921),NHLRC3,387921
ZDHHC11 (79844),ZDHHC11,79844
SLX4 (84464),SLX4,84464
ENTPD8 (377841),ENTPD8,377841
RPL14 (9045),RPL14,9045
BEND4 (389206),BEND4,389206
FAM78B (149297),FAM78B,149297
ZNF563 (147837),ZNF563,147837
TMC3 (342125),TMC3,342125
FBF1 (85302),FBF1,85302
KLRG2 (346689),KLRG2,346689
ASTL (431705),ASTL,431705
MSL1 (339287),MSL1,339287
LRRK2 (120892),LRRK2,120892
GJB3 (2707),GJB3,2707
INSYN2A (642938),INSYN2A,642938
TRMT2B (79979),TRMT2B,79979
HACD4 (401494),HACD4,401494
CFAP126 (257177),CFAP126,257177
FAM120AOS (158293),FAM120AOS,158293
UTS2B (257313),UTS2B,257313
C9orf152 (401546),C9orf152,401546
NOC2L (26155),NOC2L,26155
MSANTD1 (345222),MSANTD1,345222
AADACL3 (126767),AADACL3,126767
NELFB (25920),NELFB,25920
LIPI (149998),LIPI,149998
LRRC66 (339977),LRRC66,339977
ZNF292 (23036),ZNF292,23036
HUS1B (135458),HUS1B,135458
KCTD21 (283219),KCTD21,283219
SBSN (374897),SBSN,374897
ADAT2 (134637),ADAT2,134637
ZNF567 (163081),ZNF567,163081
NDUFA4 (4697),NDUFA4,4697
ANKDD1B (728780),ANKDD1B,728780
ALKBH2 (121642),ALKBH2,121642
RNFT1 (51136),RNFT1,51136
RNF222 (643904),RNF222,643904
RELN (5649),RELN,5649
FAM111B (374393),FAM111B,374393
APOD (347),APOD,347
H1-0 (3005),H1-0,3005
LITAF (9516),LITAF,9516
VSTM1 (284415),VSTM1,284415
TMEM120A (83862),TMEM120A,83862
ARID2 (196528),ARID2,196528
SF3B3 (23450),SF3B3,23450
IL1RAPL2 (26280),IL1RAPL2,26280
BLOC1S3 (388552),BLOC1S3,388552
SP6 (80320),SP6,80320
ANKRD34B (340120),ANKRD34B,340120
PLAC9 (219348),PLAC9,219348
CLDN4 (1364),CLDN4,1364
ZNF573 (126231),ZNF573,126231
FAM47E (100129583),FAM47E,100129583
JPT1 (51155),JPT1,51155
ZNF527 (84503),ZNF527,84503
S100A13 (6284),S100A13,6284
ZNF33A (7581),ZNF33A,7581
PCDH18 (54510),PCDH18,54510
DCAF8L2 (347442),DCAF8L2,347442
ZNF600 (162966),ZNF600,162966
BTBD8 (284697),BTBD8,284697
MAOA (4128),MAOA,4128
C15orf61 (145853),C15orf61,145853
TSPYL1 (7259),TSPYL1,7259
PNRC2 (55629),PNRC2,55629
DRICH1 (51233),DRICH1,51233
GJB5 (2709),GJB5,2709
FHIT (2272),FHIT,2272
ALKAL2 (285016),ALKAL2,285016
ZKSCAN3 (80317),ZKSCAN3,80317
RRP7A (27341),RRP7A,27341
LIN54 (132660),LIN54,132660
FAM53B (9679),FAM53B,9679
FAM180A (389558),FAM180A,389558
BNIP5 (389384),BNIP5,389384
S100A14 (57402),S100A14,57402
KAZN (23254),KAZN,23254
SLC35E2B (728661),SLC35E2B,728661
TOGARAM2 (165186),TOGARAM2,165186
NEMP2 (100131211),NEMP2,100131211
GSPT2 (23708),GSPT2,23708
C8orf76 (84933),C8orf76,84933
CXCL17 (284340),CXCL17,284340
HMGB1 (3146),HMGB1,3146
SH2D5 (400745),SH2D5,400745
ZFP92 (139735),ZFP92,139735
RASSF10 (644943),RASSF10,644943
GJB4 (127534),GJB4,127534
BLOC1S2 (282991),BLOC1S2,282991
SYCP2 (10388),SYCP2,10388
ZNF724 (440519),ZNF724,440519
IL1RAP (3556),IL1RAP,3556
PTPRT (11122),PTPRT,11122
MYBPC1 (4604),MYBPC1,4604
PAX5 (5079),PAX5,5079
SPOCK3 (50859),SPOCK3,50859
ZNF699 (374879),ZNF699,374879
TDRD7 (23424),TDRD7,23424
CFAP119 (90835),CFAP119,90835
MATCAP1 (653319),MATCAP1,653319
HLA-DRB1 (3123),HLA-DRB1,3123
MYT1 (4661),MYT1,4661
SERPINA3 (12),SERPINA3,12
AKR1C3 (8644),AKR1C3,8644
SPATS2L (26010),SPATS2L,26010
ZNF250 (58500),ZNF250,58500
WDSUB1 (151525),WDSUB1,151525
ZNF79 (7633),ZNF79,7633
S100A4 (6275),S100A4,6275
PLEKHG4 (25894),PLEKHG4,25894
FAT4 (79633),FAT4,79633
ZNF681 (148213),ZNF681,148213
ACADSB (36),ACADSB,36
STK40 (83931),STK40,83931
TMEM63A (9725),TMEM63A,9725
CTSE (1510),CTSE,1510
SEMA4A (64218),SEMA4A,64218
HRCT1 (646962),HRCT1,646962
MPHOSPH8 (54737),MPHOSPH8,54737
GREB1 (9687),GREB1,9687
SIRPB2 (284759),SIRPB2,284759
ZNF766 (90321),ZNF766,90321
RYR1 (6261),RYR1,6261
SRGAP3 (9901),SRGAP3,9901
FAM217B (63939),FAM217B,63939
TUBB (203068),TUBB,203068
LCOR (84458),LCOR,84458
SUPT5H (6829),SUPT5H,6829
XPNPEP3 (63929),XPNPEP3,63929
ZNF107 (51427),ZNF107,51427
SFTA2 (389376),SFTA2,389376
PPIA (5478),PPIA,5478
ZNF471 (57573),ZNF471,57573
ZNF836 (162962),ZNF836,162962
ZNF493 (284443),ZNF493,284443
GTF2IRD2 (84163),GTF2IRD2,84163
SUPT3H (8464),SUPT3H,8464
NIF3L1 (60491),NIF3L1,60491
ATP2A1 (487),ATP2A1,487
IARS1 (3376),IARS1,3376
POM121 (9883),POM121,9883
ZBTB44 (29068),ZBTB44,29068
STK31 (56164),STK31,56164
CGB7 (94027),CGB7,94027
NLGN3 (54413),NLGN3,54413
ZKSCAN7 (55888),ZKSCAN7,55888
ZNF729 (100287226),ZNF729,100287226
CD55 (1604),CD55,1604
CPNE4 (131034),CPNE4,131034
ZNF565 (147929),ZNF565,147929
NTNG2 (84628),NTNG2,84628
ELAVL3 (1995),ELAVL3,1995
WDR5 (11091),WDR5,11091
LONP1 (9361),LONP1,9361
TRRAP (8295),TRRAP,8295
NUDT11 (55190),NUDT11,55190
SRGAP2B (647135),SRGAP2B,647135
FUT4 (2526),FUT4,2526
ASB13 (79754),ASB13,79754
SLC35F1 (222553),SLC35F1,222553
ZNF34 (80778),ZNF34,80778
ZNF781 (163115),ZNF781,163115
ZNF140 (7699),ZNF140,7699
INCA1 (388324),INCA1,388324
ZNF774 (342132),ZNF774,342132
PTPN1 (5770),PTPN1,5770
EVL (51466),EVL,51466
THEM5 (284486),THEM5,284486
EPHB4 (2050),EPHB4,2050
PRTN3 (5657),PRTN3,5657
ZNF765 (91661),ZNF765,91661
ZNF124 (7678),ZNF124,7678
XRCC6 (2547),XRCC6,2547
S100A5 (6276),S100A5,6276
C20orf204 (284739),C20orf204,284739
PPP1R26 (9858),PPP1R26,9858
NBPF4 (148545),NBPF4,148545
TSC22D2 (9819),TSC22D2,9819
ASMT (438),ASMT,438
NPIPB15 (440348),NPIPB15,440348
ZNF569 (148266),ZNF569,148266
ARMCX4 (100131755),ARMCX4,100131755
YRDC (79693),YRDC,79693
ZNF777 (27153),ZNF777,27153
PIK3R4 (30849),PIK3R4,30849
ZNF775 (285971),ZNF775,285971
ZNF605 (100289635),ZNF605,100289635
TRAPPC2 (6399),TRAPPC2,6399
RFX8 (731220),RFX8,731220
MYL6B (140465),MYL6B,140465
ZNF799 (90576),ZNF799,90576
SIAH1 (6477),SIAH1,6477
C20orf96 (140680),C20orf96,140680
ESRRG (2104),ESRRG,2104
IPO4 (79711),IPO4,79711
NCOR2 (9612),NCOR2,9612
SULT1A1 (6817),SULT1A1,6817
ARL9 (132946),ARL9,132946
PRPF40A (55660),PRPF40A,55660
GDAP2 (54834),GDAP2,54834
TCEAL3 (85012),TCEAL3,85012
ANAPC7 (51434),ANAPC7,51434
TPK1 (27010),TPK1,27010
SLC6A9 (6536),SLC6A9,6536
AFAP1 (60312),AFAP1,60312
NACA (4666),NACA,4666
MYO18A (399687),MYO18A,399687
SPTSSB (165679),SPTSSB,165679
BORCS6 (54785),BORCS6,54785
MAN2A2 (4122),MAN2A2,4122
MME (4311),MME,4311
FAM72A (729533),FAM72A,729533
CCDC196 (440184),CCDC196,440184
CACNA1H (8912),CACNA1H,8912
SULF2 (55959),SULF2,55959
LAMA2 (3908),LAMA2,3908
PLXNB2 (23654),PLXNB2,23654
AJAP1 (55966),AJAP1,55966
XRCC2 (7516),XRCC2,7516
MYO6 (4646),MYO6,4646
MRTFA (57591),MRTFA,57591
HDAC2 (3066),HDAC2,3066
ZNF782 (158431),ZNF782,158431
POTEF (728378),POTEF,728378
ZNF846 (162993),ZNF846,162993
MMP1 (4312),MMP1,4312
UGT2B15 (7366),UGT2B15,7366
TCF4 (6925),TCF4,6925
WNK3 (65267),WNK3,65267
SDHAF3 (57001),SDHAF3,57001
HRH1 (3269),HRH1,3269
RABL6 (55684),RABL6,55684
ZNF136 (7695),ZNF136,7695
ZKSCAN5 (23660),ZKSCAN5,23660
ZNF502 (91392),ZNF502,91392
TRAPPC4 (51399),TRAPPC4,51399
IFT70B (150737),IFT70B,150737
TECPR2 (9895),TECPR2,9895
TLR7 (51284),TLR7,51284
ZFP62 (643836),ZFP62,643836
ERI2 (112479),ERI2,112479
TOMM7 (54543),TOMM7,54543
HSH2D (84941),HSH2D,84941
TRPV1 (7442),TRPV1,7442
ZNF33B (7582),ZNF33B,7582
ZNF512B (57473),ZNF512B,57473
AMZ2 (51321),AMZ2,51321
ZNF431 (170959),ZNF431,170959
NF1 (4763),NF1,4763
VKORC1L1 (154807),VKORC1L1,154807
ZNF418 (147686),ZNF418,147686
DAPK1 (1612),DAPK1,1612
COL27A1 (85301),COL27A1,85301
GM2A (2760),GM2A,2760
H2AC13 (8329),H2AC13,8329
CLPSL2 (389383),CLPSL2,389383
S100A2 (6273),S100A2,6273
ZNF700 (90592),ZNF700,90592
CD47 (961),CD47,961
TLE1 (7088),TLE1,7088
MAML3 (55534),MAML3,55534
H2AC11 (8969),H2AC11,8969
STRN3 (29966),STRN3,29966
ZNF239 (8187),ZNF239,8187
ZSCAN16 (80345),ZSCAN16,80345
MVB12B (89853),MVB12B,89853
ILRUN (64771),ILRUN,64771
POTEI (653269),POTEI,653269
ADA (100),ADA,100
ARID5A (10865),ARID5A,10865
PPTC7 (160760),PPTC7,160760
TOMM20L (387990),TOMM20L,387990
RGPD4 (285190),RGPD4,285190
NHLRC2 (374354),NHLRC2,374354
ZFP28 (140612),ZFP28,140612
CRACDL (343990),CRACDL,343990
ZNG1C (445571),ZNG1C,445571
SCN8A (6334),SCN8A,6334
LAMB3 (3914),LAMB3,3914
H2BC26 (128312),H2BC26,128312
KPNA5 (3841),KPNA5,3841
ANKRD36B (57730),ANKRD36B,57730
ARHGEF12 (23365),ARHGEF12,23365
HCAR1 (27198),HCAR1,27198
PDLIM7 (9260),PDLIM7,9260
FLNA (2316),FLNA,2316
TMEM26 (219623),TMEM26,219623
SRGAP1 (57522),SRGAP1,57522
FAM3C (10447),FAM3C,10447
NOP9 (161424),NOP9,161424
SLC39A10 (57181),SLC39A10,57181
CASP4 (837),CASP4,837
AP2A1 (160),AP2A1,160
ZNF585A (199704),ZNF585A,199704
FUT11 (170384),FUT11,170384
SMIM10L2B (644596),SMIM10L2B,644596
ANXA4 (307),ANXA4,307
LAGE3 (8270),LAGE3,8270
WDR5B (54554),WDR5B,54554
NPIPB9 (100507607),NPIPB9,100507607
WDR45 (11152),WDR45,11152
METTL9 (51108),METTL9,51108
ZNF138 (7697),ZNF138,7697
ZNF429 (353088),ZNF429,353088
ZNF470 (388566),ZNF470,388566
SERTAD1 (29950),SERTAD1,29950
ZNF100 (163227),ZNF100,163227
EOLA2 (541578),EOLA2,541578
ZNF398 (57541),ZNF398,57541
ZSCAN25 (221785),ZSCAN25,221785
ANXA6 (309),ANXA6,309
ZNF441 (126068),ZNF441,126068
GMFB (2764),GMFB,2764
SIGLEC15 (284266),SIGLEC15,284266
ZNF420 (147923),ZNF420,147923
ZNF763 (284390),ZNF763,284390
ZMYM1 (79830),ZMYM1,79830
H4C3 (8364),H4C3,8364
ZSCAN26 (7741),ZSCAN26,7741
MAFG (4097),MAFG,4097
ARRDC1 (92714),ARRDC1,92714
KIAA1671 (85379),KIAA1671,85379
IGF2R (3482),IGF2R,3482
GAL3ST4 (79690),GAL3ST4,79690
DYNC1H1 (1778),DYNC1H1,1778
SLC6A17 (388662),SLC6A17,388662
PCBP2 (5094),PCBP2,5094
ZGPAT (84619),ZGPAT,84619
SLC25A29 (123096),SLC25A29,123096
PGAP1 (80055),PGAP1,80055
SRC (6714),SRC,6714
ZNF682 (91120),ZNF682,91120
ZNF772 (400720),ZNF772,400720
ZNF257 (113835),ZNF257,113835
PCNX3 (399909),PCNX3,399909
ADAM32 (203102),ADAM32,203102
ACSL5 (51703),ACSL5,51703
LRRC8B (23507),LRRC8B,23507
ABCB8 (11194),ABCB8,11194
H3C12 (8356),H3C12,8356
SND1 (27044),SND1,27044
ZNF785 (146540),ZNF785,146540
SULT1A2 (6799),SULT1A2,6799
NEK5 (341676),NEK5,341676
PSMD12 (5718),PSMD12,5718
MAGEA6 (4105),MAGEA6,4105
PIWIL2 (55124),PIWIL2,55124
NOL4L (140688),NOL4L,140688
CYSRT1 (375791),CYSRT1,375791
SLC22A4 (6583),SLC22A4,6583
ENTPD4 (9583),ENTPD4,9583
C1D (10438),C1D,10438
TBC1D9B (23061),TBC1D9B,23061
H4C11 (8363),H4C11,8363
FAM110D (79927),FAM110D,79927
SERPINA1 (5265),SERPINA1,5265
KANK2 (25959),KANK2,25959
C6orf141 (135398),C6orf141,135398
GTF2E2 (2961),GTF2E2,2961
IL27 (246778),IL27,246778
RAD54B (25788),RAD54B,25788
ZNF165 (7718),ZNF165,7718
SYNGAP1 (8831),SYNGAP1,8831
FITM2 (128486),FITM2,128486
BLM (641),BLM,641
KRBOX5 (124411),KRBOX5,124411
DDI2 (84301),DDI2,84301
SVIL (6840),SVIL,6840
TRIM33 (51592),TRIM33,51592
LRP10 (26020),LRP10,26020
PELI1 (57162),PELI1,57162
ZNF655 (79027),ZNF655,79027
MRPL21 (219927),MRPL21,219927
LYPD2 (137797),LYPD2,137797
UAP1L1 (91373),UAP1L1,91373
ZNF98 (148198),ZNF98,148198
FBXL22 (283807),FBXL22,283807
ZNF786 (136051),ZNF786,136051
ZNF517 (340385),ZNF517,340385
ZNF675 (171392),ZNF675,171392
SLC22A5 (6584),SLC22A5,6584
DACT3 (147906),DACT3,147906
ADARB1 (104),ADARB1,104
ZNF860 (344787),ZNF860,344787
HTT (3064),HTT,3064
C5AR1 (728),C5AR1,728
DIO3 (1735),DIO3,1735
CYP2B6 (1555),CYP2B6,1555
DCHS2 (54798),DCHS2,54798
VEPH1 (79674),VEPH1,79674
SHPK (23729),SHPK,23729
IPP (3652),IPP,3652
MAP3K5 (4217),MAP3K5,4217
OGDHL (55753),OGDHL,55753
CYP2F1 (1572),CYP2F1,1572
GSTK1 (373156),GSTK1,373156
HNRNPAB (3182),HNRNPAB,3182
STMN3 (50861),STMN3,50861
PDGFA (5154),PDGFA,5154
COL13A1 (1305),COL13A1,1305
SPN (6693),SPN,6693
ZNF695 (57116),ZNF695,57116
ZNF628 (89887),ZNF628,89887
SLC2A10 (81031),SLC2A10,81031
ZNF665 (79788),ZNF665,79788
RPF2 (84154),RPF2,84154
SLC28A3 (64078),SLC28A3,64078
FAM177B (400823),FAM177B,400823
MIB2 (142678),MIB2,142678
MYO5A (4644),MYO5A,4644
GZMM (3004),GZMM,3004
ATG7 (10533),ATG7,10533
SIPA1L1 (26037),SIPA1L1,26037
IFT70A (92104),IFT70A,92104
ELANE (1991),ELANE,1991
RAB40C (57799),RAB40C,57799
PIGN (23556),PIGN,23556
COL4A6 (1288),COL4A6,1288
ZNF624 (57547),ZNF624,57547
HOXA4 (3201),HOXA4,3201
TOPORS (10210),TOPORS,10210
BCO2 (83875),BCO2,83875
ENTPD6 (955),ENTPD6,955
DMBX1 (127343),DMBX1,127343
ENPP1 (5167),ENPP1,5167
CCDC154 (645811),CCDC154,645811
FAR1 (84188),FAR1,84188
CPLANE1 (65250),CPLANE1,65250
ZNF841 (284371),ZNF841,284371
MFAP5 (8076),MFAP5,8076
ZNF615 (284370),ZNF615,284370
EOLA1 (91966),EOLA1,91966
CDC42SE1 (56882),CDC42SE1,56882
MPEG1 (219972),MPEG1,219972
SERPINB2 (5055),SERPINB2,5055
DPP4 (1803),DPP4,1803
PDCD1LG2 (80380),PDCD1LG2,80380
ZNF433 (163059),ZNF433,163059
DNAH10 (196385),DNAH10,196385
SPTAN1 (6709),SPTAN1,6709
NMB (4828),NMB,4828
PARVA (55742),PARVA,55742
KLHL14 (57565),KLHL14,57565
FAM114A1 (92689),FAM114A1,92689
RPE (6120),RPE,6120
ZNF460 (10794),ZNF460,10794
PHF2 (5253),PHF2,5253
RPS26 (6231),RPS26,6231
PSAP (5660),PSAP,5660
S100A10 (6281),S100A10,6281
CFAP43 (80217),CFAP43,80217
LHFPL5 (222662),LHFPL5,222662
RPL37A (6168),RPL37A,6168
HOXC6 (3223),HOXC6,3223
TXNRD3 (114112),TXNRD3,114112
CFD (1675),CFD,1675
STPG3 (441476),STPG3,441476
MCMBP (79892),MCMBP,79892
EME2 (197342),EME2,197342
KLHDC1 (122773),KLHDC1,122773
ZNF81 (347344),ZNF81,347344
TAF13 (6884),TAF13,6884
ZNF780A (284323),ZNF780A,284323
ATAD3A (55210),ATAD3A,55210
FAM118B (79607),FAM118B,79607
ZNF461 (92283),ZNF461,92283
CCDC180 (100499483),CCDC180,100499483
SLC9A8 (23315),SLC9A8,23315
OCLN (100506658),OCLN,100506658
CFAP299 (255119),CFAP299,255119
H4C16 (121504),H4C16,121504
ZNF181 (339318),ZNF181,339318
INKA2 (55924),INKA2,55924
ZNF44 (51710),ZNF44,51710
GPAA1 (8733),GPAA1,8733
ADAMTSL2 (9719),ADAMTSL2,9719
SGTB (54557),SGTB,54557
ZNF790 (388536),ZNF790,388536
CYRIA (81553),CYRIA,81553
MYO1C (4641),MYO1C,4641
NKIRAS1 (28512),NKIRAS1,28512
UGT2B17 (7367),UGT2B17,7367
MEIG1 (644890),MEIG1,644890
KIF13B (23303),KIF13B,23303
ADH5 (128),ADH5,128
H2BC12 (85236),H2BC12,85236
TEAD4 (7004),TEAD4,7004
SPG7 (6687),SPG7,6687
HRNR (388697),HRNR,388697
ZNF677 (342926),ZNF677,342926
ERO1A (30001),ERO1A,30001
ZNF823 (55552),ZNF823,55552
ZNF311 (282890),ZNF311,282890
ZNF347 (84671),ZNF347,84671
PLCG2 (5336),PLCG2,5336
FCHSD1 (89848),FCHSD1,89848
ZNF71 (58491),ZNF71,58491
S100A6 (6277),S100A6,6277
RPL12 (6136),RPL12,6136
DNM3 (26052),DNM3,26052
ZNF121 (7675),ZNF121,7675
MPZL1 (9019),MPZL1,9019
VPS13A (23230),VPS13A,23230
MBP (4155),MBP,4155
AKAP17A (8227),AKAP17A,8227
ELOVL2 (54898),ELOVL2,54898
GOLGA6L9 (440295),GOLGA6L9,440295
LEKR1 (389170),LEKR1,389170
C1orf122 (127687),C1orf122,127687
KEL (3792),KEL,3792
NOL8 (55035),NOL8,55035
IRAK4 (51135),IRAK4,51135
ODAD3 (115948),ODAD3,115948
MRPL42 (28977),MRPL42,28977
ENTPD7 (57089),ENTPD7,57089
ZNF335 (63925),ZNF335,63925
RPS4X (6191),RPS4X,6191
ZNF273 (10793),ZNF273,10793
ZNF84 (7637),ZNF84,7637
MAK16 (84549),MAK16,84549
ZNF667 (63934),ZNF667,63934
SIRPA (140885),SIRPA,140885
GRK6 (2870),GRK6,2870
PRIM1 (5557),PRIM1,5557
MARCHF5 (54708),MARCHF5,54708
NPIPB13 (613037),NPIPB13,613037
AKR1B10 (57016),AKR1B10,57016
SULT1C4 (27233),SULT1C4,27233
CYP2A7 (1549),CYP2A7,1549
ZBTB14 (7541),ZBTB14,7541
CD2AP (23607),CD2AP,23607
NUP62CL (54830),NUP62CL,54830
SFI1 (9814),SFI1,9814
ZNF649 (65251),ZNF649,65251
ZNF248 (57209),ZNF248,57209
CHSY3 (337876),CHSY3,337876
TOR4A (54863),TOR4A,54863
LPAR1 (1902),LPAR1,1902
MB (4151),MB,4151
HIBCH (26275),HIBCH,26275
ZNF544 (27300),ZNF544,27300
TMEM229B (161145),TMEM229B,161145
SOWAHC (65124),SOWAHC,65124
ZNF770 (54989),ZNF770,54989
NPIPB6 (728741),NPIPB6,728741
HMGN5 (79366),HMGN5,79366
MIER1 (57708),MIER1,57708
MAN1A2 (10905),MAN1A2,10905
SVIP (258010),SVIP,258010
ZNF251 (90987),ZNF251,90987
DDRGK1 (65992),DDRGK1,65992
TFDP1 (7027),TFDP1,7027
ZNF607 (84775),ZNF607,84775
ZNF334 (55713),ZNF334,55713
HSD17B11 (51170),HSD17B11,51170
SZT2 (23334),SZT2,23334
SULT1C2 (6819),SULT1C2,6819
ZXDA (7789),ZXDA,7789
RPS6KL1 (83694),RPS6KL1,83694
QRICH1 (54870),QRICH1,54870
CSF2RA (1438),CSF2RA,1438
FKBP1C (642489),FKBP1C,642489
DDX42 (11325),DDX42,11325
RPL23A (6147),RPL23A,6147
SLC29A3 (55315),SLC29A3,55315
STYX (6815),STYX,6815
UBL5 (59286),UBL5,59286
HELZ (9931),HELZ,9931
TMEM116 (89894),TMEM116,89894
UCKL1 (54963),UCKL1,54963
CARD11 (84433),CARD11,84433
ZNF485 (220992),ZNF485,220992
PEG3 (5178),PEG3,5178
SDAD1 (55153),SDAD1,55153
ZKSCAN8 (7745),ZKSCAN8,7745
PHETA1 (144717),PHETA1,144717
TMEM239 (100288797),TMEM239,100288797
HYLS1 (219844),HYLS1,219844
ZNF442 (79973),ZNF442,79973
ZNF813 (126017),ZNF813,126017
HOXC4 (3221),HOXC4,3221
DCAF12L2 (340578),DCAF12L2,340578
PIM3 (415116),PIM3,415116
GET3 (439),GET3,439
ASPH (444),ASPH,444
SPRED2 (200734),SPRED2,200734
WWP2 (11060),WWP2,11060
GFPT1 (2673),GFPT1,2673
UVRAG (7405),UVRAG,7405
ZNF26 (7574),ZNF26,7574
ITSN2 (50618),ITSN2,50618
NTRK1 (4914),NTRK1,4914
OGA (10724),OGA,10724
MT1F (4494),MT1F,4494
TCAF1 (9747),TCAF1,9747
ZNF69 (7620),ZNF69,7620
TXNRD1 (7296),TXNRD1,7296
NRARP (441478),NRARP,441478
ZNF583 (147949),ZNF583,147949
ZNF568 (374900),ZNF568,374900
ZXDB (158586),ZXDB,158586
ZNF480 (147657),ZNF480,147657
ZNF587 (84914),ZNF587,84914
TPM2 (7169),TPM2,7169
SH3BGRL2 (83699),SH3BGRL2,83699
ZNF808 (388558),ZNF808,388558
ANKRD35 (148741),ANKRD35,148741
YTHDF2 (51441),YTHDF2,51441
TMA16 (55319),TMA16,55319
HLA-DRB5 (3127),HLA-DRB5,3127
ATL1 (51062),ATL1,51062
CNGA1 (1259),CNGA1,1259
MAFK (7975),MAFK,7975
ARMH1 (339541),ARMH1,339541
ZNF43 (7594),ZNF43,7594
GPN1 (11321),GPN1,11321
C2CD4A (145741),C2CD4A,145741
ZNF28 (7576),ZNF28,7576
ITGBL1 (9358),ITGBL1,9358
ZNF511 (118472),ZNF511,118472
ZNF627 (199692),ZNF627,199692
KCNRG (283518),KCNRG,283518
WDHD1 (11169),WDHD1,11169
ZNF789 (285989),ZNF789,285989
CTNND1 (1500),CTNND1,1500
SLC34A3 (142680),SLC34A3,142680
ARC (23237),ARC,23237
NUDT16 (131870),NUDT16,131870
TLK1 (9874),TLK1,9874
LRBA (987),LRBA,987
MMP17 (4326),MMP17,4326
BAZ1A (11177),BAZ1A,11177
AKR1C4 (1109),AKR1C4,1109
COPS8 (10920),COPS8,10920
CCDC69 (26112),CCDC69,26112
MDM4 (4194),MDM4,4194
RYR2 (6262),RYR2,6262
ZNF534 (147658),ZNF534,147658
KLHL9 (55958),KLHL9,55958
FAM3D (131177),FAM3D,131177
NCOA6 (23054),NCOA6,23054
STK39 (27347),STK39,27347
TAT (6898),TAT,6898
C6orf89 (221477),C6orf89,221477
CALM1 (801),CALM1,801
TAFA2 (338811),TAFA2,338811
SKIC3 (9652),SKIC3,9652
TUSC1 (286319),TUSC1,286319
MAGEA1 (4100),MAGEA1,4100
PAPSS2 (9060),PAPSS2,9060
SLC9A6 (10479),SLC9A6,10479
FAN1 (22909),FAN1,22909
ABCA4 (24),ABCA4,24
MT-ND6 (4541),MT-ND6,4541
IPO9 (55705),IPO9,55705
CEP290 (80184),CEP290,80184
MT-CO2 (4513),MT-CO2,4513
GLMP (112770),GLMP,112770
TOGARAM1 (23116),TOGARAM1,23116
DLL1 (28514),DLL1,28514
ANKRD13B (124930),ANKRD13B,124930
ECI2 (10455),ECI2,10455
UNC13B (10497),UNC13B,10497
SAXO5 (374877),SAXO5,374877
MT-CYB (4519),MT-CYB,4519
LDB1 (8861),LDB1,8861
PPP1R14C (81706),PPP1R14C,81706
CTR9 (9646),CTR9,9646
SMOC1 (64093),SMOC1,64093
F5 (2153),F5,2153
MSRB1 (51734),MSRB1,51734
LRRTM3 (347731),LRRTM3,347731
ZNF652 (22834),ZNF652,22834
SMURF1 (57154),SMURF1,57154
SLC5A3 (6526),SLC5A3,6526
GPATCH3 (63906),GPATCH3,63906
CDC42BPB (9578),CDC42BPB,9578
PLXNB3 (5365),PLXNB3,5365
OXCT2 (64064),OXCT2,64064
RPL10A (4736),RPL10A,4736
COLGALT2 (23127),COLGALT2,23127
EPS8L3 (79574),EPS8L3,79574
MT-ND2 (4536),MT-ND2,4536
APCDD1L (164284),APCDD1L,164284
RCSD1 (92241),RCSD1,92241
RASSF9 (9182),RASSF9,9182
FAM169A (26049),FAM169A,26049
ZNF830 (91603),ZNF830,91603
GRIN3A (116443),GRIN3A,116443
MT-ND5 (4540),MT-ND5,4540
MUC2 (4583),MUC2,4583
CNOT7 (29883),CNOT7,29883
TMEM184B (25829),TMEM184B,25829
MTOR (2475),MTOR,2475
SCAMP5 (192683),SCAMP5,192683
ZNF521 (25925),ZNF521,25925
ALPK2 (115701),ALPK2,115701
BRINP2 (57795),BRINP2,57795
LRIG2 (9860),LRIG2,9860
MT-CO1 (4512),MT-CO1,4512
PNP (4860),PNP,4860
PAX9 (5083),PAX9,5083
GK (2710),GK,2710
FOXJ3 (22887),FOXJ3,22887
ZNF358 (140467),ZNF358,140467
SFT2D1 (113402),SFT2D1,113402
CD247 (919),CD247,919
CHAMP1 (283489),CHAMP1,283489
INPP5F (22876),INPP5F,22876
ARHGAP11A (9824),ARHGAP11A,9824
HMGN2 (3151),HMGN2,3151
SELENOM (140606),SELENOM,140606
UBE2J1 (51465),UBE2J1,51465
GJC2 (57165),GJC2,57165
OPA1 (4976),OPA1,4976
DENND4B (9909),DENND4B,9909
RYR3 (6263),RYR3,6263
ZNF277 (11179),ZNF277,11179
MT-ND3 (4537),MT-ND3,4537
KTI12 (112970),KTI12,112970
STYXL2 (92235),STYXL2,92235
SELENOT (51714),SELENOT,51714
TOX (9760),TOX,9760
CES1 (1066),CES1,1066
CD3E (916),CD3E,916
RUSC2 (9853),RUSC2,9853
FICD (11153),FICD,11153
OSTC (58505),OSTC,58505
R3HDM4 (91300),R3HDM4,91300
TSEN15 (116461),TSEN15,116461
LTN1 (26046),LTN1,26046
RUNDC1 (146923),RUNDC1,146923
CCDC152 (100129792),CCDC152,100129792
STKLD1 (169436),STKLD1,169436
GRK5 (2869),GRK5,2869
TYW1 (55253),TYW1,55253
DCAF12 (25853),DCAF12,25853
SFMBT2 (57713),SFMBT2,57713
PNMA5 (114824),PNMA5,114824
ITPRIPL1 (150771),ITPRIPL1,150771
MT-ND4 (4538),MT-ND4,4538
SMC5 (23137),SMC5,23137
MT-ND1 (4535),MT-ND1,4535
PRMT6 (55170),PRMT6,55170
SHISA4 (149345),SHISA4,149345
CIPC (85457),CIPC,85457
CAPZA2 (830),CAPZA2,830
MT-ATP6 (4508),MT-ATP6,4508
TOP1 (7150),TOP1,7150
PRC1 (9055),PRC1,9055
MAP3K3 (4215),MAP3K3,4215
L1CAM (3897),L1CAM,3897
SREBF2 (6721),SREBF2,6721
C1orf174 (339448),C1orf174,339448
POU3F3 (5455),POU3F3,5455
RASGEF1A (221002),RASGEF1A,221002
SPOUT1 (51490),SPOUT1,51490
RPL39 (6170),RPL39,6170
DZIP3 (9666),DZIP3,9666
KIAA0753 (9851),KIAA0753,9851
DCLRE1A (9937),DCLRE1A,9937
ATG9A (79065),ATG9A,79065
NOS1AP (9722),NOS1AP,9722
CSAG1 (158511),CSAG1,158511
APRT (353),APRT,353
GPRASP1 (9737),GPRASP1,9737
TBKBP1 (9755),TBKBP1,9755
MAGEE1 (57692),MAGEE1,57692
CCDC167 (154467),CCDC167,154467
MT-CO3 (4514),MT-CO3,4514
ZFP2 (80108),ZFP2,80108
SOWAHA (134548),SOWAHA,134548
L3MBTL3 (84456),L3MBTL3,84456
DMD (1756),DMD,1756
MFAP3L (9848),MFAP3L,9848
NAGA (4668),NAGA,4668
SMG5 (23381),SMG5,23381
KIFBP (26128),KIFBP,26128
TGM2 (7052),TGM2,7052
ARMCX6 (54470),ARMCX6,54470
PJA2 (9867),PJA2,9867
RORB (6096),RORB,6096
SGMS1 (259230),SGMS1,259230
ZNF525 (170958),ZNF525,170958
INF2 (64423),INF2,64423
IQANK1 (642574),IQANK1,642574
EFCAB2 (84288),EFCAB2,84288
COX20 (116228),COX20,116228
CHML (1122),CHML,1122
CAPN8 (388743),CAPN8,388743
TATDN3 (128387),TATDN3,128387
RAET1G (353091),RAET1G,353091
C1orf53 (388722),C1orf53,388722
SAMD5 (389432),SAMD5,389432
ECT2L (345930),ECT2L,345930
GPR52 (9293),GPR52,9293
CENPW (387103),CENPW,387103
SPRN (503542),SPRN,503542
FAM229B (619208),FAM229B,619208
FANK1 (92565),FANK1,92565
PRR9 (574414),PRR9,574414
EEF1AKMT2 (399818),EEF1AKMT2,399818
DDO (8528),DDO,8528
PLPP4 (196051),PLPP4,196051
H2BC18 (440689),H2BC18,440689
PNLIPRP3 (119548),PNLIPRP3,119548
RBM20 (282996),RBM20,282996
C6orf163 (206412),C6orf163,206412
GDI1 (2664),GDI1,2664
PCMTD2 (55251),PCMTD2,55251
SOX18 (54345),SOX18,54345
LIME1 (54923),LIME1,54923
OOEP (441161),OOEP,441161
SAMD13 (148418),SAMD13,148418
RTL8A (26071),RTL8A,26071
CCDC160 (347475),CCDC160,347475
EFCAB7 (84455),EFCAB7,84455
GLYATL3 (389396),GLYATL3,389396
LDLRAD1 (388633),LDLRAD1,388633
ZYG11A (440590),ZYG11A,440590
CT83 (203413),CT83,203413
LRRC73 (221424),LRRC73,221424
FOXO6 (100132074),FOXO6,100132074
SYS1 (90196),SYS1,90196
INPP5B (3633),INPP5B,3633
RPA4 (29935),RPA4,29935
MAFB (9935),MAFB,9935
TRAF3IP1 (26146),TRAF3IP1,26146
CHIC1 (53344),CHIC1,53344
GIGYF2 (26058),GIGYF2,26058
C2orf72 (257407),C2orf72,257407
RUFY2 (55680),RUFY2,55680
NHSL2 (340527),NHSL2,340527
GGTA1 (2681),GGTA1,2681
PHACTR4 (65979),PHACTR4,65979
ASAH2B (653308),ASAH2B,653308
AGAP6 (414189),AGAP6,414189
TIMM23B (100652748),TIMM23B,100652748
ZDHHC18 (84243),ZDHHC18,84243
TMEM273 (170371),TMEM273,170371
AGAP9 (642517),AGAP9,642517
GPRIN2 (9721),GPRIN2,9721
SYT15 (83849),SYT15,83849
MACO1 (55219),MACO1,55219
PTPN20 (26095),PTPN20,26095
ZDBF2 (57683),ZDBF2,57683
DAXX (1616),DAXX,1616
BMPR2 (659),BMPR2,659
TCEA3 (6920),TCEA3,6920
PFDN6 (10471),PFDN6,10471
RING1 (6015),RING1,6015
HSD17B8 (7923),HSD17B8,7923
RXRB (6257),RXRB,6257
OXLD1 (339229),OXLD1,339229
COL11A2 (1302),COL11A2,1302
BRD2 (6046),BRD2,6046
HLA-DMA (3108),HLA-DMA,3108
COL5A2 (1290),COL5A2,1290
PSMB8 (5696),PSMB8,5696
TAP2 (6891),TAP2,6891
SPIN3 (169981),SPIN3,169981
NBDY (550643),NBDY,550643
HLA-DRA (3122),HLA-DRA,3122
COL15A1 (1306),COL15A1,1306
PBX2 (5089),PBX2,5089
AGER (177),AGER,177
RNF5 (6048),RNF5,6048
AGPAT1 (10554),AGPAT1,10554
PJVK (494513),PJVK,494513
PRRT1 (80863),PRRT1,80863
FKBPL (63943),FKBPL,63943
MRPL38 (64978),MRPL38,64978
SMIM5 (643008),SMIM5,643008
ERICH2 (285141),ERICH2,285141
SP5 (389058),SP5,389058
WHR1 (8859),WHR1,8859
DXO (1797),DXO,1797
SKIC2 (6499),SKIC2,6499
NELFE (7936),NELFE,7936
ZBTB12 (221527),ZBTB12,221527
SDHD (6392),SDHD,6392
EHMT2 (10919),EHMT2,10919
LAYN (143903),LAYN,143903
SLC44A4 (80736),SLC44A4,80736
NEU1 (4758),NEU1,4758
HSPA1L (3305),HSPA1L,3305
LSM2 (57819),LSM2,57819
VARS1 (7407),VARS1,7407
VWA7 (80737),VWA7,80737
CARD16 (114769),CARD16,114769
MBD5 (55777),MBD5,55777
LY6G6C (80740),LY6G6C,80740
LY6G5C (80741),LY6G5C,80741
GPANK1 (7918),GPANK1,7918
NALF1 (728215),NALF1,728215
APOM (55937),APOM,55937
BAG6 (7917),BAG6,7917
PRRC2A (7916),PRRC2A,7916
NFKBIL1 (4795),NFKBIL1,4795
ZNF814 (730051),ZNF814,730051
MICB (4277),MICB,4277
ZNF551 (90233),ZNF551,90233
MICA (100507436),MICA,100507436
ZNF805 (390980),ZNF805,390980
HLA-C (3107),HLA-C,3107
POU5F1 (5460),POU5F1,5460
CCHCR1 (54535),CCHCR1,54535
PSORS1C1 (170679),PSORS1C1,170679
DHX16 (8449),DHX16,8449
C6orf136 (221545),C6orf136,221545
MRPS18B (28973),MRPS18B,28973
PPP1R10 (5514),PPP1R10,5514
KRTAP5-10 (387273),KRTAP5-10,387273
ABCF1 (23),ABCF1,23
PRR3 (80742),PRR3,80742
DDR1 (780),DDR1,780
GNL1 (2794),GNL1,2794
HLA-E (3133),HLA-E,3133
ZNF468 (90333),ZNF468,90333
ZNF616 (90317),ZNF616,90317
TRIM31 (11074),TRIM31,11074
RNF39 (80352),RNF39,80352
PPP1R11 (6992),PPP1R11,6992
DISP3 (57540),DISP3,57540
RACK1 (10399),RACK1,10399
TBC1D8 (11138),TBC1D8,11138
HLA-F (3134),HLA-F,3134
ZFP57 (346171),ZFP57,346171
ASPDH (554235),ASPDH,554235
CBY3 (646019),CBY3,646019
AKT1S1 (84335),AKT1S1,84335
GABBR1 (2550),GABBR1,2550
SPDYC (387778),SPDYC,387778
TRIM27 (5987),TRIM27,5987
MALRD1 (340895),MALRD1,340895
RANBP17 (64901),RANBP17,64901
INSYN2B (100131897),INSYN2B,100131897
ODAD4 (83538),ODAD4,83538
MROH6 (642475),MROH6,642475
ATXN2 (6311),ATXN2,6311
DCTN1 (1639),DCTN1,1639
PNMA8B (57469),PNMA8B,57469
TCTN1 (79600),TCTN1,79600
FAM216A (29902),FAM216A,29902
ZBTB48 (3104),ZBTB48,3104
IGFL2 (147920),IGFL2,147920
IGFL4 (444882),IGFL4,444882
MZT1 (440145),MZT1,440145
ZNF155 (7711),ZNF155,7711
UQCC3 (790955),UQCC3,790955
FBXO48 (554251),FBXO48,554251
FAM221B (392307),FAM221B,392307
CD177 (57126),CD177,57126
PSG5 (5673),PSG5,5673
ZNF783 (100289678),ZNF783,100289678
ZNF425 (155054),ZNF425,155054
LRRC10B (390205),LRRC10B,390205
UQCC6 (728568),UQCC6,728568
TRIM13 (10206),TRIM13,10206
SPIRE2 (84501),SPIRE2,84501
AARD (441376),AARD,441376
PABPN1L (390748),PABPN1L,390748
PKHD1L1 (93035),PKHD1L1,93035
SLFN12L (100506736),SLFN12L,100506736
SLC35B4 (84912),SLC35B4,84912
SYCE1L (100130958),SYCE1L,100130958
TMEM231 (79583),TMEM231,79583
GARIN1A (346653),GARIN1A,346653
CCNI2 (645121),CCNI2,645121
TMEM240 (339453),TMEM240,339453
SPATA31F1 (259308),SPATA31F1,259308
CDKL4 (344387),CDKL4,344387
TMEM278 (643965),TMEM278,643965
CFAP96 (441054),CFAP96,441054
TRIQK (286144),TRIQK,286144
SDHAF1 (644096),SDHAF1,644096
ARID3C (138715),ARID3C,138715
PSENEN (55851),PSENEN,55851
C11orf91 (100131378),C11orf91,100131378
ZBTB10 (65986),ZBTB10,65986
C4orf46 (201725),C4orf46,201725
SCGB2B2 (284402),SCGB2B2,284402
LGR4 (55366),LGR4,55366
PSMB10 (5699),PSMB10,5699
VIT (5212),VIT,5212
SPDYE2 (441273),SPDYE2,441273
E2F4 (1874),E2F4,1874
PDE7A (5150),PDE7A,5150
TMEM170B (100113407),TMEM170B,100113407
MUC12 (10071),MUC12,10071
SNX2 (6643),SNX2,6643
NT5M (56953),NT5M,56953
SARNP (84324),SARNP,84324
ADGRG1 (9289),ADGRG1,9289
IPO7 (10527),IPO7,10527
PRR13 (54458),PRR13,54458
TECPR1 (25851),TECPR1,25851
MT1A (4489),MT1A,4489
INSYN1 (388135),INSYN1,388135
MT1M (4499),MT1M,4499
SAMD9 (54809),SAMD9,54809
KRT6A (3853),KRT6A,3853
CNEP1R1 (255919),CNEP1R1,255919
KRT81 (3887),KRT81,3887
EXOC3L4 (91828),EXOC3L4,91828
CCDC85C (317762),CCDC85C,317762
SPDYE18 (100505767),SPDYE18,100505767
RGL3 (57139),RGL3,57139
NAP1L4 (4676),NAP1L4,4676
TMSB4X (7114),TMSB4X,7114
TMEM256 (254863),TMEM256,254863
CPT1B (1375),CPT1B,1375
SMN2 (6607),SMN2,6607
HMGN1 (3150),HMGN1,3150
MUC19 (283463),MUC19,283463
DENND6B (414918),DENND6B,414918
EIF3CL (728689),EIF3CL,728689
LCMT1 (51451),LCMT1,51451
MFSD2B (388931),MFSD2B,388931
CDPF1 (150383),CDPF1,150383
LIN52 (91750),LIN52,91750
ARSH (347527),ARSH,347527
ACOT6 (641372),ACOT6,641372
DPF3 (8110),DPF3,8110
MANSC4 (100287284),MANSC4,100287284
CYP2D7 (1564),CYP2D7,1564
SMIM45 (339674),SMIM45,339674
ETFRF1 (144363),ETFRF1,144363
C17orf107 (100130311),C17orf107,100130311
ITSN1 (6453),ITSN1,6453
ITPRIPL2 (162073),ITPRIPL2,162073
DENND1C (79958),DENND1C,79958
CRLF2 (64109),CRLF2,64109
CRYZL1 (9946),CRYZL1,9946
RIMOC1 (285636),RIMOC1,285636
CYS1 (192668),CYS1,192668
PLPP6 (403313),PLPP6,403313
KLRC2 (3822),KLRC2,3822
C16orf96 (342346),C16orf96,342346
TTC23L (153657),TTC23L,153657
C1QTNF9B (387911),C1QTNF9B,387911
ZNF316 (100131017),ZNF316,100131017
OLIG2 (10215),OLIG2,10215
RNPS1 (10921),RNPS1,10921
NYNRIN (57523),NYNRIN,57523
DNAJC19 (131118),DNAJC19,131118
DOK6 (220164),DOK6,220164
JPT2 (90861),JPT2,90861
LHFPL7 (255349),LHFPL7,255349
SERPINB4 (6318),SERPINB4,6318
SERPINB5 (5268),SERPINB5,5268
ZDHHC11B (653082),ZDHHC11B,653082
CFAP99 (402160),CFAP99,402160
GOLGA8O (728047),GOLGA8O,728047
TMEM191C (645426),TMEM191C,645426
ATP10A (57194),ATP10A,57194
FOXL2NB (401089),FOXL2NB,401089
RAB12 (201475),RAB12,201475
HLA-A (3105),HLA-A,3105
HACD2 (201562),HACD2,201562
CFAP44 (55779),CFAP44,55779
LNP1 (348801),LNP1,348801
VGLL3 (389136),VGLL3,389136
TRIM71 (131405),TRIM71,131405
ZCWPW2 (152098),ZCWPW2,152098
ANKRD28 (23243),ANKRD28,23243
COLQ (8292),COLQ,8292
METTL6 (131965),METTL6,131965
XKR4 (114786),XKR4,114786
GPX3 (2878),GPX3,2878
DIO2 (1734),DIO2,1734
SELENOH (280636),SELENOH,280636
DIO1 (1733),DIO1,1733
AKR7L (246181),AKR7L,246181
STK38L (23012),STK38L,23012
SACM1L (22908),SACM1L,22908
TSN (7247),TSN,7247
SLC48A1 (55652),SLC48A1,55652
PRR22 (163154),PRR22,163154
CTAGE1 (64693),CTAGE1,64693
RTL8B (441518),RTL8B,441518
RNF208 (727800),RNF208,727800
MT-ND4L (4539),MT-ND4L,4539
MAP10 (54627),MAP10,54627
POU5F1B (5462),POU5F1B,5462
ZNF580 (51157),ZNF580,51157
ZNF611 (81856),ZNF611,81856
SYT3 (84258),SYT3,84258
NUP62 (23636),NUP62,23636
DENND1B (163486),DENND1B,163486
SFT2D2 (375035),SFT2D2,375035
CEP43 (11116),CEP43,11116
SCAF8 (22828),SCAF8,22828
CFAP45 (25790),CFAP45,25790
ZNF254 (9534),ZNF254,9534
DYNLT2B (255758),DYNLT2B,255758
CRYGS (1427),CRYGS,1427
CRIP1 (1396),CRIP1,1396
KLHL23 (151230),KLHL23,151230
LINGO4 (339398),LINGO4,339398
FAM24B (196792),FAM24B,196792
TRIM59 (286827),TRIM59,286827
MLLT11 (10962),MLLT11,10962
ASIC3 (9311),ASIC3,9311
CCDC183 (84960),CCDC183,84960
ARHGEF35 (445328),ARHGEF35,445328
DNLZ (728489),DNLZ,728489
NRAS (4893),NRAS,4893
LTC4S (4056),LTC4S,4056
ANKRD39 (51239),ANKRD39,51239
QTRT1 (81890),QTRT1,81890
CHUK (1147),CHUK,1147
MXD3 (83463),MXD3,83463
GSTM2 (2946),GSTM2,2946
COG8 (84342),COG8,84342
ARHGAP19 (84986),ARHGAP19,84986
HAUS7 (55559),HAUS7,55559
LCAT (3931),LCAT,3931
MAGEA12 (4111),MAGEA12,4111
PVRIG (79037),PVRIG,79037
GPC2 (221914),GPC2,221914
SIPA1 (6494),SIPA1,6494
ERV3-1 (2086),ERV3-1,2086
SYNJ2BP (55333),SYNJ2BP,55333
ARL2 (402),ARL2,402
RBMXL1 (494115),RBMXL1,494115
SRA1 (10011),SRA1,10011
STIMATE (375346),STIMATE,375346
DNAJC9 (23234),DNAJC9,23234
C8orf82 (414919),C8orf82,414919
VDAC1 (7416),VDAC1,7416
ZBTB9 (221504),ZBTB9,221504
TMX2 (51075),TMX2,51075
HEXA (3073),HEXA,3073
NDUFS3 (4722),NDUFS3,4722
LEPROT (54741),LEPROT,54741
LBH (81606),LBH,81606
ADAT3 (113179),ADAT3,113179
PPP1CB (5500),PPP1CB,5500
GPSM3 (63940),GPSM3,63940
LAT (27040),LAT,27040
NCKIPSD (51517),NCKIPSD,51517
ATF6B (1388),ATF6B,1388
S1PR3 (1903),S1PR3,1903
SLC35F6 (54978),SLC35F6,54978
FAM209B (388799),FAM209B,388799
CLIC1 (1192),CLIC1,1192
DDAH2 (23564),DDAH2,23564
RPS29 (6235),RPS29,6235
UGT2B11 (10720),UGT2B11,10720
ZNF134 (7693),ZNF134,7693
DDX47 (51202),DDX47,51202
ZNF888 (388559),ZNF888,388559
ZNF845 (91664),ZNF845,91664
EMP2 (2013),EMP2,2013
KCTD11 (147040),KCTD11,147040
PPM1N (147699),PPM1N,147699
CEACAM16 (388551),CEACAM16,388551
SLC23A3 (151295),SLC23A3,151295
LTB4R (1241),LTB4R,1241
LTB4R2 (56413),LTB4R2,56413
DNASE1 (1773),DNASE1,1773
CSNK1E (1454),CSNK1E,1454
IRF9 (10379),IRF9,10379
GALT (2592),GALT,2592
CLDN9 (9080),CLDN9,9080
ITGA1 (3672),ITGA1,3672
NUDT19 (390916),NUDT19,390916
ZNF726 (730087),ZNF726,730087
ZNF99 (7652),ZNF99,7652
TAX1BP3 (30851),TAX1BP3,30851
AP1G2 (8906),AP1G2,8906
ZNF90 (7643),ZNF90,7643
NAXD (55739),NAXD,55739
MEF2B (100271849),MEF2B,100271849
GANC (2595),GANC,2595
TTLL3 (26140),TTLL3,26140
REPIN1 (29803),REPIN1,29803
MRPL23 (6150),MRPL23,6150
ZNF891 (101060200),ZNF891,101060200
SMIM7 (79086),SMIM7,79086
FBXO16 (157574),FBXO16,157574
TSPAN4 (7106),TSPAN4,7106
CPNE1 (8904),CPNE1,8904
ARL16 (339231),ARL16,339231
LYRM4 (57128),LYRM4,57128
MYCBP (26292),MYCBP,26292
PRCD (768206),PRCD,768206
ALG3 (10195),ALG3,10195
SH3D21 (79729),SH3D21,79729
SMIM30 (401397),SMIM30,401397
C19orf38 (255809),C19orf38,255809
C17orf67 (339210),C17orf67,339210
FIS1 (51024),FIS1,51024
ANG (283),ANG,283
SCART1 (619207),SCART1,619207
POU2AF3 (120376),POU2AF3,120376
SPDYE3 (441272),SPDYE3,441272
MBLAC1 (255374),MBLAC1,255374
FOXI3 (344167),FOXI3,344167
NEURL1B (54492),NEURL1B,54492
HAUS3 (79441),HAUS3,79441
VSTM5 (387804),VSTM5,387804
LCNL1 (401562),LCNL1,401562
BBIP1 (92482),BBIP1,92482
PLIN5 (440503),PLIN5,440503
SEC14L6 (730005),SEC14L6,730005
PPME1 (51400),PPME1,51400
STARD10 (10809),STARD10,10809
ZC3H11C (441155),ZC3H11C,441155
NUTM2D (728130),NUTM2D,728130
CPEB1 (64506),CPEB1,64506
EML6 (400954),EML6,400954
ZNF727 (442319),ZNF727,442319
B3GALT9 (100288842),B3GALT9,100288842
ZSWIM8 (23053),ZSWIM8,23053
ARHGEF33 (100271715),ARHGEF33,100271715
IFRD2 (7866),IFRD2,7866
CAPN14 (440854),CAPN14,440854
ZBED1 (9189),ZBED1,9189
HNRNPUL2 (221092),HNRNPUL2,221092
CSKMT (751071),CSKMT,751071
FER1L6 (654463),FER1L6,654463
MTCP1 (4515),MTCP1,4515
RAD51AP2 (729475),RAD51AP2,729475
EVPLL (645027),EVPLL,645027
SMTNL1 (219537),SMTNL1,219537
ZSWIM7 (125150),ZSWIM7,125150
ARHGEF28 (64283),ARHGEF28,64283
LRRC69 (100130742),LRRC69,100130742
CRPPA (729920),CRPPA,729920
ACSM4 (341392),ACSM4,341392
RTL10 (79680),RTL10,79680
COL28A1 (340267),COL28A1,340267
PHB2 (11331),PHB2,11331
NEURL4 (84461),NEURL4,84461
GRID2IP (392862),GRID2IP,392862
UBXN2B (137886),UBXN2B,137886
ZNG1F (644019),ZNG1F,644019
MUC5AC (4586),MUC5AC,4586
CIMIP2B (730112),CIMIP2B,730112
PEX26 (55670),PEX26,55670
CFAP90 (134121),CFAP90,134121
UBE2QL1 (134111),UBE2QL1,134111
FASTKD5 (60493),FASTKD5,60493
GOLGA8B (440270),GOLGA8B,440270
KCNU1 (157855),KCNU1,157855
RNF212B (100507650),RNF212B,100507650
DDX3X (1654),DDX3X,1654
VPS16 (64601),VPS16,64601
MYL5 (4636),MYL5,4636
ZNF407 (55628),ZNF407,55628
NPEPL1 (79716),NPEPL1,79716
EFCAB8 (388795),EFCAB8,388795
HMX1 (3166),HMX1,3166
CELA2B (51032),CELA2B,51032
TMEM242 (729515),TMEM242,729515
TMEM167B (56900),TMEM167B,56900
FAM72D (728833),FAM72D,728833
TNFRSF25 (8718),TNFRSF25,8718
ZC3H11B (643136),ZC3H11B,643136
TSTD1 (100131187),TSTD1,100131187
CYB5RL (606495),CYB5RL,606495
ATAD3C (219293),ATAD3C,219293
IFI30 (10437),IFI30,10437
IGSF23 (147710),IGSF23,147710
CCDC7 (79741),CCDC7,79741
FNIP1 (96459),FNIP1,96459
SP9 (100131390),SP9,100131390
SYCE3 (644186),SYCE3,644186
CKLF (51192),CKLF,51192
PAM16 (51025),PAM16,51025
CDC14C (168448),CDC14C,168448
TENM3 (55714),TENM3,55714
CEBPZOS (100505876),CEBPZOS,100505876
ZNF579 (163033),ZNF579,163033
RNASEK (440400),RNASEK,440400
TAFA5 (25817),TAFA5,25817
NBPF1 (55672),NBPF1,55672
UMAD1 (729852),UMAD1,729852
PPP1R3G (648791),PPP1R3G,648791
FAM228B (375190),FAM228B,375190
LINGO3 (645191),LINGO3,645191
ZGLP1 (100125288),ZGLP1,100125288
VAMP2 (6844),VAMP2,6844
PEX39 (441150),PEX39,441150
PPP3R1 (5534),PPP3R1,5534
PSG3 (5671),PSG3,5671
FANCG (2189),FANCG,2189
AP4M1 (9179),AP4M1,9179
SPATA31H1 (84226),SPATA31H1,84226
PLXNA4 (91584),PLXNA4,91584
MAGEA3 (4102),MAGEA3,4102
CEBPD (1052),CEBPD,1052
PSG7 (5676),PSG7,5676
FAM200C (63920),FAM200C,63920
NPTXR (23467),NPTXR,23467
FAM200A (221786),FAM200A,221786
PPP2R2A (5520),PPP2R2A,5520
C19orf73 (55150),C19orf73,55150
ZNF880 (400713),ZNF880,400713
TRIM16 (10626),TRIM16,10626
TIGD1 (200765),TIGD1,200765
XKR9 (389668),XKR9,389668
SLC12A8 (84561),SLC12A8,84561
APOL6 (80830),APOL6,80830
FADS3 (3995),FADS3,3995
OR2A1 (346528),OR2A1,346528
CCNL2 (81669),CCNL2,81669
UBA52 (7311),UBA52,7311
MYBPHL (343263),MYBPHL,343263
ZNF630 (57232),ZNF630,57232
BTBD19 (149478),BTBD19,149478
FAM185A (222234),FAM185A,222234
RAB6C (84084),RAB6C,84084
POTEJ (653781),POTEJ,653781
DCDC2B (149069),DCDC2B,149069
EXOSC6 (118460),EXOSC6,118460
VPS52 (6293),VPS52,6293
CDRT15 (146822),CDRT15,146822
ZNF844 (284391),ZNF844,284391
CKMT1A (548596),CKMT1A,548596
TINCR (257000),TINCR,257000
C1GALT1C1L (728819),C1GALT1C1L,728819
CERS1 (10715),CERS1,10715
CPTP (80772),CPTP,80772
MSL3B (151507),MSL3B,151507
PRR29 (92340),PRR29,92340
C4B (721),C4B,721
ADM5 (199800),ADM5,199800
ATXN1L (342371),ATXN1L,342371
SMIM13 (221710),SMIM13,221710
HNRNPA1L3 (642659),HNRNPA1L3,642659
NDUFAF8 (284184),NDUFAF8,284184
PRRT4 (401399),PRRT4,401399
PVALEF (388428),PVALEF,388428
PLEKHM1 (9842),PLEKHM1,9842
MKRN2OS (100129480),MKRN2OS,100129480
C2CD4D (100191040),C2CD4D,100191040
ZNF469 (84627),ZNF469,84627
MCRIP1 (348262),MCRIP1,348262
SLC26A6 (65010),SLC26A6,65010
DEFB131B (100129216),DEFB131B,100129216
FAM229A (100128071),FAM229A,100128071
ERCC6 (2074),ERCC6,2074
NOL7 (51406),NOL7,51406
NTF4 (4909),NTF4,4909
ELFN1 (392617),ELFN1,392617
PIGBOS1 (101928527),PIGBOS1,101928527
FTCDNL1 (348751),FTCDNL1,348751
TEX22 (647310),TEX22,647310
CROCC2 (728763),CROCC2,728763
TMEM185B (79134),TMEM185B,79134
KIF4B (285643),KIF4B,285643
C7orf78 (102725191),C7orf78,102725191
HSBP1L1 (440498),HSBP1L1,440498
SRRM5 (100170229),SRRM5,100170229
PGAM4 (441531),PGAM4,441531
ERVMER34-1 (100288413),ERVMER34-1,100288413
C14orf132 (56967),C14orf132,56967
WDR46 (9277),WDR46,9277
ZNF717 (100131827),ZNF717,100131827
KLLN (100144748),KLLN,100144748
PARG (8505),PARG,8505
AKR1B15 (441282),AKR1B15,441282
SCAMP4 (113178),SCAMP4,113178
POLR2J2 (246721),POLR2J2,246721
MT-ATP8 (4509),MT-ATP8,4509
ORM2 (5005),ORM2,5005
FAM174C (55009),FAM174C,55009
OST4 (100128731),OST4,100128731
C2orf92 (728537),C2orf92,728537
NUTM2E (283008),NUTM2E,283008
FNDC10 (643988),FNDC10,643988
ZNF883 (169834),ZNF883,169834
PROB1 (389333),PROB1,389333
ARL17B (100506084),ARL17B,100506084
DHFR (1719),DHFR,1719
RPL41 (6171),RPL41,6171
SPINK8 (646424),SPINK8,646424
PATL2 (197135),PATL2,197135
NKX1-2 (390010),NKX1-2,390010
ZNF492 (57615),ZNF492,57615
ZNF688 (146542),ZNF688,146542
PET100 (100131801),PET100,100131801
ACBD6 (84320),ACBD6,84320
SPDYE21 (442572),SPDYE21,442572
ANKRD18B (441459),ANKRD18B,441459
CCDC192 (728586),CCDC192,728586
TEX48 (100505478),TEX48,100505478
SETSIP (646817),SETSIP,646817
HAPSTR2 (389895),HAPSTR2,389895
ANKRD63 (100131244),ANKRD63,100131244
YY2 (404281),YY2,404281
STMND1 (401236),STMND1,401236
HSBP1 (3281),HSBP1,3281
SBK3 (100130827),SBK3,100130827
HLA-DPA1 (3113),HLA-DPA1,3113
RPS18 (6222),RPS18,6222
TSPAN19 (144448),TSPAN19,144448
PSG1 (5669),PSG1,5669
TAPBP (6892),TAPBP,6892
PPP1R2B (153743),PPP1R2B,153743
SCAND3 (114821),SCAND3,114821
TMA7 (51372),TMA7,51372
MCTS1 (28985),MCTS1,28985
ASCL5 (647219),ASCL5,647219
SMIM26 (388789),SMIM26,388789
AJM1 (389813),AJM1,389813
KANTR (102723508),KANTR,102723508
TNF (7124),TNF,7124
PET117 (100303755),PET117,100303755
LYRM9 (201229),LYRM9,201229
PHGR1 (644844),PHGR1,644844
RAB6D (150786),RAB6D,150786
RNF224 (643596),RNF224,643596
GPX1 (2876),GPX1,2876
TMEM238 (388564),TMEM238,388564
TWIST2 (117581),TWIST2,117581
ZNF892 (344065),ZNF892,344065
H2BC15 (8341),H2BC15,8341
RPS28 (6234),RPS28,6234
UQCRHL (440567),UQCRHL,440567
TRIM26 (7726),TRIM26,7726
ZNF879 (345462),ZNF879,345462
H2BC12L (54145),H2BC12L,54145
CCDC188 (388849),CCDC188,388849
ZNF736 (728927),ZNF736,728927
PINLYP (390940),PINLYP,390940
FAM133B (257415),FAM133B,257415
MCIDAS (345643),MCIDAS,345643
JRK (8629),JRK,8629
MED14OS (100873985),MED14OS,100873985
NPIPB2 (729978),NPIPB2,729978
HLA-B (3106),HLA-B,3106
FREY1 (143678),FREY1,143678
SHISA8 (440829),SHISA8,440829
C19orf81 (342918),C19orf81,342918
ANKRD65 (441869),ANKRD65,441869
BRD3OS (266655),BRD3OS,266655
ZSCAN31 (64288),ZSCAN31,64288
C12orf75 (387882),C12orf75,387882
SMIM1 (388588),SMIM1,388588
HGH1 (51236),HGH1,51236
PPP1R3E (90673),PPP1R3E,90673
RAMACL (353267),RAMACL,353267
RPEL1 (729020),RPEL1,729020
SPAAR (158376),SPAAR,158376
SMIM27 (100129250),SMIM27,100129250
NFAM1 (150372),NFAM1,150372
RNF148 (378925),RNF148,378925
KIAA0040 (9674),KIAA0040,9674
PNMA6A (84968),PNMA6A,84968
ZBTB22 (9278),ZBTB22,9278
ZBED5 (58486),ZBED5,58486
CCDC200 (100874261),CCDC200,100874261
UBE2L5 (171222),UBE2L5,171222
ZNF853 (54753),ZNF853,54753
ARHGEF38 (54848),ARHGEF38,54848
CTAGE9 (643854),CTAGE9,643854
ZNF593OS (118568799),ZNF593OS,118568799
B3GNT9 (84752),B3GNT9,84752
CDKN2AIPNL (91368),CDKN2AIPNL,91368
CKMT1B (1159),CKMT1B,1159
RNF223 (401934),RNF223,401934
ZNF737 (100129842),ZNF737,100129842
RGL2 (5863),RGL2,5863
MEIOSIN (388553),MEIOSIN,388553
C10orf143 (387723),C10orf143,387723
SHISA9 (729993),SHISA9,729993
HLA-DQA2 (3118),HLA-DQA2,3118
KIFC1 (3833),KIFC1,3833
C2orf74 (339804),C2orf74,339804
IRGM (345611),IRGM,345611
FAM200B (285550),FAM200B,285550
LRRC37A2 (474170),LRRC37A2,474170
TMEM250 (90120),TMEM250,90120
OR2W3 (343171),OR2W3,343171
TXNDC5 (81567),TXNDC5,81567
CASTOR1 (652968),CASTOR1,652968
RNF103 (7844),RNF103,7844
RBM14 (10432),RBM14,10432
ALKBH6 (84964),ALKBH6,84964
ASB14 (142686),ASB14,142686
KLHL41 (10324),KLHL41,10324
STPG4 (285051),STPG4,285051
NME1 (4830),NME1,4830
TNFSF12 (8742),TNFSF12,8742
CDRT4 (284040),CDRT4,284040
APOBEC3G (60489),APOBEC3G,60489
WBP1 (23559),WBP1,23559
MRPS17 (51373),MRPS17,51373
GET4 (51608),GET4,51608
C1orf226 (400793),C1orf226,400793
ADSL (158),ADSL,158
AMY2B (280),AMY2B,280
PSMB9 (5698),PSMB9,5698
SMKR1 (100287482),SMKR1,100287482
COX19 (90639),COX19,90639
ACAD11 (84129),ACAD11,84129
PPIL3 (53938),PPIL3,53938
FOXO3B (2310),FOXO3B,2310
TNFRSF13B (23495),TNFRSF13B,23495
AQP1 (358),AQP1,358
ISY1 (57461),ISY1,57461
PNMA2 (10687),PNMA2,10687
LRRD1 (401387),LRRD1,401387
KRBOX1 (100506243),KRBOX1,100506243
ARHGEF25 (115557),ARHGEF25,115557
PEDS1 (387521),PEDS1,387521
RDH14 (57665),RDH14,57665
PLCXD2 (257068),PLCXD2,257068
NSUN6 (221078),NSUN6,221078
HLA-DOB (3112),HLA-DOB,3112
YAE1 (57002),YAE1,57002
KRTAP5-8 (57830),KRTAP5-8,57830
CRCP (27297),CRCP,27297
FBXW10B (374286),FBXW10B,374286
RPL36A (6173),RPL36A,6173
PDXP (57026),PDXP,57026
CD302 (9936),CD302,9936
ATP5MF (9551),ATP5MF,9551
ARHGAP8 (23779),ARHGAP8,23779
ARPC4 (10093),ARPC4,10093
CORT (1325),CORT,1325
INMT (11185),INMT,11185
ARPC1A (10552),ARPC1A,10552
TMEFF1 (8577),TMEFF1,8577
ATP5PO (539),ATP5PO,539
PLEKHO2 (80301),PLEKHO2,80301
C8orf58 (541565),C8orf58,541565
PISD (23761),PISD,23761
HOGA1 (112817),HOGA1,112817
PWP2 (5822),PWP2,5822
PI4KA (5297),PI4KA,5297
HYPK (25764),HYPK,25764
AMACR (23600),AMACR,23600
MTFP1 (51537),MTFP1,51537
ARHGDIG (398),ARHGDIG,398
TCP10L (140290),TCP10L,140290
PSG2 (5670),PSG2,5670
ARFGAP3 (26286),ARFGAP3,26286
BGLAP (632),BGLAP,632
C22orf39 (128977),C22orf39,128977
PEG10 (23089),PEG10,23089
EIF6 (3692),EIF6,3692
MRPL20 (55052),MRPL20,55052
ARPIN (348110),ARPIN,348110
DECR2 (26063),DECR2,26063
GNG10 (2790),GNG10,2790
CNTF (1270),CNTF,1270
CCDC169 (728591),CCDC169,728591
RTL5 (340526),RTL5,340526
AP5Z1 (9907),AP5Z1,9907
ZNF709 (163051),ZNF709,163051
STRC (161497),STRC,161497
ERVW-1 (30816),ERVW-1,30816
EIF4EBP3 (8637),EIF4EBP3,8637
PSG11 (5680),PSG11,5680
PSG4 (5672),PSG4,5672
MRPL33 (9553),MRPL33,9553
MICAL3 (57553),MICAL3,57553
STON1 (11037),STON1,11037
PRAF2 (11230),PRAF2,11230
STMP1 (647087),STMP1,647087
KCTD7 (154881),KCTD7,154881
EFNA4 (1945),EFNA4,1945
NICOL1 (401115),NICOL1,401115
NAA80 (24142),NAA80,24142
UPK3B (105375355),UPK3B,105375355
IL10RB (3588),IL10RB,3588
ZNF487 (642819),ZNF487,642819
DNAAF10 (116143),DNAAF10,116143
NME2 (4831),NME2,4831
PLA2G4B (100137049),PLA2G4B,100137049
LEFTY1 (10637),LEFTY1,10637
CFAP57 (149465),CFAP57,149465
NPIPB5 (100132247),NPIPB5,100132247
TTC4 (7268),TTC4,7268
JMJD7 (100137047),JMJD7,100137047
OR2A7 (401427),OR2A7,401427
MRPS6 (64968),MRPS6,64968
ZNF512 (84450),ZNF512,84450
GSTA1 (2938),GSTA1,2938
RTL9 (57529),RTL9,57529
ACY1 (95),ACY1,95
NFS1 (9054),NFS1,9054
DDOST (1650),DDOST,1650
VMA12 (147007),VMA12,147007
GSTA2 (2939),GSTA2,2939
P2RY11 (5032),P2RY11,5032
TMEM141 (85014),TMEM141,85014
GMCL2 (64396),GMCL2,64396
IFITM10 (402778),IFITM10,402778
DBNDD2 (55861),DBNDD2,55861
ETV5 (2119),ETV5,2119
KRTAP5-7 (440050),KRTAP5-7,440050
CFHR1 (3078),CFHR1,3078
RBM12 (10137),RBM12,10137
SCARF2 (91179),SCARF2,91179
APOBEC3C (27350),APOBEC3C,27350
RAD21L1 (642636),RAD21L1,642636
CCDC13 (152206),CCDC13,152206
UBE2V1 (7335),UBE2V1,7335
PTCHD4 (442213),PTCHD4,442213
C4A (720),C4A,720
HBB (3043),HBB,3043
CRYBB2 (1415),CRYBB2,1415
N4BP2L2 (10443),N4BP2L2,10443
ZNF585B (92285),ZNF585B,92285
CEBPA (1050),CEBPA,1050
H2AJ (55766),H2AJ,55766
UBAP1L (390595),UBAP1L,390595
PGAM5 (192111),PGAM5,192111
ZCCHC3 (85364),ZCCHC3,85364
MISFA (100506540),MISFA,100506540
TWF2 (11344),TWF2,11344
MARS2 (92935),MARS2,92935
USP51 (158880),USP51,158880
BCKDHA (593),BCKDHA,593
INSL3 (3640),INSL3,3640
ADH1C (126),ADH1C,126
APELA (100506013),APELA,100506013
CDK11B (984),CDK11B,984
PCP4L1 (654790),PCP4L1,654790
ABHD14A (25864),ABHD14A,25864
DRC12 (283152),DRC12,283152
C4orf54 (285556),C4orf54,285556
SMIM31 (100505989),SMIM31,100505989
FMN1 (342184),FMN1,342184
HAUS5 (23354),HAUS5,23354
TMEM150C (441027),TMEM150C,441027
ZNF324B (388569),ZNF324B,388569
SPMAP2L (100506564),SPMAP2L,100506564
ZNF564 (163050),ZNF564,163050
FER1L5 (90342),FER1L5,90342
HS3ST5 (222537),HS3ST5,222537
PDCD6 (10016),PDCD6,10016
TERB1 (283847),TERB1,283847
TMEM158 (25907),TMEM158,25907
YJEFN3 (374887),YJEFN3,374887
TRMT9B (57604),TRMT9B,57604
ZNF718 (255403),ZNF718,255403
SMIM20 (389203),SMIM20,389203
TUNAR (100507043),TUNAR,100507043
KIAA1210 (57481),KIAA1210,57481
CHCHD10 (400916),CHCHD10,400916
CDK3 (1018),CDK3,1018
GPR162 (27239),GPR162,27239
ATP6V1E2 (90423),ATP6V1E2,90423
GLI4 (2738),GLI4,2738
REELD1 (345051),REELD1,345051
SELENOP (6414),SELENOP,6414
ZNF674 (641339),ZNF674,641339
ZNF345 (25850),ZNF345,25850
ALG1L2 (644974),ALG1L2,644974
SHANK3 (85358),SHANK3,85358
ZNF550 (162972),ZNF550,162972
FOXD1 (2297),FOXD1,2297
PTX4 (390667),PTX4,390667
C8orf88 (100127983),C8orf88,100127983
SHLD3 (112441434),SHLD3,112441434
CCDC71L (168455),CCDC71L,168455
HOXA10 (3206),HOXA10,3206
TMEM200B (399474),TMEM200B,399474
SERPINE3 (647174),SERPINE3,647174
C1orf210 (149466),C1orf210,149466
TUG1 (55000),TUG1,55000
TRNP1 (388610),TRNP1,388610
SMIM18 (100507341),SMIM18,100507341
NACA2 (342538),NACA2,342538
SLC10A5 (347051),SLC10A5,347051
EIF5AL1 (143244),EIF5AL1,143244
PRSS51 (346702),PRSS51,346702
ALG11 (440138),ALG11,440138
ATXN7L3B (552889),ATXN7L3B,552889
PRKDC (5591),PRKDC,5591
CLDN23 (137075),CLDN23,137075
ZNF260 (339324),ZNF260,339324
LYN (4067),LYN,4067
PINX1 (54984),PINX1,54984
NPIPB11 (728888),NPIPB11,728888
PBOV1 (59351),PBOV1,59351
XNDC1N (100133315),XNDC1N,100133315
AP5B1 (91056),AP5B1,91056
CHMP4A (29082),CHMP4A,29082
PABPC4L (132430),PABPC4L,132430
OMP (4975),OMP,4975
CSNK2A3 (283106),CSNK2A3,283106
FPGT (8790),FPGT,8790
MEX3A (92312),MEX3A,92312
MPV17L2 (84769),MPV17L2,84769
BORCS8 (729991),BORCS8,729991
DPP3 (10072),DPP3,10072
KRTAP5-9 (3846),KRTAP5-9,3846
BRK1 (55845),BRK1,55845
CHMP1B (57132),CHMP1B,57132
EID3 (493861),EID3,493861
GLYATL1B (100287520),GLYATL1B,100287520
HTD2 (109703458),HTD2,109703458
SMIM35 (100526771),SMIM35,100526771
EID1 (23741),EID1,23741
NOX5 (79400),NOX5,79400
HCAR3 (8843),HCAR3,8843
EBLN2 (55096),EBLN2,55096
NPIPB8 (728734),NPIPB8,728734
POLR2M (81488),POLR2M,81488
FDXACB1 (91893),FDXACB1,91893
RAB44 (401258),RAB44,401258
TRIL (9865),TRIL,9865
CYP2A6 (1548),CYP2A6,1548
CTSO (1519),CTSO,1519
COA8 (84334),COA8,84334
TRAPPC2B (10597),TRAPPC2B,10597
DNAAF4 (161582),DNAAF4,161582
ZNF432 (9668),ZNF432,9668
ZNF10 (7556),ZNF10,7556
ZNF486 (90649),ZNF486,90649
SMIM3 (85027),SMIM3,85027
HMBS (3145),HMBS,3145
ZNF225 (7768),ZNF225,7768
POLG2 (11232),POLG2,11232
ZNF350 (59348),ZNF350,59348
ZNF253 (56242),ZNF253,56242
C17orf100 (388327),C17orf100,388327
CAPNS2 (84290),CAPNS2,84290
SLC5A8 (160728),SLC5A8,160728
DENND11 (57189),DENND11,57189
LSM14A (26065),LSM14A,26065
GATC (283459),GATC,283459
ZBED6 (100381270),ZBED6,100381270
MGAM (8972),MGAM,8972
FNTB (2342),FNTB,2342
ZNF878 (729747),ZNF878,729747
ZNF625 (90589),ZNF625,90589
GALNT4 (8693),GALNT4,8693
INAFM1 (255783),INAFM1,255783
CNPY2 (10330),CNPY2,10330
MGAM2 (93432),MGAM2,93432
CUX1 (1523),CUX1,1523
MAP1LC3B2 (643246),MAP1LC3B2,643246
CHURC1 (91612),CHURC1,91612
BACC1 (124944),BACC1,124944
RTEL1 (51750),RTEL1,51750
ZNF578 (147660),ZNF578,147660
PDF (64146),PDF,64146
TRIM34 (53840),TRIM34,53840
OR11H7 (390441),OR11H7,390441
MC1R (4157),MC1R,4157
CEP95 (90799),CEP95,90799
TUBB3 (10381),TUBB3,10381
TMEM179 (388021),TMEM179,388021
ERLN (100130933),ERLN,100130933
ITGB3 (3690),ITGB3,3690
SLC35G6 (643664),SLC35G6,643664
INAFM2 (100505573),INAFM2,100505573
CTXND1 (100996492),CTXND1,100996492
THTPA (79178),THTPA,79178
MRPL46 (26589),MRPL46,26589
SLC22A31 (146429),SLC22A31,146429
RBM15B (29890),RBM15B,29890
TGFBR3L (100507588),TGFBR3L,100507588
HOXB7 (3217),HOXB7,3217
SPDYE6 (729597),SPDYE6,729597
CCDC187 (399693),CCDC187,399693
FRRS1L (23732),FRRS1L,23732
MRC1 (4360),MRC1,4360
HSPB9 (94086),HSPB9,94086
SCX (642658),SCX,642658
C16orf95 (100506581),C16orf95,100506581
KCNJ18 (100134444),KCNJ18,100134444
ANKRD20A1 (84210),ANKRD20A1,84210
XKR7 (343702),XKR7,343702
CCPG1 (9236),CCPG1,9236
SULT1A3 (6818),SULT1A3,6818
TMEM178B (100507421),TMEM178B,100507421
EPPK1 (83481),EPPK1,83481
CLEC19A (728276),CLEC19A,728276
ZNF865 (100507290),ZNF865,100507290
BOP1 (23246),BOP1,23246
FIGNL2 (401720),FIGNL2,401720
PECAM1 (5175),PECAM1,5175
TUBB8 (347688),TUBB8,347688
TMEM249 (340393),TMEM249,340393
GAN (8139),GAN,8139
PIERCE2 (145788),PIERCE2,145788
SCRT1 (83482),SCRT1,83482
TCF24 (100129654),TCF24,100129654
GOLGA8H (728498),GOLGA8H,728498
GREP1 (283875),GREP1,283875
C17orf114 (119139905),C17orf114,119139905
MYMX (101929726),MYMX,101929726
CCER2 (643669),CCER2,643669
SPON1 (10418),SPON1,10418
MRPL12 (6182),MRPL12,6182
CCNQ (92002),CCNQ,92002
GTF2I (2969),GTF2I,2969
ZNF234 (10780),ZNF234,10780
MYZAP (100820829),MYZAP,100820829
TMEM238L (100289255),TMEM238L,100289255
SRSF8 (10929),SRSF8,10929
FAM72C (554282),FAM72C,554282
IKBKE (9641),IKBKE,9641
MSMB (4477),MSMB,4477
LASP1NB (100505576),LASP1NB,100505576
NBPF11 (200030),NBPF11,200030
AKR1C8 (340811),AKR1C8,340811
ANXA8L1 (728113),ANXA8L1,728113
NOTCH2NLA (388677),NOTCH2NLA,388677
DYNLL2 (140735),DYNLL2,140735
OTUD7B (56957),OTUD7B,56957
GJA5 (2702),GJA5,2702
ANXA8 (653145),ANXA8,653145
RBP3 (5949),RBP3,5949
RBM8A (9939),RBM8A,9939
TIMM23 (100287932),TIMM23,100287932
RNF115 (27246),RNF115,27246
RPL17 (6139),RPL17,6139
ZNF488 (118738),ZNF488,118738
SEC22B (9554),SEC22B,9554
FSBP (100861412),FSBP,100861412
TXNIP (10628),TXNIP,10628
SRGAP2 (23380),SRGAP2,23380
BAHCC1 (57597),BAHCC1,57597
RASSF5 (83593),RASSF5,83593
STRADA (92335),STRADA,92335
KLF14 (136259),KLF14,136259
NBPF15 (284565),NBPF15,284565
NCOA4 (8031),NCOA4,8031
MRPS21 (54460),MRPS21,54460
MYO15B (80022),MYO15B,80022
AARSD1 (80755),AARSD1,80755
ZNF850 (342892),ZNF850,342892
PTGES3L (100885848),PTGES3L,100885848
C17orf113 (110806298),C17orf113,110806298
ZNF285 (26974),ZNF285,26974
S1PR2 (9294),S1PR2,9294
ZNF224 (7767),ZNF224,7767
EDDM13 (100506374),EDDM13,100506374
SMIM22 (440335),SMIM22,440335
LIN37 (55957),LIN37,55957
NDUFA7 (4701),NDUFA7,4701
CCDC177 (56936),CCDC177,56936
ERFL (390937),ERFL,390937
NBPF12 (149013),NBPF12,149013
GABRQ (55879),GABRQ,55879
SLC6A14 (11254),SLC6A14,11254
SMIM17 (147670),SMIM17,147670
ARL14EPL (644100),ARL14EPL,644100
FAM156A (29057),FAM156A,29057
MAGEA2 (4101),MAGEA2,4101
SAXO3 (101059948),SAXO3,101059948
CSAG2 (102723547),CSAG2,102723547
CSAG3 (389903),CSAG3,389903
ERVV-2 (100271846),ERVV-2,100271846
TRABD2B (388630),TRABD2B,388630
FBXO17 (115290),FBXO17,115290
TMSB15C (122394733),TMSB15C,122394733
MAGIX (79917),MAGIX,79917
IKBKG (8517),IKBKG,8517
ZNF587B (100293516),ZNF587B,100293516
SPIB (6689),SPIB,6689
ERVV-1 (147664),ERVV-1,147664
TMEM185A (84548),TMEM185A,84548
ZIM2 (23619),ZIM2,23619
NBPF9 (400818),NBPF9,400818
CCDC194 (110806280),CCDC194,110806280
SLC25A53 (401612),SLC25A53,401612
RNF225 (646862),RNF225,646862
EGLN2 (112398),EGLN2,112398
MEI4 (101928601),MEI4,101928601
NCBP2AS2 (152217),NCBP2AS2,152217
NBPF8 (728841),NBPF8,728841
H4C15 (554313),H4C15,554313
NBPF14 (25832),NBPF14,25832
TAF15 (8148),TAF15,8148
H4C14 (8370),H4C14,8370
RASL10B (91608),RASL10B,91608
CTAGE15 (441294),CTAGE15,441294
SRXN1 (140809),SRXN1,140809
NBPF19 (101060226),NBPF19,101060226
NBPF10 (100132406),NBPF10,100132406
MMP28 (79148),MMP28,79148
CCL5 (6352),CCL5,6352
LIX1L (128077),LIX1L,128077
MILR1 (284021),MILR1,284021
SMIM32 (389332),SMIM32,389332
ANKRD34A (284615),ANKRD34A,284615
GTF2H5 (404672),GTF2H5,404672
NUDT3 (11165),NUDT3,11165
KMT2B (9757),KMT2B,9757
POM121C (100101267),POM121C,100101267
CD24 (100133941),CD24,100133941
CFAP206 (154313),CFAP206,154313
ZNF595 (152687),ZNF595,152687
DOC2B (8447),DOC2B,8447
DCP1A (55802),DCP1A,55802
SPMIP1 (100130705),SPMIP1,100130705
C2orf15 (150590),C2orf15,150590
GRIN2B (2904),GRIN2B,2904
NBPF26 (101060684),NBPF26,101060684
SNURF (8926),SNURF,8926
H3-7 (440686),H3-7,440686
ZBTB8B (728116),ZBTB8B,728116
H4C12 (8362),H4C12,8362
CWC25 (54883),CWC25,54883
ZNHIT3 (9326),ZNHIT3,9326
H2BC14 (8342),H2BC14,8342
LHX1 (3975),LHX1,3975
CYFIP1 (23191),CYFIP1,23191
H2BC8 (8339),H2BC8,8339
USP27X (389856),USP27X,389856
TAF9 (6880),TAF9,6880
NOL12 (79159),NOL12,79159
H3C8 (8355),H3C8,8355
CASTOR2 (729438),CASTOR2,729438
NATD1 (256302),NATD1,256302
SOCS7 (30837),SOCS7,30837
ADRA2B (151),ADRA2B,151
H2BC6 (8344),H2BC6,8344
ZNF658 (26149),ZNF658,26149
TMEM269 (100129924),TMEM269,100129924
TBC1D3D (101060389),TBC1D3D,101060389
TBC1D3L (101060376),TBC1D3L,101060376
RCC1L (81554),RCC1L,81554
SPDYE10 (643862),SPDYE10,643862
H2BC17 (8348),H2BC17,8348
H3C6 (8353),H3C6,8353
H2AC12 (85235),H2AC12,85235
ZNF280B (140883),ZNF280B,140883
MLLT6 (4302),MLLT6,4302
PPP4R3B (57223),PPP4R3B,57223
SYNRG (11276),SYNRG,11276
NUDT18 (79873),NUDT18,79873
ZNF2 (7549),ZNF2,7549
PRAG1 (157285),PRAG1,157285
FCGBP (8857),FCGBP,8857
XKR5 (389610),XKR5,389610
AATF (26574),AATF,26574
H2BC9 (8345),H2BC9,8345
H3C1 (8350),H3C1,8350
RIMBP3 (85376),RIMBP3,85376
ARHGAP23 (57636),ARHGAP23,57636
TUBGCP5 (114791),TUBGCP5,114791
TBC1D3F (84218),TBC1D3F,84218
DUSP14 (11072),DUSP14,11072
UHRF1 (29128),UHRF1,29128
ORAI1 (84876),ORAI1,84876
H4C9 (8294),H4C9,8294
TADA2A (6871),TADA2A,6871
PIP4K2B (8396),PIP4K2B,8396
H2AC14 (8331),H2AC14,8331
RAB7B (338382),RAB7B,338382
DACH1 (1602),DACH1,1602
H2AC16 (8332),H2AC16,8332
H4C5 (8367),H4C5,8367
H2AC8 (3012),H2AC8,3012
TYW1B (441250),TYW1B,441250
F8A3 (474384),F8A3,474384
H4C4 (8360),H4C4,8360
CCDC92B (101928991),CCDC92B,101928991
H2BC7 (8343),H2BC7,8343
PCGF2 (7703),PCGF2,7703
SRCIN1 (80725),SRCIN1,80725
MARCKS (4082),MARCKS,4082
ZNF670 (93474),ZNF670,93474
PKD1L3 (342372),PKD1L3,342372
NEFL (4747),NEFL,4747
CHD9NB (105371267),CHD9NB,105371267
SYT15B (102724488),SYT15B,102724488
H3C7 (8968),H3C7,8968
PSMB3 (5691),PSMB3,5691
CISD3 (284106),CISD3,284106
RDM1 (201299),RDM1,201299
DDX52 (11056),DDX52,11056
ZNF8 (7554),ZNF8,7554
MYO19 (80179),MYO19,80179
GGNBP2 (79893),GGNBP2,79893
ZNF229 (7772),ZNF229,7772
H2AC4 (8335),H2AC4,8335
DHRS11 (79154),DHRS11,79154
ACACA (31),ACACA,31
TMEM191B (728229),TMEM191B,728229
NR2E3 (10002),NR2E3,10002
H2BC10 (8346),H2BC10,8346
TBC1D3E (102723859),TBC1D3E,102723859
MRM1 (79922),MRM1,79922
H4C1 (8359),H4C1,8359
GOLGA6L10 (647042),GOLGA6L10,647042
H4C2 (8366),H4C2,8366
H3C10 (8357),H3C10,8357
MRPL45 (84311),MRPL45,84311
TSTD3 (100130890),TSTD3,100130890
CCDC163 (126661),CCDC163,126661
PAGR1 (79447),PAGR1,79447
TMEM272 (283521),TMEM272,283521
BLACAT1 (101669762),BLACAT1,101669762
DUXB (100033411),DUXB,100033411
TEX13C (100129520),TEX13C,100129520
C13orf46 (100507747),C13orf46,100507747
CCDC201 (114515518),CCDC201,114515518
FAM237B (107986818),FAM237B,107986818
TEX52 (101929469),TEX52,101929469
CNTNAP3C (100289279),CNTNAP3C,100289279
PRRT1B (642515),PRRT1B,642515
EXOC3L2 (90332),EXOC3L2,90332
MSANTD7 (100421372),MSANTD7,100421372
SCO2 (9997),SCO2,9997
C2orf81 (388963),C2orf81,388963
PERCC1 (105371045),PERCC1,105371045
SMIM38 (107984345),SMIM38,107984345
EEF1AKMT4 (110599564),EEF1AKMT4,110599564
TBCE (6905),TBCE,6905
CCDC39 (339829),CCDC39,339829
ARHGAP11B (89839),ARHGAP11B,89839
H2BK1 (114483833),H2BK1,114483833
NOTCH2NLC (100996717),NOTCH2NLC,100996717
H3C2 (8358),H3C2,8358
H3C3 (8352),H3C3,8352
NPBWR1 (2831),NPBWR1,2831
ACTL10 (170487),ACTL10,170487
PANO1 (101927423),PANO1,101927423
PRRC2B (84726),PRRC2B,84726
F8A1 (8263),F8A1,8263
