"gene","baseMean","log2FoldChange","lfcSE","stat","pvalue","padj"
"FGF2 (2247)",4602.08278993532,-9.40520665785125,0.888238085974035,-10.5886099755986,3.36552202739176e-26,4.99914641948773e-22
"ERBB2 (2064)",175217.617308122,6.55512829179164,0.709802520462587,9.23514372352408,2.57939494690158e-20,1.91571662706381e-16
"TMEM63C (57156)",1366.32885721885,6.35714277005534,0.694353794401472,9.15548070927611,5.41163285745096e-20,2.67947981548588e-16
"BCAS1 (8537)",15314.0446390647,9.32050714549427,1.02623236609493,9.08225802793686,1.06345307429797e-19,3.94913299140552e-16
"CRACR2A (84766)",1672.06155974739,7.62947790754157,0.854915644723599,8.92424645007899,4.48743696674308e-19,1.33312777408003e-15
"TFF1 (7031)",8563.0650904857,11.1587866424298,1.27037603185784,8.78384538325302,1.57978813487272e-18,3.91102882589991e-15
"ZEB1 (6935)",1355.58009596076,-6.93076081764119,0.831533948945434,-8.33491022998027,7.75570138532122e-17,1.64575983396516e-13
"ZIC1 (7545)",366.70737000154,-8.22526122165746,1.00460543642093,-8.18755396244048,2.66588711975305e-16,4.94988590960147e-13
"IGDCC3 (9543)",160.037141904398,6.32283368937901,0.776333208096751,8.14448438303959,3.80901515102103e-16,6.28656789480737e-13
"C5AR2 (27202)",602.006330757247,8.77808188776054,1.08877343059942,8.06235865154043,7.48362547123321e-16,1.11161772749698e-12
"TFF3 (7033)",12915.0812099657,10.8059270439963,1.34750527853475,8.01920943548843,1.0642790872757e-15,1.43716377839938e-12
"IL7R (3575)",1416.08413894351,-7.38443782458925,0.931164482879076,-7.93032590950768,2.18571513842025e-15,2.70555105550787e-12
"LAMA4 (3910)",1418.97011214104,-6.73283556397997,0.851443520233133,-7.9075539410253,2.62495408156329e-15,2.99931291750316e-12
"KIF12 (113220)",444.84347410327,6.46709502441893,0.825742367861662,7.8318556442321,4.80721304855893e-15,4.97310937324558e-12
"ANPEP (290)",14709.0351989956,-9.02875127095853,1.15363356283209,-7.82635974008379,5.02199007665838e-15,4.97310937324558e-12
"P2RX2 (22953)",267.36011908571,7.02066209054238,0.904684461138961,7.76034340382463,8.4699727853306e-15,7.86331098458129e-12
"DHRS2 (10202)",15045.6333623912,7.15011682351121,0.931760637774576,7.67376999374926,1.67013446272884e-14,1.45930454761024e-11
"COL5A2 (1290)",13606.2775513891,-6.42838055647337,0.8415804402951,-7.63846240796572,2.19831117274944e-14,1.81409523111223e-11
"PGAP3 (93210)",18289.4254015276,5.81499349836915,0.772304194320909,7.52940815436372,5.09708237405381e-14,3.98484534653659e-11
"ZEB2 (9839)",1302.97771145676,-6.90805116241537,0.923198904606502,-7.48273327442888,7.27925254884134e-14,5.40630086802447e-11
"CCDC88A (55704)",2503.64708975752,-4.98498222269519,0.671812719686286,-7.42019624907223,1.16946919334817e-13,8.27204542761608e-11
"VIM (7431)",16944.9084482978,-6.60650814609939,0.895867573449228,-7.37442490597501,1.65055980867696e-13,1.11442797264034e-10
"LARGE1 (9215)",1752.77337924564,5.39031634052397,0.743935030164259,7.24568157428183,4.30269917340814e-13,2.77879537051324e-10
"FST (10468)",620.824506797904,-6.45934459123493,0.897691847000864,-7.19550323734723,6.2230810072793e-13,3.85156855342194e-10
"CLEC3A (10143)",5828.68158374092,12.0922254675354,1.68380425019658,7.18149123695561,6.89551048375353e-13,4.097036509027e-10
"AKR1B1 (231)",15161.1872617648,-6.67544280412653,0.932902375576782,-7.15556416071867,8.33295024827452e-13,4.76067857645653e-10
"ABCC11 (85320)",1623.31765003537,7.05382802458392,0.996074019742762,7.08163036558827,1.42468253152468e-12,7.83786456417321e-10
"CAPS (828)",2697.71296457442,5.76905788805863,0.817774170531091,7.05458560070686,1.73115855430348e-12,9.18379613057995e-10
"TOX3 (27324)",683.609923991955,8.00958165686867,1.13712733506693,7.04369810650737,1.87203519356061e-12,9.58869336729284e-10
"FREM2 (341640)",2268.4414165122,5.99478902101795,0.857845484488522,6.98819208052631,2.78451001970372e-12,1.37870372775597e-09
"PLA2G4F (255189)",678.200157159524,8.24368382096171,1.18257857146097,6.97093962287629,3.14831076069186e-12,1.50854864642958e-09
"SIM1 (6492)",749.033738678838,-8.8825083329842,1.28979775826581,-6.88674505445501,5.70833885756433e-12,2.64973954344564e-09
"UPK1A (11045)",205.957712620169,5.48960200047218,0.80470077433737,6.82191713434424,8.98334837453678e-12,4.04359565925362e-09
"ITGA4 (3676)",706.649398835183,-6.20397026042543,0.924557772074915,-6.71020291842048,1.94353951751084e-11,8.49098117444293e-09
"MISP (126353)",3766.80453807853,4.78551080596068,0.731120494841282,6.54544748742075,5.93174990846485e-11,2.51743466115248e-08
"NID1 (4811)",1378.89186885673,-6.81090441230465,1.0528094714337,-6.4692658995836,9.84801700048696e-11,4.06340123681204e-08
"SLC6A15 (55117)",1979.00900910823,-8.94493341222266,1.38695542895216,-6.44933011220159,1.12345616069567e-10,4.39153100288775e-08
"CXCL3 (2921)",534.526583409712,-7.12715958983618,1.10492934594491,-6.45033061705969,1.11606407346372e-10,4.39153100288775e-08
"RIPOR3 (140876)",2065.1066897153,6.55687597460109,1.01820541562324,6.43963965816037,1.19757477623861e-10,4.44719393156208e-08
"SRARP (149563)",658.168197812314,10.0348142526346,1.55816814250354,6.44013568170601,1.19366745705059e-10,4.44719393156208e-08
"CCDC170 (80129)",252.755689666413,6.58414487023287,1.03312893981674,6.3730136834622,1.8534934063024e-10,6.71507098956485e-08
"FOXE1 (2304)",273.363753640031,-8.27455256649315,1.30340971144151,-6.34838953082672,2.1758059017061e-10,7.69510020570057e-08
"AGR3 (155465)",766.283929629485,11.1436304834367,1.75829992454914,6.33773017211165,2.33174716732542e-10,8.05483079615159e-08
"CXCL1 (2919)",6292.17469512233,-8.71766178494749,1.38033939458613,-6.31559297600234,2.69127523706016e-10,9.08550053892991e-08
"TMEM86A (144110)",1068.69895744338,4.90014183205571,0.780130577899268,6.28118160071457,3.36009368125548e-10,1.08501807698628e-07
"ZIC4 (84107)",166.613571659463,-9.12199303110837,1.45193214539064,-6.28265794656274,3.32832836336257e-10,1.08501807698628e-07
"STARD3 (10948)",26103.5053370244,4.08266359743689,0.651744233428519,6.2642113087214,3.74717064780471e-10,1.18426537877641e-07
"SCG2 (7857)",15755.0893592801,-8.20689773224642,1.31175027951441,-6.25644824355174,3.9384372496126e-10,1.21878222720303e-07
"KLF14 (136259)",29.1212376687821,-4.9182826782149,0.786884409641051,-6.25032421274994,4.09601515439285e-10,1.24167773680309e-07
"FMOD (2331)",981.01295781258,7.74604938963373,1.24612916938213,6.21608865273128,5.09700139751494e-10,1.51421717517374e-07
"ARHGEF26 (26084)",472.870684396514,2.044200875574,0.329264635843414,6.20838272029355,5.35326508723288e-10,1.52918076164918e-07
"MUC2 (4583)",2149.01206862853,9.90049152487749,1.59398272220878,6.21116614812387,5.25928286480938e-10,1.52918076164918e-07
"TNFRSF10D (8793)",429.553649610987,-5.84361352041592,0.942525182928485,-6.19995478769007,5.64793832372674e-10,1.58291463887994e-07
"KLHDC7A (127707)",570.604125906728,7.3878550109469,1.19939957444901,6.1596278407392,7.29160972672878e-10,2.00573279408943e-07
"SRMS (6725)",2165.04270145693,6.43502031913935,1.04662169395644,6.14837276572556,7.82818854208252e-10,2.11418022916534e-07
"ZNF385A (25946)",2409.53913785843,3.72414135434003,0.607556017815224,6.12970861144965,8.80401672927604e-10,2.31183834404014e-07
"TRABD2A (129293)",2493.72930619488,-7.19111522681414,1.17338977488176,-6.1284965837876,8.87133335197844e-10,2.31183834404014e-07
"VSIG2 (23584)",233.992976438843,5.91434219748757,0.966181927288229,6.12135461288049,9.27831543587027e-10,2.37620857731754e-07
"TCAP (8557)",258.994701520769,4.33204301370339,0.711589828779877,6.08783717599125,1.1444617290984e-09,2.88132788542841e-07
"STC1 (6781)",3229.71170948562,-5.69002600775271,0.937214542123477,-6.07120968787001,1.26950293841193e-09,3.14286610786179e-07
"EID3 (493861)",122.734351137253,-4.41490106672792,0.728044945483389,-6.06405015805258,1.32735730016237e-09,3.23222382567407e-07
"IGFN1 (91156)",5682.88258658434,-7.5481198678591,1.245686592237,-6.05940524277799,1.36625785027536e-09,3.27328937225649e-07
"EYA4 (2070)",939.532890212724,-7.59640078791166,1.26154311344383,-6.02151500567791,1.72791999818072e-09,4.07405137348832e-07
"PLEKHG6 (55200)",1410.81082450417,3.90180868969737,0.649745393853621,6.00513482143499,1.911729810088e-09,4.3687437844688e-07
"CD109 (135228)",4612.16075466381,-4.09828891341237,0.682283822814878,-6.00672150851266,1.89312277303424e-09,4.3687437844688e-07
"IRX4 (50805)",529.554015336114,8.19796914416006,1.36824900334884,5.99157691625954,2.07815994360537e-09,4.60731161228569e-07
"BTG2 (7832)",1797.70728215612,3.38443734170562,0.564771695717932,5.99257605748701,2.06542784209269e-09,4.60731161228569e-07
"PTGER3 (5733)",234.249280994326,4.47993830662283,0.748086479144773,5.98852997817095,2.11746114183798e-09,4.62540702953843e-07
"F7 (2155)",396.218139603613,8.18353679833019,1.36893437618502,5.97803440449516,2.25846044208177e-09,4.79245305809751e-07
"STARD10 (10809)",15845.3360777055,4.4690680208025,0.747492628710936,5.97874527339418,2.24862851036875e-09,4.79245305809751e-07
"MRC2 (9902)",2043.8628077338,-5.1074965817976,0.855772025462288,-5.96829112173716,2.39751314974446e-09,4.94620282309781e-07
"CCL2 (6347)",267.862805420762,-6.82297733251424,1.14309253389607,-5.96887577356411,2.38893908417943e-09,4.94620282309781e-07
"NKX2-5 (1482)",384.762926132573,-7.31201406229492,1.23508315402008,-5.92026054156351,3.21431990875618e-09,6.54048053762524e-07
"PTN (5764)",361.629546508736,-7.12109142689655,1.20450341506382,-5.91205582137702,3.37863989429765e-09,6.7819347283645e-07
"BPIFB2 (80341)",111.450826633054,8.1969223134243,1.38913131213442,5.90075412009081,3.61843821701638e-09,7.16643750340818e-07
"CRIP1 (1396)",102.13025189026,4.88156364915225,0.828938095078098,5.88893631278019,3.88689187240062e-09,7.59682787797879e-07
"SYT11 (23208)",752.628360513633,-6.23959191221411,1.06135664190702,-5.87888337044083,4.13043253028117e-09,7.85424416750723e-07
"HMGA2 (8091)",1575.00836234344,-5.64759023156081,0.960961867090582,-5.8770180430359,4.17722693707467e-09,7.85424416750723e-07
"FLRT2 (23768)",540.078721718823,-6.07083966522759,1.03263870827526,-5.87895806788732,4.12856930182904e-09,7.85424416750723e-07
"GRM4 (2914)",309.801474079907,5.91938073285711,1.00792840223288,5.87281866424618,4.28447053749823e-09,7.95519067049984e-07
"ITIH6 (347365)",173.297238654052,6.77703779796959,1.1548311646021,5.86842302641239,4.39959565532233e-09,8.06809800792072e-07
"HES7 (84667)",176.779672255035,-4.85662643056105,0.82810166719703,-5.86477074366947,4.49753672154126e-09,8.14712322704559e-07
"CXCL8 (3576)",3392.37513336816,-6.61590831524217,1.1314228648987,-5.84742320532341,4.99246192317669e-09,8.9347023381767e-07
"COL3A1 (1281)",4347.67352474656,-6.98020547269143,1.19616564796402,-5.8354839771334,5.36346510493251e-09,9.48439412722232e-07
"ABI3BP (25890)",4880.64888824063,-7.91346104045978,1.35994331925478,-5.81896387034439,5.92135304449747e-09,1.03477386027018e-06
"NEXN (91624)",507.900370246205,-5.6241285955967,0.968256387818494,-5.80851173961062,6.30306107729417e-09,1.08867057258288e-06
"SCGB2A2 (4250)",3079.3913354085,8.16816243753161,1.41118753988722,5.78814807150607,7.11666651527196e-09,1.21010677233611e-06
"HMGCS2 (3158)",997.719249220405,8.26881093859975,1.42888059803942,5.78691526076111,7.16907203215146e-09,1.21010677233611e-06
"SYDE1 (85360)",2209.16083198804,-3.75333237158744,0.651743971579948,-5.75890615833188,8.46607492995286e-09,1.41297839336539e-06
"RASD1 (51655)",2680.33775708122,7.00097582518306,1.21615223869774,5.75666072257508,8.57940967313217e-09,1.41598390316339e-06
"TPM2 (7169)",11991.4079400593,-5.69380504751282,0.990883950429674,-5.74618757831715,9.12780449231241e-09,1.48993854866823e-06
"SCGB1D2 (10647)",205.80709065863,8.53611038559676,1.48860456585683,5.73430350906081,9.79138608980887e-09,1.56411867844704e-06
"LRCH2 (57631)",179.343381920309,-7.27978397852713,1.26952056205184,-5.73427811737159,9.79285290800959e-09,1.56411867844704e-06
"FEM1B (10116)",4212.09811183238,1.11206950066502,0.194523931190076,5.71687757830873,1.08499224169934e-08,1.71451859129808e-06
"MIEN1 (84299)",6857.56922580528,4.04802657071463,0.708723429672473,5.71171546083268,1.11842977558259e-08,1.74875325121093e-06
"SRGAP2C (653464)",759.33479964574,-1.82569709159521,0.32035358662234,-5.69900624757948,1.2050780992742e-08,1.86460730068948e-06
"EPHA5 (2044)",149.243395522312,-6.41969029877134,1.12702683895021,-5.69612903340536,1.22558136669825e-08,1.87678202277689e-06
"IYD (389434)",650.09918465266,8.92109716546402,1.57018563160766,5.68155572556729,1.33475010316813e-08,2.02309979923055e-06
"FGFR3 (2261)",2149.93823362316,3.7835251398293,0.66658543681744,5.67597929815785,1.37897456072247e-08,2.06901900252238e-06
"PLPP3 (8613)",2450.0397995152,-3.45743206938043,0.609986667407097,-5.66804531003459,1.44435775023971e-08,2.14544900220607e-06
"LRFN2 (57497)",79.2053010169228,8.61254118657248,1.52054339408815,5.66412061639142,1.47780433149055e-08,2.17339658811491e-06
"PAX8 (7849)",456.237694311615,-4.69965535305112,0.831334940899388,-5.65314306164823,1.57540074115397e-08,2.28998830841369e-06
"PRRT1B (642515)",275.362432448212,7.86913738933219,1.39232814944354,5.65178359173243,1.58791433800061e-08,2.28998830841369e-06
"DPP4 (1803)",1270.47767512784,-7.25818903790818,1.28528133538171,-5.64715976035909,1.63120233911766e-08,2.32979611012056e-06
"MS4A7 (58475)",246.071235274736,9.49670412283747,1.68449277332939,5.6377232797902,1.72313108162827e-08,2.43765610347679e-06
"ISL1 (3670)",124.250743225089,-7.25297855723157,1.28995930069526,-5.62264139133876,1.88059531494188e-08,2.61068811291091e-06
"VAPB (9217)",11507.679331633,1.88968461812031,0.336073568477296,5.62283022340083,1.87854003258665e-08,2.61068811291091e-06
"RNF208 (727800)",335.258664894318,2.4852453512695,0.443500593692692,5.60370242253061,2.09820814990489e-08,2.88581332024882e-06
"SPRY2 (10253)",5075.13447362988,-5.27111464231531,0.941234580701285,-5.60021353910304,2.14087916733855e-08,2.91748799556393e-06
"ATG9B (285973)",76.5716349267508,3.72111748681549,0.665432808448015,5.59202588086125,2.24435355240317e-08,3.03069342430878e-06
"ACSM1 (116285)",24.390775203655,4.869568863514,0.871262214820812,5.58909680768779,2.28253685000482e-08,3.05448669999744e-06
"SPRING1 (79794)",3638.70457874024,0.803787926852073,0.144076986233604,5.57887798644555,2.42074962136234e-08,3.16576688750279e-06
"CAPN9 (10753)",377.423501814625,6.9738523355771,1.25052916272599,5.57672107412116,2.45094380007285e-08,3.16576688750279e-06
"ADAMTS19 (171019)",113.739366407238,6.3373597089698,1.13599913065808,5.57866598480457,2.42370131685947e-08,3.16576688750279e-06
"EDIL3 (10085)",1237.10842590991,-6.52616629683169,1.17012888156187,-5.57730554271993,2.4427260301291e-08,3.16576688750279e-06
"ADAMTS5 (11096)",52.3370922216479,-5.4677263012555,0.981029484235874,-5.57345766780325,2.49732357714736e-08,3.19786589784026e-06
"TRPM4 (54795)",4548.97117134359,2.32166598477957,0.416706881444031,5.57146063135365,2.52612452231062e-08,3.20709860294033e-06
"CCBE1 (147372)",874.15866705576,-7.20979727951277,1.29633906423929,-5.56166012303545,2.67220335613788e-08,3.36380581797221e-06
"ORMDL3 (94103)",16782.7750465444,3.81043219382866,0.685517405267095,5.55847621745508,2.72140030521323e-08,3.39694791038969e-06
"RBMS3 (27303)",125.804830256671,-5.38668173012761,0.971107967534604,-5.54694422269341,2.90705428588356e-08,3.5984486968762e-06
"HGD (3081)",455.531842407054,6.3177682715392,1.14362046805122,5.52435746651592,3.30693568702183e-08,4.0596051814068e-06
"COL16A1 (1307)",1986.04159624668,-6.09125774936051,1.1045917326717,-5.51448790461925,3.49796961524356e-08,4.25892136596949e-06
"SYNPO2L (79933)",109.616590006764,5.90197789555254,1.07104028563602,5.51050971163771,3.5779606774962e-08,4.32089657752265e-06
"PROS1 (5627)",1103.12753339892,-5.49633373017912,0.998225074221439,-5.50610666083094,3.66856312448119e-08,4.39458360089061e-06
"FNDC1 (84624)",164.863021897071,-7.55044751409292,1.37225365867983,-5.50222436379348,3.75029268826702e-08,4.45654780732146e-06
"DDX43 (55510)",187.537208414426,-8.16603535426643,1.48515797469067,-5.49842878227633,3.83190240869591e-08,4.51738717291818e-06
"RET (5979)",1262.77201144443,5.47372510304806,0.99716718644104,5.48927519625286,4.03586409159755e-08,4.72037206429843e-06
"GLIPR1 (11010)",3500.92612131066,-5.81580443659261,1.06110964302956,-5.48087040278704,4.2323843232032e-08,4.8872220453925e-06
"MSC (9242)",321.385506335474,-8.87022172082946,1.61854369607915,-5.48037210383455,4.24432236337439e-08,4.8872220453925e-06
"TMEM158 (25907)",1311.2762234198,-5.74689980092982,1.04991714494982,-5.47366983058884,4.40810023802697e-08,5.03676314889636e-06
"POSTN (10631)",2234.34409627787,-6.77341339783739,1.23821379554132,-5.47031007264475,4.49248905728395e-08,5.09400247762563e-06
"PGCKA1 (55286)",774.493957589462,5.0499342441476,0.925773034427253,5.45482970053436,4.90198023568686e-08,5.4747379263829e-06
"ULK1 (8408)",4611.72425796574,1.70785132865408,0.31306838378686,5.45520217658516,4.89171556903001e-08,5.4747379263829e-06
"XG (7499)",170.421736295234,6.54642229665754,1.20151660584204,5.44846593449261,5.08061195233352e-08,5.63189626417628e-06
"MUC19 (283463)",978.610434093577,7.96830119292428,1.46470663729895,5.44020282970693,5.32199445861888e-08,5.85577079172776e-06
"GRB7 (2886)",17792.5805971385,6.56261895799853,1.2067328430999,5.43833624445013,5.37804073359446e-08,5.87392772476559e-06
"ZNF541 (84215)",54.4341421162516,5.36295874242386,0.988517447521513,5.42525451206782,5.78720180589828e-08,6.27467851276008e-06
"CEND1 (51286)",285.616047309776,-5.35854614232333,0.990248294612017,-5.41131569877919,6.25633629165961e-08,6.73417530987768e-06
"CACNA2D1 (781)",472.266769455488,-4.72488941591361,0.874256038624985,-5.40446872216615,6.50007643433866e-08,6.89658109683332e-06
"CNTNAP3B (728577)",134.942021978639,-5.74245958991332,1.06250540354026,-5.404640363032,6.49385541639613e-08,6.89658109683332e-06
"CST4 (1472)",262.138275236597,9.3426856138135,1.73142060876569,5.39596535152355,6.81560993078994e-08,7.18007588028041e-06
"NID2 (22795)",1289.78366283952,-6.24075301106936,1.15842419114146,-5.38727787177857,7.1532798125426e-08,7.48273368559913e-06
"LY6K (54742)",576.393046037379,-6.52461282427138,1.21430962577878,-5.3731047549647,7.7392336381209e-08,8.03906129095439e-06
"KCNK2 (3776)",213.224990216598,-5.01480324072237,0.933794544315809,-5.37034968907075,7.85841100809643e-08,8.10616924404613e-06
"ABAT (18)",1390.37551117111,3.76561121937533,0.703389313314237,5.35352350127767,8.62578261056282e-08,8.83637068257242e-06
"UBXN10 (127733)",252.359632291992,7.16264875490274,1.33979155346673,5.34609188748004,8.98735953182072e-08,9.14371496477157e-06
"LIX1L (128077)",1256.12835796363,-4.4591101829246,0.835466458324524,-5.33727014231914,9.43564056977498e-08,9.53449013764881e-06
"SLC35A2 (7355)",4220.68707516497,1.11335663525454,0.208985054047241,5.32744621537802,9.96032592932658e-08,9.95383893288029e-06
"AK5 (26289)",749.695935481902,-6.03019724032374,1.13226402176268,-5.32578720547535,1.00516752385354e-07,9.95383893288029e-06
"C1S (716)",7513.22733943609,-6.60575435601428,1.24031613155333,-5.32586345365149,1.00474590990552e-07,9.95383893288029e-06
"PTPRN2 (5799)",2621.84505873778,6.99491653095308,1.31372751468587,5.32448049748401,1.01241963027243e-07,9.95925906494485e-06
"SERPINB8 (5271)",1490.81809554348,-4.47919861620378,0.841447039941632,-5.32320919034249,1.01952385610801e-07,9.96316273593974e-06
"HPN (3249)",253.793620755883,7.6356962603333,1.43549756051556,5.31919835349001,1.04225458550542e-07,1.01187252373187e-05
"IL6 (3569)",332.131018720871,-6.17482656914288,1.16171502239934,-5.31526790140817,1.06500520192611e-07,1.02724592658509e-05
"CCL20 (6364)",239.826783517595,-5.74345583376705,1.08092246922943,-5.31347621801357,1.07553478119057e-07,1.03070926708418e-05
"NTNG1 (22854)",45.7994623092207,-3.38615554288491,0.637504980463586,-5.31157504122169,1.08681800691971e-07,1.03484581248624e-05
"DNAJA4 (55466)",1925.47862455023,4.30122008278933,0.810516522075332,5.30676422459105,1.11588363375518e-07,1.05575385323564e-05
"AGR2 (10551)",13482.9449687943,6.80123952558375,1.28195620664554,5.30536026919388,1.12450679525898e-07,1.05717873017575e-05
"RGS4 (5999)",674.402854056986,-6.6362095841869,1.25231719246878,-5.2991443574327,1.16346621437647e-07,1.08234338003196e-05
"ZBTB46 (140685)",579.638513750155,2.50109289707684,0.472013770604695,5.29877103770235,1.16584718463117e-07,1.08234338003196e-05
"DNER (92737)",3273.6655362013,-6.44317869861502,1.21787925911537,-5.29049053950975,1.21988732280069e-07,1.12547865173177e-05
"KIAA0513 (9764)",2366.66099293598,2.53207066194519,0.478853086064046,5.28778185968823,1.23808498328892e-07,1.13521693467738e-05
"TMEM178A (130733)",114.603573480258,3.9685088890702,0.750977934231016,5.2844547198765,1.26079727943622e-07,1.14894986434022e-05
"CACNA1A (773)",476.666296152095,-5.87939070411263,1.11310309481629,-5.28198217352274,1.27793635723961e-07,1.15045252426892e-05
"GRIN1 (2902)",591.444041035912,5.13091003283059,0.971299222018113,5.28252253941876,1.27417153418292e-07,1.15045252426892e-05
"POLR3G (10622)",1075.77077608296,-3.09504592126285,0.586999519962246,-5.27265494435484,1.34464229881193e-07,1.20321184979231e-05
"LOX (4015)",4337.29698970587,-6.51477257809462,1.23657654922829,-5.2683940853967,1.37622409855776e-07,1.2240977700585e-05
"MAPK10 (5602)",777.653564881197,4.85181550999341,0.921557479816998,5.26479966388735,1.40342310471898e-07,1.23351756198199e-05
"BMP2 (650)",313.742534457164,-5.9325179647392,1.12674633647163,-5.26517617382868,1.40054985201093e-07,1.23351756198199e-05
"CEACAM7 (1087)",115.284959755404,9.7145866412483,1.8467364755712,5.26040762705115,1.43736398788721e-07,1.25591792212216e-05
"RHBG (57127)",266.265321788458,6.00616872496858,1.14628372953851,5.23968767085845,1.6084859535566e-07,1.39721931895495e-05
"SLC7A8 (23428)",2224.21951282599,5.97567891383558,1.14082271429146,5.23804342162574,1.6228788539695e-07,1.4015257265618e-05
"INSYN2B (100131897)",172.537189441411,-6.99112610124194,1.33605817715768,-5.23265095844464,1.67096088185599e-07,1.43470826237508e-05
"ARX (170302)",70.9509078932174,3.71038223040968,0.709617615569319,5.22870648783554,1.70700112528406e-07,1.45126364563282e-05
"ATP9A (10079)",13011.4903460995,3.29632792321788,0.630465251171991,5.22840539917185,1.70978280588221e-07,1.45126364563282e-05
"HPX (3263)",499.364441587514,4.54581729097262,0.871245687726511,5.21760664644986,1.81249867931646e-07,1.52970769219129e-05
"MSI1 (4440)",480.06692174323,4.08263141295554,0.782774507526861,5.21559066333729,1.83232409921567e-07,1.53770294744347e-05
"MMP2 (4313)",1471.60212175803,-5.4800893737273,1.05146007794614,-5.21188534749867,1.86931070286665e-07,1.5599292797967e-05
"SYCP2L (221711)",115.108790710307,-4.76600372491981,0.914762043044369,-5.21010219123034,1.88736646218583e-07,1.56619784521275e-05
"LRRC31 (79782)",698.375296370683,8.71680774194207,1.67583922734909,5.20145823041192,1.97730914925795e-07,1.63171945017097e-05
"FBN1 (2200)",4022.9226380909,-5.08391981081809,0.977848879144569,-5.19908537939477,2.00271524610406e-07,1.64355426881932e-05
"C11orf86 (254439)",38.1629211550089,-5.65332023826287,1.08787066646617,-5.19668413950997,2.02874636714707e-07,1.65576915041772e-05
"IGSF22 (283284)",82.8606231918864,4.84596009778814,0.93346182601348,5.19138540296147,2.08735045726212e-07,1.69428981924435e-05
"KCNG3 (170850)",95.9715079450701,-2.89409761742091,0.558620563887379,-5.18079319758872,2.20944340530667e-07,1.77932326741083e-05
"MUCL1 (118430)",1785.92589770918,7.67924266316726,1.4824120988783,5.18023474645,2.21606842918408e-07,1.77932326741083e-05
"FGF5 (2250)",882.637757656688,-6.9076368107523,1.33380160714399,-5.17890874756353,2.23187602387685e-07,1.78140243258652e-05
"PDGFC (56034)",2642.90459563203,-4.28772977132286,0.828065062010875,-5.17801072407345,2.24264342866353e-07,1.78140243258652e-05
"CTSC (1075)",22506.5353753127,-4.95558534435638,0.959604522888439,-5.16419548486487,2.4147523609281e-07,1.90791125368224e-05
"SERINC2 (347735)",6889.47461860578,4.15880936749991,0.805602649804175,5.1623581036021,2.4385821302732e-07,1.91654491868139e-05
"MAP3K20 (51776)",13101.3904701832,-2.92554171499074,0.567343152777159,-5.15656477154989,2.51521503677908e-07,1.96636863980613e-05
"CEP85L (387119)",327.812640370276,-1.85297871377146,0.359416644379316,-5.15551726039678,2.52931740876177e-07,1.96704087904436e-05
"SIDT1 (54847)",1312.58039966616,5.71039547283601,1.10817397042286,5.1529774432953,2.56382814114014e-07,1.98250008992079e-05
"CEACAM6 (4680)",4753.18599993039,6.21580831576606,1.20666003860077,5.1512506562941,2.58755079232523e-07,1.98250008992079e-05
"OTOR (56914)",70.8986705923234,8.40785606185025,1.63223570667842,5.15112861913805,2.58923534027625e-07,1.98250008992079e-05
"MUC5AC (4586)",187.333542389672,4.39236273640946,0.853796173096339,5.14450974930037,2.68220324328692e-07,2.04315112696327e-05
"GOLGA3 (2802)",9196.83988410243,1.07340113997398,0.20889712656623,5.13841984146998,2.77058330763675e-07,2.09970634957328e-05
"HORMAD1 (84072)",196.224559808335,-7.86466632872051,1.5316295007165,-5.13483601944294,2.82390133356293e-07,2.12925027455552e-05
"ITGB8 (3696)",1286.92336984117,-4.11620968428978,0.802489559060543,-5.12929998629333,2.90821583464144e-07,2.18174939433151e-05
"GAS1 (2619)",1227.94892340534,-6.73015809581057,1.31243647582273,-5.12798769295985,2.9285558173384e-07,2.18596824677108e-05
"TOB1 (10140)",25032.384214646,4.19067363700302,0.82044160349297,5.1078268327222,3.25885096932483e-07,2.42034861491755e-05
"AOC1 (26)",428.756694687855,7.54007193074903,1.47850030260584,5.09981088097159,3.39993016787378e-07,2.51256530913419e-05
"RHOH (399)",208.459866186412,4.96850504995786,0.975060129196419,5.09558836546068,3.47659807343251e-07,2.55650434568151e-05
"NCAM1 (4684)",1279.74704350011,-5.98183456939105,1.17507506380638,-5.090597829567,3.56936357554396e-07,2.61178948527734e-05
"CPA4 (51200)",5728.91953226992,-6.44848968827273,1.26774315149338,-5.08659004047983,3.64558682906494e-07,2.65448758622209e-05
"VWF (7450)",141.477259797578,4.26544503469934,0.83928128185612,5.08225922215977,3.72971936098126e-07,2.70250006770808e-05
"FHL1 (2273)",2984.50596120782,-5.94237177224987,1.16977918227611,-5.07990897964816,3.77615748262712e-07,2.72286617703608e-05
"SMIM14 (201895)",8470.35129197832,3.27246395901201,0.644373374289652,5.07852138151973,3.80383629293966e-07,2.72957412054714e-05
"CCN3 (4856)",622.902139664159,-5.17499056737027,1.02126881473967,-5.06721687050575,4.0367428336514e-07,2.88277779091624e-05
"ACER1 (125981)",50.3630900250892,9.0978032870139,1.79712668247358,5.06241623127625,4.1397598009298e-07,2.94220057813451e-05
"SCGN (10590)",344.649608561456,7.30593073772375,1.44710616522576,5.04864875382792,4.44945945034215e-07,3.14725098454202e-05
"MZB1 (51237)",560.818061189599,5.40700495387884,1.07415221766864,5.0337418337359,4.80997348159232e-07,3.38613014670959e-05
"COLGALT2 (23127)",331.416103741859,-3.9148488981202,0.779436367099966,-5.02266645920834,5.09589977647395e-07,3.57049506036529e-05
"SLC2A10 (81031)",5439.75041435575,4.738197210688,0.944421130710222,5.01703853991999,5.24740445008978e-07,3.65938712214242e-05
"PDGFRB (5159)",44.7971198471826,-3.39260181902122,0.67801617251628,-5.00371813614779,5.6234964989921e-07,3.90333724280508e-05
"PSCA (8000)",9706.98115581437,6.77225693873646,1.35393467855906,5.00190817620827,5.67656282432028e-07,3.92184484616063e-05
"ADAMTS12 (81792)",1327.01659714895,-6.07673949982829,1.22097632086143,-4.97695114639159,6.45936160734423e-07,4.44200728312459e-05
"LAYN (143903)",1498.20357008011,-7.68405733174506,1.54729743263662,-4.96611522107375,6.83073806438433e-07,4.67575037826566e-05
"XBP1 (7494)",33984.1795079848,3.21347470896069,0.647278765810008,4.96459157738527,6.88457953645312e-07,4.69098827681076e-05
"GNAI1 (2770)",1385.52302144221,-4.51066891048693,0.911268929689078,-4.94987677460478,7.42604842560578e-07,5.01393287790674e-05
"ZER1 (10444)",4052.02774789784,1.00383698605659,0.202795944228919,4.94998551313951,7.42190059229981e-07,5.01393287790674e-05
"LRP3 (4037)",3321.14717560049,1.3918692448062,0.281576462140612,4.94313066591177,7.68779195274237e-07,5.16717021113281e-05
"SLC17A9 (63910)",1113.8632644432,-6.67022564911655,1.35046048191501,-4.93922313051165,7.84344219730965e-07,5.224506295912e-05
"USP30 (84749)",925.297900038272,1.46093112814799,0.295745096712413,4.93983212025531,7.81898598596861e-07,5.224506295912e-05
"SLC40A1 (30061)",1385.88315744035,5.32180545469225,1.07785430420202,4.93740706322288,7.91681129590952e-07,5.2498354906e-05
"C1R (715)",7201.7841361556,-5.81045022725964,1.17764091540887,-4.93397448342077,8.05729706129139e-07,5.31924846881877e-05
"BRINP3 (339479)",172.316132516008,6.58050823036644,1.33421594606788,4.93211631127638,8.13434536112381e-07,5.3386561965121e-05
"S1PR1 (1901)",377.896308520514,-6.40079014887373,1.29793047974851,-4.9315354317852,8.15857652220444e-07,5.3386561965121e-05
"PLTP (5360)",2577.05085887278,-5.0343090484136,1.02186537790573,-4.92658735412996,8.36782116435033e-07,5.4515620866342e-05
"TMEFF2 (23671)",298.183532170479,-6.69904643387454,1.36059437844473,-4.92361760419157,8.49587789614392e-07,5.5108196624158e-05
"CAVIN4 (347273)",82.371941340445,-2.76708021111555,0.562229740929447,-4.92161835220806,8.58314707833807e-07,5.54322029137537e-05
"PNMA2 (10687)",1240.47243766691,-5.26043360691431,1.07181967042832,-4.90794650634854,9.20349478436722e-07,5.91812604012947e-05
"CAMSAP2 (23271)",4963.20238491372,-1.15722255144205,0.235922363724751,-4.90509900448511,9.33802265440407e-07,5.9787495046775e-05
"DPF3 (8110)",544.47839116305,-5.4890497837998,1.12170071228421,-4.89350655097828,9.90550155560196e-07,6.31486352390178e-05
"POF1B (79983)",503.584491302523,4.87555667663787,0.99793763615288,4.88563262874169,1.03097276675005e-06,6.54447413560052e-05
"APOD (347)",941.874683383244,7.54121186858492,1.54543912934969,4.87965635486285,1.06270845483847e-06,6.71722186730664e-05
"S100A2 (6273)",2796.84543285615,-4.43028720711456,0.910453836510689,-4.86602069149779,1.13867601680187e-06,7.16690404812498e-05
"PTGFR (5737)",304.062571199953,-6.67053563244264,1.37156866113524,-4.86343543816574,1.15365666800735e-06,7.23055533611018e-05
"ALX1 (8092)",86.1478955063925,-7.17151561666782,1.47496822563801,-4.862149226005,1.16118029040159e-06,7.2471311065652e-05
"TNFSF12 (8742)",76.3765832682936,-6.83233739841231,1.40557338860668,-4.86088983598721,1.16859274854003e-06,7.26287727481739e-05
"CPE (1363)",4246.76839865711,4.14738216802381,0.85371152092993,4.85806044119699,1.18541227113681e-06,7.33671411477756e-05
"PLEKHF2 (79666)",3636.43080151428,2.78486848885661,0.573883271505477,4.85267410139177,1.21807768728026e-06,7.50760413562695e-05
"ADAMTS6 (11174)",975.513835642171,-5.85603131258333,1.20734823210247,-4.8503249989323,1.23259343003461e-06,7.53454436614572e-05
"FAP (2191)",374.972052452763,-6.00120447810569,1.23722946315802,-4.85051856329677,1.23139107961482e-06,7.53454436614572e-05
"TRIT1 (54802)",1708.38350322709,-1.37529993936556,0.284047633123946,-4.8417933437433,1.28672545861514e-06,7.81508154366046e-05
"COL2A1 (1280)",317.22137196046,5.70043166504539,1.17742459303403,4.84144097105728,1.28900967968009e-06,7.81508154366046e-05
"RASSF8 (11228)",5110.51215519928,-3.98102722195372,0.823564420229936,-4.83389899340508,1.33884536541308e-06,8.06606739969155e-05
"TLR6 (10333)",602.637374435585,-4.51024397601062,0.933114150511239,-4.83353936229509,1.3412674348484e-06,8.06606739969155e-05
"LY6E (4061)",12757.2097147546,2.81004563358804,0.581836370174544,4.82961495298938,1.36797322691195e-06,8.19349770667343e-05
"PDGFRA (5156)",159.06813676614,-5.13993348778633,1.06482985442708,-4.8269997938326,1.38605265055165e-06,8.26844420533902e-05
"CNRIP1 (25927)",114.712556347971,-4.32813301760083,0.898019769709273,-4.819641129952,1.43816686168068e-06,8.44368796972523e-05
"GNG11 (2791)",848.033254942573,-5.87447474307612,1.21826737791356,-4.82199133751487,1.42132119601875e-06,8.44368796972523e-05
"TSKU (25987)",12757.5766977786,3.59415912071908,0.745506491761576,4.82109701315457,1.42770899063847e-06,8.44368796972523e-05
"PKHD1L1 (93035)",74.0884100001713,5.39229434718556,1.11873680124219,4.81998477318187,1.43569178942851e-06,8.44368796972523e-05
"PREX1 (57580)",14115.9776506351,5.28881516507818,1.09771348000655,4.81802880387934,1.44983444447544e-06,8.44542777970126e-05
"BMP6 (654)",69.019940537076,-2.79736022899318,0.580564591042666,-4.81834454279972,1.44754245941708e-06,8.44542777970126e-05
"CAND2 (23066)",369.689344524388,-4.35406412398004,0.904354830105301,-4.81455284920971,1.47529857671415e-06,8.56018947598124e-05
"HSH2D (84941)",752.66306804375,5.74558555476495,1.19520634585974,4.80719130606022,1.53065505593307e-06,8.84682887191821e-05
"SPMIP5 (143379)",85.5698998485193,6.77846200661098,1.4104298001829,4.80595489809699,1.54014619365937e-06,8.86718277543269e-05
"MAGIX (79917)",260.693451234447,2.60208071487376,0.541641070589371,4.80406833263657,1.55473729912295e-06,8.91662851010512e-05
"GPR68 (8111)",203.168150804736,4.27091107039282,0.889462716495698,4.80167520367728,1.57343756156806e-06,8.98916982289694e-05
"RPA4 (29935)",15.1614666580907,-3.23232147291687,0.674903477839787,-4.78930925539574,1.67356393077037e-06,9.52456652400885e-05
"SDR16C5 (195814)",424.416149150511,7.14206246918448,1.49286514829712,4.78413102304067,1.71728641991411e-06,9.73609636694815e-05
"LHX9 (56956)",471.68125604384,-7.22399738206075,1.51414695189291,-4.77100150221856,1.83312173187461e-06,0.000103533042605572
"CALCRL (10203)",61.4624590263426,-5.5501761001757,1.16416376446439,-4.76752177794269,1.865058403821e-06,0.000104937793675595
"IL17REL (400935)",327.861704965446,7.08398081334275,1.48971337376922,4.75526429317012,1.98186970218509e-06,0.000111089405872669
"PRDM13 (59336)",70.4067733447595,-8.497325177472,1.79459840262432,-4.73494524738572,2.19114243111391e-06,0.000122358006284835
"ADCY6 (112)",6566.28361718658,2.03104952543816,0.429295916308271,4.73111774019227,2.23286959948519e-06,0.000124221142437277
"LRP2 (4036)",482.428810262627,6.12398696989552,1.29618838174565,4.72461183585677,2.30555308939982e-06,0.000127786140260989
"KCNC3 (3748)",2286.91716652873,4.95813214271422,1.04964492581025,4.72362798199297,2.31674048445244e-06,0.000127928859316195
"FAM3B (54097)",410.313807749615,7.85828976375886,1.66618997997311,4.71632278324329,2.40145347527105e-06,0.00013211551822843
"GYPC (2995)",368.96835020659,-5.91941946450163,1.25585625252909,-4.71345303459761,2.43553880026247e-06,0.000133496285384128
"GPRC5C (55890)",4147.52365204169,5.19066626182116,1.10326711840529,4.70481370760326,2.54097870758323e-06,0.000138763594567799
"BCAS4 (55653)",2478.47391139381,2.72609161218992,0.580881406145353,4.69302612090802,2.69193103357218e-06,0.000146468657775389
"CAVIN3 (112464)",245.647045744419,-5.77466636692129,1.23097530877444,-4.69113094776088,2.71699000913047e-06,0.000147292589765051
"DUSP13B (51207)",86.3392960778514,6.7142551221442,1.43277287445336,4.68619642503063,2.78329153219901e-06,0.000150338226979215
"RAB40C (57799)",2266.29539383155,1.20520091904923,0.257867804154548,4.67371614304713,2.95798090768168e-06,0.000159195102908347
"CDH6 (1004)",196.403034650212,-5.02595677707755,1.08071344540698,-4.65059151289163,3.30984334555254e-06,0.000176850406672077
"TCERG1L (256536)",56.2456784147335,5.45909750273762,1.17376226672344,4.65093968131784,3.30425971022316e-06,0.000176850406672077
"GPR160 (26996)",2858.71245748328,4.2253097773554,0.910523942236779,4.64052572519463,3.47523907554507e-06,0.000185022226624181
"ATP8A1 (10396)",1633.42783115212,5.38465959228863,1.16152970571786,4.63583459448482,3.55500162263962e-06,0.000188592836081032
"LIN7A (8825)",834.749307845408,5.5081946059536,1.18921064509577,4.63180734941203,3.6248737750078e-06,0.000191615213715181
"HILPDA (29923)",1833.36955967051,2.07519327588408,0.448302730449069,4.62899985865654,3.6743601938481e-06,0.000193542362834822
"CNTNAP1 (8506)",987.746637183154,-3.87305356896206,0.837211965515734,-4.62613260260346,3.72556826104881e-06,0.000195546257772505
"SFTPA2 (729238)",80.408064462599,5.71296526377461,1.23550771723916,4.62398185301562,3.76442814206571e-06,0.000196890195852972
"NTRK2 (4915)",80.4834540448508,-3.58493079978418,0.775499584765308,-4.62273722669896,3.78709330652982e-06,0.000197380645526996
"RAB5B (5869)",8813.81151995088,1.14121192816788,0.24700242336966,4.62024587694007,3.83285544251502e-06,0.000198493718901716
"FIBIN (387758)",59.660870284298,-6.26682944783669,1.35642126210001,-4.62012032908891,3.83517553014625e-06,0.000198493718901716
"ST8SIA2 (8128)",273.641834465975,-6.45590002813003,1.39870078008616,-4.6156405430276,3.91884729899337e-06,0.000202119992289054
"P4HA3 (283208)",213.520591351524,-4.538496240148,0.984177875130551,-4.61145932542526,3.99851904194695e-06,0.000205515577332457
"LRRC26 (389816)",339.871512016189,6.10346247245941,1.32409530677509,4.60953410319439,4.0357233202586e-06,0.000206712531721108
"SLC9A2 (6549)",1935.36072350467,4.11841745248695,0.895719733590504,4.59788625620452,4.26798879510142e-06,0.000216583040386334
"TLX3 (30012)",88.4034437786275,-9.36909134749938,2.03778579702518,-4.5976821318397,4.27217118844727e-06,0.000216583040386334
"ASCL2 (430)",519.616394781779,6.83825911190717,1.4870313320929,4.59859786698831,4.25343894876033e-06,0.000216583040386334
"CACNA2D4 (93589)",66.1737987828046,3.49828221339782,0.76158730872214,4.59340928260419,4.36062630003003e-06,0.000220315452587231
"INA (9118)",352.426211426038,-6.18272130361682,1.34644664300071,-4.59187992020087,4.3927110187595e-06,0.000221184167703911
"CD99L2 (83692)",5028.3990427822,-2.29706626983473,0.500812506770311,-4.58667912398649,4.50352027166203e-06,0.000225997601740769
"DOK7 (285489)",710.629214522246,4.45837035892956,0.973285934472138,4.58074056248184,4.63332322782475e-06,0.000231728563050871
"B4GALNT2 (124872)",475.620051939203,7.0120395505333,1.53100441141312,4.58002569963933,4.64918798681677e-06,0.000231741739450256
"CSTA (1475)",524.346845704345,5.63897785447069,1.23215135572589,4.5765301707992,4.72751555452492e-06,0.000234857913200378
"FERMT2 (10979)",4198.91492809572,-1.88971540072585,0.413566787605002,-4.56931131164892,4.89329484276157e-06,0.000242283338647935
"DEGS2 (123099)",830.253731424882,5.56591148837765,1.21888307609124,4.56640312557839,4.96164172615294e-06,0.000244851249834803
"ANKRD30A (91074)",347.290611020055,7.20946930327518,1.58016105333359,4.56249018925364,5.05504564339663e-06,0.000248634595983488
"POPDC1 (11149)",318.992280965964,-4.18081775076013,0.917944196711766,-4.55454456353288,5.24991949900162e-06,0.000257367340720033
"KRT83 (3889)",80.7211445903015,6.09607274112385,1.34117269324505,4.54533019634783,5.48492002188434e-06,0.000268003296069309
"CXCL2 (2920)",1384.30623212177,-6.05867670779047,1.3355491210728,-4.53646864214454,5.72039903631123e-06,0.000275810751150227
"FAM117A (81558)",990.245787141307,2.9718647681328,0.655188090403881,4.53589558732797,5.73595542625745e-06,0.000275810751150227
"RAB39A (54734)",34.3738411138249,-4.84497562484601,1.06777003227059,-4.5374710643857,5.69328391341126e-06,0.000275810751150227
"PCP4 (5121)",123.65420705069,7.61684798946264,1.6792596194727,4.53583704457468,5.73754693048473e-06,0.000275810751150227
"AHNAK2 (113146)",11538.2732512182,-3.90922067911259,0.861643481236367,-4.53693524554177,5.70776225793754e-06,0.000275810751150227
"CD58 (965)",631.081054917455,-1.3811403057466,0.304639375614627,-4.5336893924499,5.79622461257653e-06,0.000277732646436167
"EFEMP2 (30008)",906.391045305092,-3.91833665944561,0.864676481219613,-4.53156382132524,5.85486428297091e-06,0.000279640366749999
"CEP162 (22832)",638.17947976435,-2.24249229111852,0.496057535445434,-4.52062942478008,6.16560362137575e-06,0.000292781984016975
"MME (4311)",917.999959656178,-4.47331056146624,0.989561454420881,-4.52049798573061,6.16943321646109e-06,0.000292781984016975
"ROS1 (6098)",56.5453228236475,-7.81393309617397,1.73222841497382,-4.51091381981058,6.4548943472357e-06,0.000305353505203309
"NUS1 (116150)",3690.75575215068,-0.885210060631235,0.196404075944102,-4.50708599796661,6.57240004807332e-06,0.000309925175600257
"TGFB3 (7043)",2353.12191208677,4.30162167049695,0.954606121104115,4.50617440575555,6.60068413818958e-06,0.000310273930976797
"CRYM (1428)",520.952462271598,4.88639437863291,1.08482196370865,4.50432839866915,6.65831751288036e-06,0.000311995736076735
"ENTPD8 (377841)",68.6266822241261,3.11813871542327,0.692939009153384,4.49987469926529,6.79935292794103e-06,0.000317602479218981
"SMIM22 (440335)",171.518516035659,5.20927144673707,1.15793018722794,4.49877851376166,6.83450159310507e-06,0.000318243531862015
"S100P (6286)",9740.57436842538,5.48743592126438,1.22001108236178,4.49785743801722,6.86416975778358e-06,0.000318626179944117
"FBP1 (2203)",1660.80226423805,6.15441760853696,1.37245605085779,4.48423656603824,7.31754454111527e-06,0.000338613104715658
"BATF3 (55509)",84.4059021181792,-3.82125393439434,0.852968814591579,-4.47994565454782,7.46620466732365e-06,0.000344129695381586
"HOXB13 (10481)",663.145208226236,5.11154392037198,1.14110632466634,4.47946331545097,7.48309489755301e-06,0.000344129695381586
"YRDC (79693)",1726.83825549135,-1.30387878916911,0.291343401605204,-4.47540181787259,7.62677407358177e-06,0.00034965463607711
"ST3GAL3 (6487)",167.390854735766,-1.88325680855395,0.422014578542346,-4.46253969485791,8.09939183939652e-06,0.000368634935663094
"TTLL6 (284076)",28.5740199886335,4.33108315336843,0.970362337425653,4.46336691596944,8.06817179342228e-06,0.000368634935663094
"PHOSPHO1 (162466)",61.7010958237441,4.75417317226651,1.06545137393439,4.46212120850787,8.11522983451137e-06,0.000368634935663094
"PRDM1 (639)",357.406168421386,-3.9292092466519,0.880868523761349,-4.46060807108193,8.1727432966704e-06,0.000370115636977873
"PLA2G12A (81579)",1802.40528358586,1.64634905638152,0.369343057358213,4.45750643901987,8.2918547237587e-06,0.000374368419655659
"XYLT2 (64132)",5470.38919754247,2.14104235172893,0.480565643029833,4.45525472489098,8.37936454283961e-06,0.000376998027344197
"EDC3 (80153)",2713.70720725747,0.54689840069018,0.122768710155792,4.4547051117192,8.40085815611481e-06,0.000376998027344197
"ERBB3 (2065)",11713.2378397431,4.07017394156702,0.914358008858956,4.45140076658404,8.53119547393196e-06,0.000381693908342727
"SP9 (100131390)",27.6049137975312,-5.28515342109666,1.1892236413095,-4.44420480514242,8.82175395777667e-06,0.000393508508374819
"LMNTD1 (160492)",46.396575121892,-6.11252614923852,1.37642480299688,-4.44087184125842,8.95951442942225e-06,0.000398456968067779
"PIGQ (9091)",2269.16780865951,0.966779025732005,0.218150392641607,4.43170885014311,9.34891992524119e-06,0.00041453390020756
"ANGEL1 (23357)",2147.89293219949,1.3544337792216,0.305863403474093,4.42823091562282,9.50091537725452e-06,0.00042001963396946
"PUM3 (9933)",3679.99643731097,-2.1145596227206,0.478279638178138,-4.42117843606176,9.81640671862713e-06,0.00043142326381417
"SLC7A13 (157724)",35.0822563989036,7.43416876499647,1.68149492189331,4.4211663491828,9.81695591552373e-06,0.00043142326381417
"KANK4 (163782)",278.786751030315,-4.49981663383219,1.01879324023501,-4.41681045389956,1.00167994576978e-05,0.0004376593779754
"CREB3L4 (148327)",5209.07515892888,3.52940899142956,0.799089306787066,4.41678916418042,1.00177856814081e-05,0.0004376593779754
"SEC16A (9919)",21822.5488834424,1.52160872602366,0.344711540740227,4.41415080782091,1.01407252722686e-05,0.000441731182387913
"REEP2 (51308)",531.116583746689,-3.58129764436096,0.812076976483504,-4.41004701286924,1.03348179780545e-05,0.000448869550426964
"LDLRAD1 (388633)",74.9581982684855,6.48138626640648,1.47013761385902,4.40869358440075,1.03996039033195e-05,0.000450366520058039
"ESR1 (2099)",1828.13553381576,4.75939572563052,1.08087897658654,4.40326422173638,1.06634163779494e-05,0.00046044879906413
"BCL10 (8915)",1171.17142229073,-1.03289863705494,0.234742917007082,-4.40012695686053,1.08187563483029e-05,0.000465802338544032
"PLA2G2A (5320)",226.852046604194,6.21006034600073,1.41205107048456,4.3979006679055,1.09302979675326e-05,0.000469244641646618
"CDH2 (1000)",3484.10030412796,-4.54100450710142,1.03386081408443,-4.39227838529004,1.12168944085446e-05,0.000480160661511587
"PROX2 (283571)",31.6856194494196,3.58888826537113,0.817337916116045,4.39094797219903,1.12857545069394e-05,0.000480339820762399
"GXYLT2 (727936)",446.77866260288,-3.74586489035041,0.853017617415159,-4.39131011350182,1.12669707713792e-05,0.000480339820762399
"ECH1 (1891)",2917.24740740516,1.4020359290709,0.319965244229051,4.38183819761135,1.17682193705457e-05,0.000499443230085958
"ZNF512B (57473)",6976.24343953181,1.37610124692934,0.3147105298037,4.37259359509732,1.22779152528227e-05,0.000519590179958485
"INO80C (125476)",616.572117601609,-0.765631874153618,0.175176354386795,-4.37063482017144,1.23885833880707e-05,0.000522784141040915
"HEATR4 (399671)",115.382358089489,3.19572574418405,0.731792458974285,4.36698370554861,1.25974121428077e-05,0.000530090538156558
"SLC12A1 (6557)",132.212056562801,6.05620736866147,1.38953846264261,4.35843089736706,1.30998270772217e-05,0.000549674664986019
"NLGN1 (22871)",50.7958139933123,-4.49237866267331,1.03097607099934,-4.35740342481352,1.31614541310963e-05,0.000550704900460012
"MLXIPL (51085)",272.318118184199,3.75135113968456,0.861082409561907,4.35655298265021,1.321267214687e-05,0.000551295033903389
"EGR2 (1959)",159.811292481923,-4.37781910434022,1.00516622673554,-4.3553185412506,1.32873550151238e-05,0.000552858183178289
"SELL (6402)",124.201049353129,4.9938710801991,1.14822155019685,4.34922256888746,1.36621000092069e-05,0.000566862663510503
"SCNN1G (6340)",42.5529026696448,5.12738850976386,1.17954168802295,4.34693284843367,1.38054462508737e-05,0.000571214759360663
"IFI16 (3428)",630.596963554026,-3.46661784034708,0.800152090581056,-4.33244864464415,1.47460066400598e-05,0.000608436618420692
"BMP5 (653)",121.24780766381,-6.23952309156776,1.44060434623101,-4.33118441429942,1.48309399771891e-05,0.000608560172434163
"TMEM126B (55863)",2850.97712026828,-1.4111272433251,0.325794126894926,-4.33134647568465,1.4820026385538e-05,0.000608560172434163
"ZBTB8OS (339487)",1783.69002659804,-1.02533315096113,0.236963297204784,-4.32697030745246,1.51174331208967e-05,0.000618607029139946
"PRKCD (5580)",6573.15347875795,2.78971546693555,0.644925754940003,4.32563817705664,1.5209089427077e-05,0.000620647841620334
"DGKI (9162)",111.621214045596,-5.11366566332993,1.18262190976197,-4.32400720899816,1.53220285845131e-05,0.000623543596148926
"FAM180A (389558)",29.05465470192,-5.58419838683141,1.29179843674784,-4.32280937023726,1.54054837497223e-05,0.000625226927919056
"CHRM3 (1131)",178.910957088888,-4.08523625741239,0.94566227512713,-4.31997380551444,1.56047722674956e-05,0.000628166090139242
"MMEL1 (79258)",43.988416188401,5.85517473927635,1.35519117677878,4.32055258298965,1.55638961807166e-05,0.000628166090139242
"HCAR1 (27198)",3340.83823168959,5.35377017764922,1.23900919149701,4.32100925028703,1.55317161747697e-05,0.000628166090139242
"VMAC (400673)",349.081907928053,2.13941941436932,0.495443921389646,4.3181868260056,1.5731624252789e-05,0.000631560936894399
"CIMIP5 (130813)",72.0346630129837,4.35644477460518,1.00938273840107,4.31594935089346,1.58918417888529e-05,0.000634562951429088
"WNK3 (65267)",277.548886320809,-3.98793950467095,0.923915795463974,-4.31634519536305,1.58633840033062e-05,0.000634562951429088
"NCOA3 (8202)",13370.1403134594,2.0527660195069,0.476118276835093,4.31146233904793,1.62178399970139e-05,0.00064239945417505
"COL1A2 (1278)",11088.5961390554,-6.17141488637712,1.43123037244011,-4.31196472993753,1.61810249815523e-05,0.00064239945417505
"RND1 (27289)",623.121092132419,4.78766001146502,1.11028922738255,4.31208363855938,1.61723230678397e-05,0.00064239945417505
"DPYSL2 (1808)",3506.84008753806,-3.0937061769867,0.718548546268077,-4.30549361355537,1.66613797617114e-05,0.000656467201539687
"VCAM1 (7412)",25.2612174915685,-2.51637332835458,0.584417600974713,-4.30577950451472,1.66398739895029e-05,0.000656467201539687
"DNAI1 (27019)",101.114693804429,3.10064525429796,0.720371328208839,4.30423190496425,1.67566069514255e-05,0.000658472591683796
"VNN1 (8876)",212.479819149793,-6.48327420832462,1.50824992449135,-4.29854104618045,1.71926064885513e-05,0.000673823157733354
"PLA2G4A (5321)",619.049767046595,-5.13445569843025,1.19561281069552,-4.29441341921002,1.75155818217776e-05,0.000684225170253268
"UTP14A (10813)",3030.35421327837,-1.50856772911551,0.351321876968678,-4.29397606016436,1.75501406938532e-05,0.000684225170253268
"TPPP3 (51673)",625.937959699225,5.45114207893496,1.27019013483674,4.29159535208924,1.77393997446431e-05,0.000689793308395101
"ITGB3BP (23421)",1522.30189027169,-1.2409513012467,0.289237774447538,-4.29041920135432,1.78336162612502e-05,0.000689995474933035
"FGFR4 (2264)",5199.14547844682,3.69821741331981,0.861980834094415,4.29037081457282,1.78375025161092e-05,0.000689995474933035
"HAND2 (9464)",34.1296802543126,-4.09337056269713,0.954433183237312,-4.28879740833503,1.79643135330988e-05,0.000693095878495192
"HLA-DQA2 (3118)",21.7758382885153,7.30302570785881,1.70533318828086,4.2824626636282,1.84836154043569e-05,0.000711283997969733
"ESPNL (339768)",73.5310478620932,-5.0856915008416,1.18843084341608,-4.27933314674251,1.87454103328002e-05,0.000719494380060501
"CYP26A1 (1592)",24.8809267686148,4.12002839782009,0.963446958708749,4.27634169227325,1.89989547125326e-05,0.000727346580669998
"NXPH1 (30010)",124.970237829457,6.45109360232833,1.50896019884378,4.275191358441,1.9097319477238e-05,0.000729033042339384
"RIPK3 (11035)",97.9178706497501,6.95404675240225,1.62719856570276,4.27363131886667,1.92314932806278e-05,0.000729033042339384
"OSMR (9180)",10036.0816280609,-3.51394157980515,0.822163205222236,-4.274019510342,1.91980225645866e-05,0.000729033042339384
"HDAC11 (79885)",2933.35869286672,2.16579169220637,0.506790952192264,4.2735405650745,1.92393262822835e-05,0.000729033042339384
"KMT2C (58508)",7339.62213591432,1.05222822175334,0.246369739364383,4.27093126155841,1.94658404703885e-05,0.000735739425819722
"BEX1 (55859)",246.393066006374,-5.71275563478114,1.337869237279,-4.27004035641025,1.9543760102685e-05,0.000736096500934343
"SESN3 (143686)",479.30766474617,-2.86438033798599,0.670863619075211,-4.26969097226431,1.95743986716754e-05,0.000736096500934343
"KCNIP1 (30820)",50.8074923813252,-6.91001536731136,1.62271977954953,-4.25829243865481,2.05994359928392e-05,0.00077268692484251
"COBL (23242)",1891.93001867608,4.38096357503663,1.02941657130838,4.25577331581954,2.083276978983e-05,0.000777512468487776
"NEIL1 (79661)",591.050698900468,2.03240213661301,0.477509359056849,4.25625612998938,2.07878550837903e-05,0.000777512468487776
"SPTSSB (165679)",4781.22444469869,6.26022273741932,1.47163833790883,4.25391387011226,2.100661287892e-05,0.000780398795583555
"COL28A1 (340267)",73.1693752641835,3.16329229357149,0.743635219119456,4.25382258967934,2.10151823235103e-05,0.000780398795583555
"KLF17 (128209)",22.4283967198143,-6.81806062850797,1.60334282976718,-4.25240347973367,2.11488377805464e-05,0.000781454816896109
"UTP11 (51118)",3290.52693813982,-1.38204577898081,0.324979669990541,-4.2527145744872,2.11194689949713e-05,0.000781454816896109
"P3H1 (64175)",2672.62628027844,-2.29076359671943,0.538941863627058,-4.25048368167705,2.13309377045055e-05,0.000786227664175495
"ZNF652 (22834)",5755.2215890318,3.44564018446953,0.81137227610479,4.24668217776833,2.1695937856728e-05,0.000797701635950095
"PLCH2 (9651)",42.9031034959812,3.49572781225742,0.823631442870553,4.24428649794375,2.19290038594893e-05,0.000804280057602107
"VCAN (1462)",1214.17636993273,-4.69580241769237,1.1091213282883,-4.23380409151392,2.29771126472827e-05,0.00084064539719886
"ATP1A4 (480)",37.0800617958231,4.89375888697295,1.15660909636655,4.23112605836021,2.32524305890028e-05,0.000844948798188842
"SCAMP2 (10066)",4799.20711232108,1.04517697751579,0.247028311507167,4.23100077533203,2.32653869973904e-05,0.000844948798188842
"KLHDC9 (126823)",339.367171125594,3.09127295785905,0.730562609115687,4.23135939245631,2.3228318151667e-05,0.000844948798188842
"ZNF385C (201181)",83.5148985445428,2.73193263199189,0.646799597192113,4.22376984131061,2.40249406046827e-05,0.000870406018882821
"FRMPD4 (9758)",42.28952462933,-5.49088528663562,1.3008861688342,-4.22088067210086,2.43349736103115e-05,0.000879493182500162
"ADAMTS2 (9509)",997.390462049551,-6.2458346216464,1.48031726223846,-4.21925406193113,2.45111939190077e-05,0.000882430571907829
"NPEPL1 (79716)",674.287410401897,2.06227424784668,0.488802403102284,4.21903459303399,2.4535063026655e-05,0.000882430571907829
"TRIM3 (10612)",4040.22691617662,3.0543843477764,0.724773781944012,4.21425888169385,2.50599711437794e-05,0.000899132394612801
"FAT3 (120114)",424.912007537997,-5.63279442046209,1.33787252725889,-4.21026241715486,2.550742372276e-05,0.000912981378259943
"DCAF11 (80344)",5003.20744339582,1.04315460087732,0.248041126175757,4.20557113636939,2.6042365738345e-05,0.000927657795389392
"SBK1 (388228)",1185.70351315311,2.85637767310904,0.679155245420863,4.20578018408586,2.60183028052271e-05,0.000927657795389392
"NPTX2 (4885)",884.630192623332,-7.2989396550819,1.73880172799425,-4.19768369076869,2.69658910830798e-05,0.000958256808966669
"FOXB1 (27023)",89.3432299503831,-6.15707066595463,1.4685872272396,-4.19251274405242,2.75881578959538e-05,0.000975701184253565
"SERPINB2 (5055)",225.461513073675,-4.87661291892228,1.16316035790923,-4.19255426456241,2.75831074181324e-05,0.000975701184253565
"TNFRSF18 (8784)",430.411531949546,5.22813434389058,1.24753306412883,4.19077817992861,2.77999344226681e-05,0.000980855643501928
"ZNF821 (55565)",150.869990395978,1.39512556628802,0.333062377102848,4.18878162830504,2.80456109243257e-05,0.000984845164704335
"B4GALT6 (9331)",712.440376778259,-3.06543681709932,0.731731428597727,-4.18929226939705,2.79825806090084e-05,0.000984845164704335
"TMBIM6 (7009)",48576.6747649878,1.1849560845593,0.28296384925977,4.1876589099955,2.81846671523435e-05,0.000987393976134224
"EOMES (8320)",103.647164221811,-4.17773988254865,0.997851459536284,-4.18673525264984,2.82995595456522e-05,0.000989086252920278
"TMEM210 (100505993)",16.6360147506225,6.9117647586401,1.65246230538423,4.18270645939666,2.88059221089993e-05,0.00100442057982882
"VPS37D (155382)",160.024348717463,1.71803358881546,0.411863765555341,4.17136376757721,3.02782055682578e-05,0.0010532844625548
"DDX21 (9188)",23454.1860142056,-1.2889555598311,0.309498995409149,-4.16465183716391,3.11828048097213e-05,0.00108221818374673
"NECAB1 (64168)",80.5387502584763,-4.63871119953639,1.11478624076061,-4.16107683242613,3.16750488781925e-05,0.00109673933808082
"SIK3 (23387)",1945.52280162241,-1.1396036937107,0.274193401167747,-4.15620393801349,3.23579011175041e-05,0.00111518390533505
"VSTM5 (387804)",22.4229969179277,3.8295378629553,0.921396720658271,4.15623127052089,3.23540322250412e-05,0.00111518390533505
"IGFBPL1 (347252)",129.544157181743,-3.92470850973624,0.945473930841666,-4.15104888851081,3.30955055865265e-05,0.00113796444440339
"CYP4F8 (11283)",170.269742881541,7.04050336665381,1.69753449380597,4.14748766068876,3.3614358036774e-05,0.00115313550641626
"APOBR (55911)",115.704355639665,3.49029011520647,0.843217563387431,4.13925215360202,3.48439808419587e-05,0.00119256334430059
"SOWAHA (134548)",102.234515186015,3.2278540267434,0.780019303258098,4.1381719827456,3.50083920123656e-05,0.00119543598839466
"KLRG1 (10219)",73.6705442822816,-3.73310939448384,0.902350800810201,-4.13709323594766,3.51733215234502e-05,0.00119831311447094
"SCIN (85477)",396.307952184057,4.96167445615559,1.19948529136786,4.13650295827926,3.52638811021905e-05,0.00119864917595409
"APBB1IP (54518)",148.225461565651,-4.99553451318901,1.2085185708964,-4.13360177782261,3.57122039055062e-05,0.00121111661372692
"PURG (29942)",18.401140095592,-6.10071605140286,1.47681109464889,-4.13100637820797,3.6117855934075e-05,0.00122208344429328
"TLR7 (51284)",33.4766949341808,-5.08951508227769,1.2340921051386,-4.12409662219343,3.72192640467003e-05,0.00125648851852202
"FAM47E (100129583)",120.423545012566,3.6833352373491,0.89378340908217,4.12106020308828,3.77132849650825e-05,0.00127027921739532
"CDYL (9425)",2923.18160857012,-0.594129127329842,0.144227943423954,-4.11937599070809,3.79899812706435e-05,0.00127670403120846
"L3HYPDH (112849)",754.001314579856,-1.54506332902434,0.375283808538933,-4.11705299794209,3.8374785158708e-05,0.00128672473757889
"CACNA1D (776)",1166.1345745624,4.76023671237054,1.1564069054245,4.11640287691221,3.8483138579282e-05,0.00128745166769517
"HS6ST3 (266722)",859.350153868919,4.39015040007003,1.0673298450899,4.11320869576196,3.90197334678986e-05,0.00130246993467903
"PDK3 (5165)",3315.30578781841,1.70148421186729,0.413776057579946,4.11208957284472,3.92094107008641e-05,0.00130515665042036
"FAM209B (388799)",18.5620327626422,2.89449257639896,0.703965236196286,4.11169817424321,3.92759541361183e-05,0.00130515665042036
"TGFBR3 (7049)",1150.25129550892,-3.95023804458399,0.960859527031366,-4.11115041632411,3.93692609085689e-05,0.00130533705699974
"HAS3 (3038)",1308.04259096626,-3.86254111685007,0.93981440222877,-4.10989777097483,3.95834316763219e-05,0.00130951513167057
"ADAM8 (101)",1755.80172332215,4.11766597175855,1.00215920510344,4.10879424226169,3.97730229714151e-05,0.00131286329603867
"CACFD1 (11094)",2534.3234155671,2.35513641976132,0.573418363625107,4.10718694963365,4.00507055650875e-05,0.00131909796111709
"SMARCD2 (6603)",8551.1807754594,1.54596703050117,0.376547188088811,4.1056395570176,4.03197770844859e-05,0.00132502205489592
"SLC29A3 (55315)",847.621021179916,2.52959512952072,0.616204466007015,4.10512300553811,4.04099799616116e-05,0.00132505483962423
"FAM174B (400451)",4683.65240343465,4.16012800255426,1.01519714680603,4.09785233896951,4.17001140896461e-05,0.00136434690459824
"JAM3 (83700)",550.208289059218,-5.21995265225561,1.27483538478728,-4.09460916644278,4.228811291873e-05,0.00138054424020839
"BEND4 (389206)",100.734203352308,-5.19478873205746,1.26923582330503,-4.09284755178944,4.26107880749941e-05,0.0013880277326008
"KIF26B (55083)",26.3874845408863,-3.70319874046812,0.905452474820698,-4.08988747996016,4.31582508186131e-05,0.00140278480888332
"ATG4C (84938)",804.046021281469,-1.11334851462958,0.272415615053854,-4.0869482258184,4.37084610522848e-05,0.00141756655124594
"PLIN1 (5346)",99.0493416852139,3.20234913775754,0.78427378826062,4.08320306720919,4.44191755672723e-05,0.00143435311712231
"CT83 (203413)",112.418788872646,-9.13940025252712,2.23803730187642,-4.08366752639219,4.43304439890879e-05,0.00143435311712231
"TTC33 (23548)",1271.67698579606,-1.4034165164461,0.343861144384727,-4.08134661145634,4.47755231760529e-05,0.00144272369036245
"DCN (1634)",42.4238528021933,-3.71890036680341,0.911748910332548,-4.07886461355571,4.52561812527138e-05,0.00145505479724634
"RAB6C (84084)",69.2647725719434,3.66381333213306,0.89837676879381,4.07825921083446,4.53741623501998e-05,0.00145569720853103
"LNX2 (222484)",1548.09546322112,1.28554645471144,0.315482067799332,4.07486379076586,4.60412872989898e-05,0.00147391655504137
"ABCC8 (6833)",51.7013448851009,4.04871045077441,0.994972104187213,4.06916981263689,4.71809515541309e-05,0.00150715237502163
"SVEP1 (79987)",1262.80084195364,-4.82064899211709,1.18592900632605,-4.06487147746831,4.80589374089145e-05,0.0015286241033662
"NXPH3 (11248)",188.058594602626,4.28707467905861,1.05459533875198,4.06513713983602,4.80042266617101e-05,0.0015286241033662
"ABCC12 (94160)",77.6518597410925,4.93314904540473,1.21525072520964,4.05936729192548,4.92058634506242e-05,0.00155181294202881
"UGT2B15 (7366)",18.6123028060324,7.66197013390684,1.88724582404327,4.05986863835878,4.91003316407606e-05,0.00155181294202881
"HRH1 (3269)",1853.29352449753,-3.89634883438114,0.959697085101559,-4.05997777305828,4.90773875915238e-05,0.00155181294202881
"RAB7B (338382)",216.106796353368,-4.71718895885725,1.16198874041083,-4.05958233053915,4.916057220796e-05,0.00155181294202881
"KMT2D (8085)",10443.7260104052,0.87683751473949,0.216103567439175,4.05748745904571,4.96034799539814e-05,0.00156103832889076
"RAP1GAP (5909)",2113.32227272289,3.59985102768919,0.888444515714417,4.05185801028269,5.08125002373587e-05,0.00159570587426158
"SEMA3A (10371)",2017.19548771079,-4.93156790132684,1.21767608360794,-4.0499833804034,5.12212705698165e-05,0.00160514926802543
"SLC16A6 (9120)",712.192537532391,3.00050606617957,0.74193648558288,4.04415488991934,5.2512196126282e-05,0.00164031435597407
"KRT86 (3892)",3629.52411912076,5.97981223488656,1.47907517744902,4.04294002499591,5.27851260371353e-05,0.00164031435597407
"GATA2 (2624)",3317.15561483129,3.52152617239814,0.870939704107107,4.04336391577007,5.26897429835434e-05,0.00164031435597407
"ALG1L2 (644974)",58.9928923667916,2.82096929350401,0.697643944466108,4.04356594202626,5.2644340931333e-05,0.00164031435597407
"TNS4 (84951)",2882.53079711672,4.96045588373471,1.22846204998989,4.03793986454487,5.39226710234519e-05,0.00167216566885669
"CXCL6 (6372)",351.514997052356,-7.28512479258576,1.80506776093387,-4.03592870597652,5.438673087288e-05,0.001683042709137
"ACSM3 (6296)",107.399865447408,2.73144638972177,0.676871642130616,4.03539788005283,5.45098446738399e-05,0.00168334559830607
"SLC9A9 (285195)",50.6297596729564,-5.30073420161932,1.31393115261302,-4.03425566939159,5.47756520897114e-05,0.00168804468078957
"CLDN18 (51208)",14.1821869691244,-3.8945601502272,0.965998065232747,-4.03164384111768,5.53880805548976e-05,0.00170338415851439
"CMTM4 (146223)",7119.81603565143,1.74190042169975,0.432139577401935,4.03087454329508,5.55697006553117e-05,0.00170543870564876
"PRRX1 (5396)",1411.8237837174,-5.42310257999806,1.34590043390551,-4.02934900931818,5.59315271194659e-05,0.00171264799942889
"BCL11A (53335)",106.385405393031,-4.5527892965699,1.13002902027781,-4.02891360741395,5.6035204505348e-05,0.00171264799942889
"GPR157 (80045)",2007.91374721483,2.18968189956107,0.544748648869376,4.01961878034163,5.82923871982858e-05,0.00177797765799453
"NECTIN3 (25945)",1721.41844934855,-4.39483568492826,1.09357025507468,-4.01879592512156,5.84963078079239e-05,0.00178054130364529
"VWA5B2 (90113)",262.114755781047,3.73565450042207,0.92984056764963,4.01752153045412,5.8813463166703e-05,0.00178288812628205
"SGTB (54557)",949.858243540669,-2.41286604195004,0.600522163700467,-4.0179466933939,5.87074733705798e-05,0.00178288812628205
"LINGO2 (158038)",57.8361599316835,-6.50665966447142,1.62000005830583,-4.01645643844975,5.90797784426039e-05,0.0017873137046567
"CD40 (958)",70.2415863759306,-3.90787101728659,0.973087279383423,-4.01595118966383,5.92065096672651e-05,0.00178750710284056
"CIB4 (130106)",13.6352433597418,5.61906817349953,1.39963307612443,4.01467232330538,5.95284383416976e-05,0.0017935809799748
"HECTD4 (283450)",6440.83448271198,1.02417816124197,0.255206977575473,4.01312758362606,5.99195056516431e-05,0.00180170918410831
"IFI44L (10964)",208.303716425121,-3.92531896583692,0.979005224414097,-4.00949746533385,6.08481061773992e-05,0.00182593488719008
"SRPX (8406)",1247.67445456957,-4.98184208914703,1.24293767983118,-4.00811896685255,6.12042888026655e-05,0.00183292037474757
"HPSE (10855)",778.600213501714,-4.84266078908596,1.20835705708682,-4.00764058991051,6.13283547074204e-05,0.00183294040407248
"ABCB4 (5244)",36.1971740335855,3.75677434311627,0.937720718479882,4.0062827546418,6.16818043982243e-05,0.00183611527561368
"ENTPD2 (954)",656.807000294985,3.61453356943996,0.902162270272376,4.00652264957687,6.16192188924814e-05,0.00183611527561368
"VAMP5 (10791)",978.086007075829,4.83350503267638,1.20738054389172,4.00329875872993,6.24653377233757e-05,0.00185572025308605
"ROBO4 (54538)",127.511688503567,-5.16496641089348,1.29049579778338,-4.00231168498578,6.27265894640754e-05,0.00185976199580714
"LIFR (3977)",1398.57364604047,-1.78759859015875,0.44678499667896,-4.00102645220032,6.30683063001096e-05,0.00186616856928651
"CLDN4 (1364)",25986.1638544358,4.53087149025741,1.13260792192069,4.00038830964021,6.32386292114713e-05,0.00186748826701232
"MTCP1 (4515)",63.4666788411334,-1.54551967366989,0.386606976491018,-3.99765076072235,6.39742452014788e-05,0.00188546317107692
"TAF1D (79101)",4923.77485810135,-1.6013261380339,0.400888481005853,-3.99444287851843,6.48465522666472e-05,0.00190738749974015
"LFNG (3955)",1487.34714228787,3.39379608308422,0.850529917646015,3.99021364524968,6.60138054715857e-05,0.00193788353058287
"OSTM1 (28962)",3159.57600440007,-1.72316550665754,0.432111656699631,-3.98777834372412,6.6694932585815e-05,0.00195021560427658
"CLIC3 (9022)",2204.10673689384,4.82882328209079,1.21092392526105,3.98771812279601,6.67118596856408e-05,0.00195021560427658
"LASP1NB (100505576)",569.184926559327,4.03620491429064,1.01226361431866,3.98730612974501,6.68277731639141e-05,0.00195021560427658
"BICC1 (80114)",881.0961912272,-5.00882393219702,1.25723879209379,-3.98398773860246,6.7768370712188e-05,0.00196992441988031
"SLITRK5 (26050)",1133.59892491982,-4.137132552894,1.03834416684377,-3.98435575120488,6.76634432844189e-05,0.00196992441988031
"CHRM1 (1128)",104.134559458308,5.19230106286023,1.30358531349714,3.98309263620867,6.80242245482575e-05,0.00197349967078089
"IL13RA2 (3598)",324.135782739789,-5.46315986806659,1.37179371827713,-3.98249371992162,6.81959273752847e-05,0.0019746243766715
"HOXA9 (3205)",76.5608775939888,-3.9468445539855,0.991542947846493,-3.98050791703733,6.87681742915283e-05,0.0019834610891774
"LONP2 (83752)",6700.3863928967,0.946505043348138,0.23776801366647,3.98079215430487,6.86859882101412e-05,0.0019834610891774
"ETV1 (2115)",820.844244207862,-3.73762741112394,0.939868413994509,-3.97675606017948,6.98617658126593e-05,0.00200510266395786
"ZNF268 (10795)",1165.01649296776,0.769093857222192,0.193382162488214,3.97706720892144,6.97704501815086e-05,0.00200510266395786
"PER2 (8864)",1355.89640632607,1.94218451003693,0.488409914507531,3.97654603714434,6.99234670748737e-05,0.00200510266395786
"FBXO10 (26267)",320.228669835482,-2.36451331751458,0.595085246464666,-3.97340268736603,7.08531129627552e-05,0.00202784612706891
"SLC4A8 (9498)",2054.06501541424,3.52348556296963,0.886993170253822,3.97239311545246,7.11541662727575e-05,0.00203022854474797
"ARL4C (10123)",6428.28217378213,-3.00733026200338,0.757092983025387,-3.97220728421747,7.12097126574454e-05,0.00203022854474797
"ABHD17C (58489)",2320.77628668163,2.24806341642183,0.566543793134501,3.96803114545485,7.24688646114053e-05,0.00206006310734665
"PRR15L (79170)",4217.37695491594,5.64287958924864,1.42232494663203,3.9673631560851,7.26722141005551e-05,0.00206006310734665
"TMEM191B (728229)",98.1573357943994,4.13096560982152,1.04118016311228,3.96758001753828,7.2606137991567e-05,0.00206006310734665
"KATNAL1 (84056)",1232.54533588967,-2.45906731893619,0.619964456662584,-3.96646500054847,7.29464816330435e-05,0.00206389912033758
"RGS2 (5997)",311.926902239544,-2.66031044841447,0.670942133285728,-3.9650370969944,7.33845333981264e-05,0.00206841339486863
"DSC3 (1825)",408.559592435729,-4.63655506910055,1.16932667265783,-3.96514949801141,7.33499610390999e-05,0.00206841339486863
"BCAM (4059)",12804.7438379294,3.81499035457243,0.962560986990336,3.96337521064598,7.38974991053199e-05,0.0020789269918758
"KAT7 (11143)",8291.98585831944,2.14343805398402,0.540951953384448,3.96234460486495,7.42173123765619e-05,0.00208397723637325
"PLCH1 (23007)",640.075956534079,3.74273152145679,0.944923118280194,3.96088469956026,7.46725851574563e-05,0.00209280486779029
"C9orf85 (138241)",763.140077198756,-0.855267174508931,0.215991055797718,-3.95973421839243,7.50332231885628e-05,0.00209875370444219
"IKBIP (121457)",1680.87834951577,-2.25047650598777,0.56840155744169,-3.95930742364061,7.51674276803046e-05,0.00209875370444219
"ZBTB42 (100128927)",1677.71994695457,3.0230369910325,0.76385498321106,3.9576059035766,7.57047259637362e-05,0.0021097898676648
"GDNF (2668)",205.701457229841,-6.32274380228346,1.5991949276125,-3.95370426275859,7.69505121873616e-05,0.00213945073545174
"SF3A3 (10946)",9008.31996237873,-1.36331036915827,0.344847372341163,-3.95337322683591,7.70570986580505e-05,0.00213945073545174
"COA7 (65260)",3586.25186426114,-1.03957334736796,0.263196392581536,-3.94980089647659,7.82162286180465e-05,0.00216758182815758
"PRR15 (222171)",1798.11598626581,4.52239957428278,1.14580856649387,3.9469067578375,7.91673701326869e-05,0.00218985496452688
"STAC (6769)",804.488031828103,-5.2852251729313,1.33992880465648,-3.94440745998163,7.99975379095989e-05,0.00220870525670852
"SHROOM2 (357)",947.834122048935,3.51387681691725,0.891509691621106,3.94149031686652,8.09769046181017e-05,0.00223159729350145
"LAMC3 (10319)",352.014175230967,-5.1715635933442,1.3128431353711,-3.93920907533432,8.17506666065251e-05,0.00224874889217282
"SMIM10 (644538)",188.911739846546,-5.55150734150487,1.40954422464455,-3.93851235345583,8.19883735680073e-05,0.00225111885578407
"SFXN2 (118980)",1176.1324067422,1.72054331848895,0.436930889465707,3.93779281797376,8.22345496807274e-05,0.00225371217888842
"EREG (2069)",5145.01092619503,-5.62460526147389,1.42875328097734,-3.93672255130458,8.26020149103099e-05,0.00225961386644152
"VGF (7425)",738.307558873021,-3.89014080617649,0.98865220963388,-3.93479200093741,8.32687774125286e-05,0.00226949434804716
"PHF6 (84295)",4582.98273455287,-1.1482429304997,0.291814852727706,-3.93483374738001,8.32543056116282e-05,0.00226949434804716
"NBPF8 (728841)",1460.27960990435,-1.53757207014998,0.390934161347735,-3.93307165802354,8.38672225238599e-05,0.00228161854096962
"TEKT5 (146279)",33.0115525878865,4.76000230136978,1.21235084516662,3.92625807978515,8.62775829550256e-05,0.00234290167680795
"C8orf88 (100127983)",74.5655959487095,-4.92503384981763,1.25479575555109,-3.92496852816866,8.674107761853e-05,0.00235118972070373
"EPN3 (55040)",5800.08256401477,4.75792062306261,1.21664888345246,3.91067684997265,9.20378420746044e-05,0.0024902187726342
"LNX1 (84708)",591.460368640207,2.97327047384036,0.761094800978475,3.90657046930011,9.36153502955486e-05,0.00252829529689105
"ZMYM6 (9204)",598.529049685645,-1.1067758222462,0.28334412837368,-3.90611878424585,9.37904201443604e-05,0.00252842631728553
"NRP2 (8828)",909.558473655248,-3.43500339323398,0.87974058345727,-3.90456397922993,9.43954181326886e-05,0.00254012597996912
"MS4A14 (84689)",24.6951739480641,6.59794636050175,1.69091940396425,3.90198748978414,9.54060895973692e-05,0.00256268002690655
"TMEM150C (441027)",883.860028133379,3.47275316829115,0.890233929746501,3.90094451834703,9.58181109397005e-05,0.00256910147996085
"DDR2 (4921)",3327.68182185748,-4.70972142542225,1.20766628794539,-3.89985335554487,9.62509681457176e-05,0.00257605744294863
"CATSPERG (57828)",342.128719995047,3.66326659472646,0.941094959443449,3.89255787417337,9.91928264065402e-05,0.00264526076022037
"GDPD3 (79153)",445.765972700687,2.8797969549167,0.739790713896271,3.89271844161116,9.91271748011069e-05,0.00264526076022037
"TRAPPC6A (79090)",1523.8517020318,1.90996316922825,0.490838923215364,3.89122190374911,9.97406617320104e-05,0.00265102160197528
"H3-7 (440686)",38.3537376678036,-8.74328484840026,2.24696056743563,-3.89116078631439,9.97657920764899e-05,0.00265102160197528
"AP1G1 (164)",9985.23364191967,1.03725683321168,0.266731586852396,3.88876640165483,0.000100755035537874,0.0026725273176421
"OVOL1 (5017)",514.015758943281,4.513362156753,1.16093433414846,3.8876980583605,0.000101199403989825,0.00267952931704966
"GSDMB (55876)",2573.89124153466,2.98347581419303,0.768356511157221,3.88293164809604,0.000103204586274197,0.00272775965216535
"TUT4 (23318)",2801.22625824303,-1.74226004414845,0.449237771841294,-3.87825813712733,0.00010520705135769,0.00277574696424001
"SEC14L4 (284904)",188.933664563719,-5.57336863350687,1.43781353695815,-3.87628054003298,0.000106065387029733,0.00279343131017668
"TMC4 (147798)",1186.68890104228,4.53609053656268,1.17079389443964,3.87437153379907,0.000106900217102103,0.0028104350882029
"PHF8 (23133)",4720.60648773051,1.10439526895155,0.285087385837948,3.87388332074196,0.000107114711647169,0.00281109881061316
"MANEA (79694)",1108.15205824101,-1.02926315860087,0.26574387201058,-3.87313976730156,0.000107442169400147,0.00281471954897669
"ZRANB2 (9406)",7367.59293498951,-1.09433792314888,0.282599079448273,-3.87240441577302,0.000107766943888742,0.00281557463806025
"FAM161A (84140)",669.072863997908,-1.85235928613551,0.47837289500858,-3.87220786433203,0.000107853909321144,0.00281557463806025
"ADGRL2 (23266)",2569.81010983713,-3.69409423758028,0.954235150657424,-3.87126195784679,0.000108273358574146,0.00282156573379012
"REEP6 (92840)",1751.43281420459,2.90343835814759,0.750921972758774,3.866498069674,0.000110409337451515,0.00286969285964529
"FAM83H (286077)",1078.59723057817,1.63205201403443,0.422124266621014,3.86628332717885,0.000110506551482234,0.00286969285964529
"ZNF619 (285267)",429.675637149632,1.04628124515131,0.270994062438689,3.86090099441947,0.000112969675385077,0.00292853675073287
"BMPER (168667)",200.555305967735,-5.37087400906334,1.39186723336037,-3.85875454233986,0.000113966328674974,0.00294922621278408
"POLR1E (64425)",3925.99634129708,-2.22444856648913,0.576938590283207,-3.85560717198202,0.000115442740747445,0.00298223734097834
"BLVRB (645)",7217.44975521021,2.26338008163587,0.587127229484586,3.85500785515057,0.000115725913321467,0.00298436235499492
"ARFGEF3 (57221)",8709.99678631877,2.55037763726178,0.661697538842209,3.85429518405683,0.000116063497556921,0.00298788074993156
"ADCY2 (108)",83.2296609017001,5.52434007919038,1.43569975197921,3.84783801179508,0.000119164800957573,0.00306241168412421
"GALNT13 (114805)",197.179360707669,-4.49421923479599,1.16851437120647,-3.84609667244039,0.000120014427290327,0.00307361086719054
"MARVELD2 (153562)",263.657436379696,2.35903398179729,0.613343872661225,3.84618496564044,0.000119971210571687,0.00307361086719054
"STX16 (8675)",9633.54643608833,1.4463921958816,0.376128819220984,3.84547028030791,0.000120321448079635,0.00307617003403598
"GPT (2875)",205.65091387892,2.67772993683408,0.696425172797235,3.84496431408246,0.000120569983646374,0.00307722772694715
"DISP2 (85455)",283.162183302093,-3.85399975756899,1.00252361708576,-3.844298220896,0.000120897913252536,0.00308030463714094
"TBX2 (6909)",921.069670979314,3.76587715539283,0.980012042956178,3.84268456950097,0.000121695832345763,0.00308543405765893
"RIOK1 (83732)",2419.104505737,-1.21125365880034,0.31515674945882,-3.84333719928347,0.000121372523559327,0.00308543405765893
"LPAR1 (1902)",1353.40265434928,-4.75414184430778,1.23721007808578,-3.84263103616438,0.000121722388433293,0.00308543405765893
"CD248 (57124)",34.9527473036908,-4.28493141942793,1.11534833010517,-3.84178763151409,0.000122141494867295,0.00309078324490426
"ADD2 (119)",1562.07102460989,-5.08079511314138,1.32312331117168,-3.84000120793135,0.000123033705004795,0.00310806573833541
"VBP1 (7411)",6049.40116680482,-1.27284149842604,0.331688939534668,-3.83745535866143,0.000124315824436956,0.00313512267603828
"CACHD1 (57685)",503.012464923788,-1.95354282753423,0.509131567580722,-3.83700982600042,0.000124541490794269,0.00313549034620013
"GPD1L (23171)",3522.02633571521,2.17415657774558,0.566783429168351,3.83595649741516,0.000125076547934703,0.0031436328985145
"PAK1IP1 (55003)",2724.83834317985,-1.29213600335661,0.336990451711527,-3.83434010309204,0.0001259018400455,0.00315514287193823
"MNX1 (3110)",444.955218143566,2.29147490932888,0.597801934864491,3.83316743504403,0.000126503785927854,0.00315514287193823
"ELF5 (2001)",664.540855130152,5.50500188624684,1.43624632836424,3.83290928410348,0.000126636661997431,0.00315514287193823
"LKAAEAR1 (198437)",9.26540528729328,3.2903706209981,0.858230564806158,3.833900534341,0.000126127159425519,0.00315514287193823
"CTBP2 (1488)",4916.71885715719,0.844522984574779,0.220353939929902,3.83257492397656,0.000126808960182249,0.00315514287193823
"NPM1 (4869)",94821.5705477444,-1.24680472758688,0.325224973188521,-3.83366847681822,0.000126246263468681,0.00315514287193823
"RAB11FIP4 (84440)",3327.81551769893,2.61665098791482,0.682910919745813,3.83161392248459,0.000127305402143133,0.00315771703158717
"APLF (200558)",210.520268214806,-2.24963358848734,0.587133813910262,-3.83155174372426,0.000127337585964771,0.00315771703158717
"SACS (26278)",6163.04337225613,-3.4212282505453,0.893480494037656,-3.82910234009105,0.000128611519390738,0.00318399251505005
"HDAC9 (9734)",1256.92725367556,-2.51895521231122,0.658383186695753,-3.82597135408815,0.000130257437444232,0.0032193743357681
"TINCR (257000)",4460.09528646219,4.07486380286235,1.06537002820324,3.82483427822226,0.000130860081373771,0.00322889642645513
"KCNK6 (9424)",1817.89488881623,3.15571436996857,0.825446625078671,3.82303867275223,0.000131817095569943,0.00324711631442112
"SCART1 (619207)",311.444350711094,3.08124822117826,0.807427922378387,3.81612789919629,0.000135562255449621,0.00333384394445143
"CDH26 (60437)",216.577528614272,3.86028808429205,1.01179899292604,3.81527172025387,0.000136033162731417,0.00333989520530987
"ZNF521 (25925)",13.8992942305136,-2.32394661275522,0.609450434357018,-3.81318394695547,0.000137187928463665,0.00336268892640146
"KLHL5 (51088)",3177.13057555427,-2.1432544155817,0.562287872221856,-3.81166751314184,0.0001380324640984,0.00337781585126464
"CNTN1 (1272)",318.3376370229,3.97832040227576,1.04384507460817,3.81121729560214,0.000138284141553386,0.00337840894512171
"ZNF862 (643641)",1129.5979492758,1.31423010727398,0.345017315282517,3.80917145041787,0.000139433250371101,0.00340088916422386
"DNALI1 (7802)",211.862962591674,4.72458028197989,1.24055446126497,3.80844245819108,0.00013984487921827,0.00340533743591506
"IRAK1 (3654)",25361.0183081873,-1.74863505520584,0.459201665625268,-3.80798935653864,0.000140101301684221,0.00340599792997942
"ADM (133)",2005.56052914961,-3.52091534366578,0.924839712054141,-3.80705466879829,0.000140631666438338,0.00341330518509
"FLI1 (2313)",42.6492650076467,-2.95624681860636,0.777857540382235,-3.80049901830826,0.00014440499022732,0.00349917083986395
"ARRDC1 (92714)",5828.41716951616,2.41694747077583,0.636236748835503,3.79881777530069,0.000145387934302934,0.00351725142693124
"ST6GALNAC3 (256435)",57.7093363665679,-4.14262392943214,1.0907840616964,-3.79784053957434,0.000145962170132668,0.00352540174821244
"ADCY4 (196883)",63.7862484226986,4.69352439536141,1.23621828499122,3.79667931816327,0.000146647294833922,0.00353046826169057
"ZNF160 (90338)",2051.68704357376,0.86369802975597,0.227483077742376,3.79675727235458,0.00014660120693652,0.00353046826169057
"SLC35B1 (10237)",6103.32335141383,1.35568234532639,0.357254046906589,3.79472914880895,0.000147804718958899,0.00354683569534003
"PPP1R3G (648791)",35.9551261288819,-2.99593548556325,0.78946342262424,-3.79490094120449,0.00014770241584872,0.00354683569534003
"AKAP12 (9590)",4320.47775070981,-4.37386931622666,1.15355927726207,-3.79162943980468,0.000149662110199314,0.00358561449177518
"AGTR1 (185)",187.796418535738,-5.38154109810915,1.41963011637541,-3.79080510904436,0.000150159747724809,0.00359174378857377
"PDE3A (5139)",35.3542903330175,-3.39895459801921,0.896773958021292,-3.79020216590467,0.000150524722452705,0.00359468525291396
"PPDPF (79144)",11638.0945240371,1.43824541796913,0.379568296285275,3.7891610865418,0.000151156877327099,0.00359821194842424
"MROH6 (642475)",852.186215855617,3.65434259997635,0.964354962377442,3.78941649345302,0.000151001560480933,0.00359821194842424
"BMP2K (55589)",679.178623191082,-1.027098228936,0.271227532385597,-3.78685091407241,0.000152568576900045,0.00362416492093828
"OLFML2B (25903)",111.856765591052,-3.84370845316493,1.01514211770691,-3.78637472145025,0.000152861107178476,0.00362416492093828
"CDC42EP5 (148170)",83.1594225160412,4.20395097260217,1.11034017009265,3.78618290667749,0.000152979090172903,0.00362416492093828
"FRMD5 (84978)",257.759695755747,-2.72522835859081,0.720924029253608,-3.78018799208608,0.000156709989573134,0.00370664042216454
"FOXA1 (3169)",8971.52674626096,4.50483022736076,1.19262782623742,3.77723052259553,0.00015858194008313,0.00373900974284892
"TTC6 (319089)",444.422949507275,4.11282346123498,1.08876519208964,3.77751189247825,0.000158402943366522,0.00373900974284892
"SHROOM4 (57477)",137.620351789847,4.32895824093037,1.14648186908246,3.77586280051239,0.000159454747156364,0.00375363045049229
"ELL3 (80237)",38.3787608880441,3.02859283762217,0.80268203955559,3.77309157097743,0.000161237074932587,0.00378958150482381
"TNR (7143)",28.3437924177416,4.62043334342633,1.22593167475004,3.76891586912329,0.000163958134784582,0.003847447289242
"CALHM5 (254228)",12.6710244608291,-5.52060873642462,1.46507424076234,-3.76814265299759,0.000164466711699445,0.00385329422016334
"PICALM (8301)",11974.2516537036,-1.12946203744535,0.299881364399571,-3.76636287388777,0.000165642993252469,0.00387474176657036
"IFITM10 (402778)",567.081851597586,5.54139053223842,1.4714852657215,3.76584846707341,0.000165984443688058,0.00387662409833714
"SLC2A8 (29988)",1541.77280460232,1.43122045318571,0.380278361024546,3.76361265818468,0.000167476226088595,0.00390532474461536
"RXFP1 (59350)",19.6092331543259,-4.82011352556749,1.2808932760741,-3.76308753867536,0.000167828422134579,0.00390740342066934
"TFPI (7035)",6480.34412187918,-4.91844564515271,1.30786726891401,-3.7606611634503,0.000169464850928274,0.003939328475256
"PLEKHD1 (400224)",156.93966424596,3.9041417466441,1.03907428079108,3.75732690031722,0.000171738085293592,0.00398593362336097
"TCF4 (6925)",706.182304211925,-3.53401239500923,0.940969913908622,-3.75571242265289,0.00017284908121934,0.00400546061221853
"CA8 (767)",989.492363634491,4.71135121340538,1.25469582962783,3.75497479321571,0.000173358924302048,0.00401101785293243
"PHACTR3 (116154)",103.340004238998,3.77555558854881,1.00588734722529,3.75345767989185,0.000174411989141161,0.00402910682224387
"SUCO (51430)",5760.16101237005,1.29790186105657,0.346104667970001,3.75002703277342,0.000176815508089445,0.00407828813223699
"SMCO2 (341346)",15.6264845084496,-2.31837197904042,0.618383041028814,-3.74908725695857,0.000177479331633715,0.00408725270091039
"BIRC3 (330)",839.924446898502,-3.43826605628892,0.919452580207206,-3.7394707789216,0.0001844080821749,0.00424024404431264
"EDARADD (128178)",315.114440229954,4.11440629505612,1.10073785576526,3.73786208360727,0.00018559169972632,0.00426086415414955
"ZNF704 (619279)",8833.81111969508,3.6402840866844,0.974551134497436,3.73534436298373,0.000187458488093205,0.00429708083663035
"PNPLA7 (375775)",584.870693324371,3.16930251083666,0.848700482061341,3.73430035427693,0.000188237743297648,0.00430829497525926
"SNAP91 (9892)",69.1757227507244,-5.6208360472609,1.50650897684755,-3.73103388937171,0.000190695566512355,0.00435783376149925
"CTTNBP2NL (55917)",1875.07946537285,-1.35351552179081,0.362884427993058,-3.72988041751052,0.000191570669026552,0.00437110709327252
"ITPK1 (3705)",2139.71276784699,1.76754540294593,0.474004995607383,3.7289594399338,0.000192272093738543,0.00437367485511839
"TEX14 (56155)",200.043974953392,3.67721841037854,0.986106305345595,3.72902839221762,0.000192219495594105,0.00437367485511839
"DNAJC5 (80331)",17040.9283568722,1.54225428598037,0.413731193745451,3.72767224056412,0.000193256481041922,0.00438334303000886
"UBE2Z (65264)",21660.3884933677,2.13043299743484,0.571524490794212,3.72763202933667,0.000193287308782537,0.00438334303000886
"DACT1 (51339)",104.127382004376,-4.65556540596658,1.2498019279962,-3.72504258609267,0.000195282251924815,0.00442183318611465
"RBM46 (166863)",41.4531351275781,-7.73438369399973,2.07793378353421,-3.72215118464694,0.000197532685368602,0.00446060282068585
"NFIL3 (4783)",1342.16645771669,-1.95152146842305,0.52431057792174,-3.72207151753161,0.000197595035412097,0.00446060282068585
"ASPHD1 (253982)",1560.33854433968,-3.24355643719061,0.87180548641536,-3.72050473153969,0.000198825016716724,0.00447751990492699
"PFAS (5198)",5435.30594166907,-2.07896568090612,0.558809246189868,-3.72034946644342,0.000198947296166138,0.00447751990492699
"KLRC2 (3822)",16.6847093024931,-4.89041456894531,1.31475839230844,-3.71962985561079,0.000199514950814247,0.00448350238940217
"SLC9C1 (285335)",24.5638046743702,3.46006849784484,0.930572551970468,3.71821465238602,0.00020063575536233,0.00450187841412696
"PTK6 (5753)",2370.67855923646,3.59302591194332,0.966537055822017,3.71742178978077,0.000201266264751446,0.0045061135818549
"ADRA1B (147)",51.1231952211584,-3.85613252151476,1.0373714712031,-3.71721473797864,0.00020143122514822,0.0045061135818549
"STK33 (65975)",54.9977016736337,-4.21991569412782,1.13571438122725,-3.7156487263706,0.000202683003016731,0.0045272982358053
"CACNA1H (8912)",3236.69093225793,5.01542652869199,1.35034986613619,3.71416819778923,0.000203873167868236,0.00454704509837053
"TRPC4 (7223)",313.767336494268,-5.59363727819869,1.50649237541755,-3.71302063619693,0.000204800180782686,0.00456087239182311
"ADAMTS4 (9507)",193.565938598463,-4.62561731197531,1.24711142660546,-3.70906497470389,0.000208026044531026,0.00462577674470638
"DUSP4 (1846)",25943.3554029298,3.91135897141842,1.05523072932531,3.70663861724274,0.000210028302901166,0.00466331900043934
"ECT2L (345930)",60.7856858427813,3.23697674175918,0.87357443207187,3.70543896766987,0.000211024940981038,0.00467845443780946
"SNAPC1 (6617)",827.585158958874,-2.26591938520496,0.611683616817443,-3.70439770316951,0.000211893595673636,0.0046907115799347
"PADI3 (51702)",1100.05563569895,4.2719834013808,1.15337012806961,3.70391368513315,0.000212298520533419,0.00469268188095745
"NHSL2 (340527)",332.143456517342,3.89518381903941,1.05204939014878,3.70247238914189,0.000213508602858296,0.0047124172167268
"RNASE1 (6035)",81.7892291513342,4.38979435381906,1.18668462108318,3.69920893540538,0.000216272508645177,0.00476633804661048
"TRH (7200)",25.0694879077556,4.9954843808061,1.35085965233532,3.69800398743873,0.000217301476482353,0.004781920195065
"SPTBN4 (57731)",155.474125522981,2.68226815218497,0.725481640885954,3.6972240247312,0.00021796997600751,0.00478953553789283
"CISH (1154)",1760.57111242601,3.69605045946415,1.00022716660116,3.69521103093367,0.000219704229614439,0.00482051200397767
"CLDN1 (9076)",5823.88750555936,-4.06548053994939,1.10040971611032,-3.69451530682579,0.000220306622850529,0.00482659966935364
"UPF3B (65109)",2820.85621027866,-1.81896610698315,0.49271076536719,-3.69175231157691,0.000222714305206557,0.00487216242936405
"PIGK (10026)",2869.35627264992,-1.48516233833837,0.40239664344604,-3.69079206431682,0.000223556835857527,0.00488340182327605
"PEX11A (8800)",1205.20769964833,2.03662587508509,0.552607642252354,3.68548264512607,0.000228269637709101,0.00497902672324667
"HLX (3142)",77.2801475564007,-3.55861652172647,0.965717990787821,-3.6849437989898,0.000228753110917337,0.00498225617238435
"RGL2 (5863)",3357.80344028081,1.8636205418821,0.506358488681277,3.68043704912617,0.00023283453684897,0.00506372505176369
"C2orf72 (257407)",728.063831952896,3.534941452813,0.961104782278705,3.67799798522688,0.000235071816267439,0.00510490754215869
"ALDH6A1 (4329)",1675.08648714668,1.89160460013615,0.514645648175741,3.67554764495007,0.000237339740083943,0.00513854739617813
"GCH1 (2643)",1119.77464827824,2.10691611230873,0.573254224802358,3.67536081052894,0.000237513505260987,0.00513854739617813
"ADAT2 (134637)",866.688996755665,-1.4003608726891,0.381029342277959,-3.67520481314413,0.000237658681915604,0.00513854739617813
"ZDHHC11B (653082)",438.24662186698,3.58839406152287,0.977034860101085,3.67273902709225,0.000239964516990886,0.00518086182468403
"EMP2 (2013)",12190.5487236055,2.5975502913045,0.707458765333981,3.67166316764516,0.000240977150028486,0.00519517356534561
"LDAF1 (57146)",2222.46740366564,1.8024511490987,0.491538316618675,3.66695960041912,0.000245451556022967,0.00526931977183325
"ANKFN1 (162282)",142.853872262406,4.92020993005887,1.34163855591418,3.66731405293156,0.000245111676191164,0.00526931977183325
"NTF3 (4908)",35.0297342309742,-6.06807565195267,1.65481119321384,-3.66692930096015,0.000245480630275253,0.00526931977183325
"RABGGTB (5876)",5594.87808005977,-1.28190048555932,0.349695485833105,-3.66576217735655,0.000246603021415701,0.00527815746413376
"CSAD (51380)",1663.13697716428,2.2309749837583,0.608595699164317,3.66577513909765,0.000246590530070448,0.00527815746413376
"SUDS3 (64426)",6375.31996956219,1.24176651447749,0.338781617633622,3.665389294588,0.00024696262610294,0.00527824870234975
"SMARCA1 (6594)",3322.40863536254,-3.44977870438926,0.941488785406118,-3.66417397409696,0.00024813808697035,0.00528719668450135
"IFI44 (10561)",696.933675396801,-4.14362722071642,1.13091527266408,-3.66395902582105,0.000248346530823227,0.00528719668450135
"TUBA1A (7846)",5178.33127641736,-3.33329858081252,0.909779489995637,-3.66385329353655,0.000248449123857677,0.00528719668450135
"FER1L6 (654463)",176.152275505682,5.0703895168332,1.38405517775838,3.66343018567022,0.000248860067372118,0.00528836543740407
"SERPINE2 (5270)",8400.47037042541,-4.27895915487078,1.16927381023076,-3.6595014079947,0.000252706454764221,0.00535478128255027
"ZNF552 (79818)",1680.45784234842,2.45464090174811,0.670743742695527,3.65958076907823,0.000252628209245691,0.00535478128255027
"CPNE3 (8895)",11923.5889733772,1.4140637576242,0.386622010968858,3.6574838408207,0.000254703311479145,0.00538940596682509
"ZNF280C (55609)",675.643475550693,-1.40476611866117,0.38419714798629,-3.65636789867919,0.000255814144472148,0.00540362466081871
"GREM1 (26585)",13.0585847187416,-6.60398588924781,1.80630303620372,-3.65607860745632,0.000256102851838991,0.00540362466081871
"DEPTOR (64798)",712.035405407624,2.83487775628138,0.775553171588579,3.65529774119118,0.000256883668307163,0.00541241136033277
"B3GALT1 (8708)",100.449008670875,-4.90715238461214,1.34289728825233,-3.65415317131097,0.000258032200113442,0.00542890977405818
"ZNF425 (155054)",372.010354548988,1.61970796116969,0.443621935712282,3.6510998009354,0.00026111973999419,0.00548609988383833
"TRPC3 (7222)",28.9668455394043,-5.90666364621894,1.61843001567034,-3.64962561805456,0.000262622787840513,0.00550988543867652
"SLCO1A2 (6579)",33.6272490316203,-6.15445669481009,1.68686063950096,-3.64846778132829,0.000263808978538923,0.00552236186814542
"DNAJC12 (56521)",112.683398513693,3.71615411647256,1.01859332240767,3.64831973145927,0.000263961015644489,0.00552236186814542
"SCNN1B (6338)",235.383870582405,5.09293661323602,1.39740197305365,3.64457522705994,0.000267833788584116,0.00559550365067295
"ALDH2 (217)",2889.02517344087,3.77628814337044,1.03686857731452,3.64201233019424,0.000270515112614284,0.00564358354321991
"GNL2 (29889)",5797.37715713144,-1.2228021821298,0.336110689652884,-3.63809369881284,0.000274663506506229,0.00572209218182823
"FCGR1A (2209)",18.0979159266785,3.77082046979839,1.0366687855302,3.63743996388375,0.000275361348248405,0.00572859589199133
"CARNS1 (57571)",69.3081567849872,2.15024802918761,0.591759859796339,3.63364968676254,0.000279440207223897,0.00580532145189338
"DCBLD2 (131566)",8670.67069038208,-2.73857162677392,0.753970618089514,-3.63219940017448,0.000281015838197074,0.00582990120192645
"NANS (54187)",6137.79420179449,1.42968789745905,0.393666645944448,3.63172219995698,0.000281536099172459,0.00583254841995495
"PCP4L1 (654790)",23.2586770571071,4.33904955931645,1.19490333617973,3.63129755180782,0.000281999824759628,0.00583401865874584
"IL24 (11009)",22.1305626407046,-3.26374657354503,0.898883275575311,-3.63089030826181,0.000282445216337618,0.00583510604099997
"NAA60 (79903)",2900.7740209666,0.711707776696872,0.196197316519567,3.6275102499982,0.000286167417986276,0.00588743881823842
"TP53BP2 (7159)",4008.00661055046,-1.23769112212814,0.341150885933511,-3.6279874189433,0.00028563917633627,0.00588743881823842
"UHRF2 (115426)",3912.80915415505,-1.73864227496838,0.479260043191477,-3.62776388240183,0.000285886524763817,0.00588743881823842
"GPR143 (4935)",257.217527531571,4.22955262823257,1.16608843213771,3.62712853645142,0.000286590646163506,0.0058879909517465
"IGFBP1 (3484)",46.1900968122259,-4.10283726647274,1.13142945048117,-3.62624224137697,0.000287575596091459,0.00590006616621896
"WASF1 (8936)",1526.76598841416,-1.60101670083492,0.441752436193762,-3.62423966380273,0.000289812773780106,0.00593776405755819
"RASSF6 (166824)",162.654797909963,3.83691600252027,1.05892213672192,3.62341655676227,0.000290737026403225,0.00594849557877894
"VSIG10 (54621)",2641.7891755395,1.19957781131087,0.331121595107495,3.62277129923053,0.000291463504869565,0.00595515667308461
"RASAL1 (8437)",550.908779036762,4.08879226407497,1.12973586188729,3.61924623446441,0.000295462394626683,0.00602029960189952
"SPINK8 (646424)",119.134949259854,5.73270752976095,1.58383086857067,3.61952001537541,0.000295149981931942,0.00602029960189952
"GSTA3 (2940)",12.2062208356013,5.9034772267988,1.63221074323295,3.6168596802063,0.000298198850995126,0.00606773388038575
"PDXDC1 (23042)",7444.88097677469,1.51555364209617,0.419078169220056,3.6163984511929,0.000298730432124752,0.0060702350735719
"MAP3K14 (9020)",1672.39735037669,-2.19419573675668,0.607184186570496,-3.61372345539821,0.000301830991332616,0.00610440348482656
"DLG3 (1741)",5284.24849058907,2.1565856393158,0.596694090540773,3.61422322342982,0.000301249435805496,0.00610440348482656
"KCNJ8 (3764)",26.5212223640178,-6.41640454112162,1.77583398382914,-3.61317814590205,0.000302466740597304,0.00610440348482656
"KLHDC2 (23588)",2321.8649580238,1.47601174357687,0.408458654346289,3.61361358823239,0.000301958979253605,0.00610440348482656
"C1QTNF1 (114897)",722.73439295937,-4.01981220069381,1.11245383918511,-3.61346427069584,0.000302133005703111,0.00610440348482656
"ZCCHC7 (84186)",1777.39304603337,-1.25254196772291,0.346708622804619,-3.61266459885181,0.000303066605992705,0.00610821080789095
"RAB15 (376267)",5957.98652688002,3.05874539481414,0.847129847205267,3.61071611973669,0.000305352738053814,0.00613763135460264
"UGT2B17 (7367)",33.734620538568,5.89072864456511,1.63131067460312,3.61104033478985,0.000304971223029205,0.00613763135460264
"SLC14A1 (6563)",534.857834305301,-4.83820199623991,1.34013121632665,-3.61024497996666,0.000305907941123897,0.00614048183439779
"TMEM62 (80021)",1527.41055190522,2.37615767487068,0.65829811683228,3.60954651716872,0.00030673276710368,0.00614872945014584
"KCNJ2 (3759)",12.9877346784826,-3.40632828389339,0.943927933955972,-3.60867409614373,0.000307765948276769,0.00615283364159236
"FRAT1 (10023)",287.844618358818,1.86395526246387,0.516478844018502,3.60896730631062,0.000307418345567489,0.00615283364159236
"SLC9A8 (23315)",3136.32182619119,1.09582158419112,0.30373308087318,3.60784403543015,0.000308751987738155,0.0061642500347615
"LTV1 (84946)",1508.35369462822,-1.04281763052543,0.289211014008838,-3.60573276954648,0.000311273332964358,0.00619792773170587
"SH3GLB2 (56904)",8496.57237854093,1.17855831449786,0.326836585914867,3.60595589749812,0.000311005957834383,0.00619792773170587
"LMCD1 (29995)",1085.42633738251,2.39973472576948,0.665777221249334,3.60441097889527,0.000312861658853701,0.00622121429800919
"CACNG1 (786)",69.1142788604829,5.09646634262567,1.41489373270345,3.60201351156444,0.000315761948051697,0.00627049194700523
"MEGF11 (84465)",115.481331003827,-3.8043252041153,1.05641309377293,-3.60117195303622,0.000316785961294958,0.00628242812960655
"NEUROD2 (4761)",15.3340412699775,4.51150712308304,1.25327861091379,3.59976391825089,0.000318506220877844,0.00630812187322599
"EIF3I (8668)",17421.536115472,-1.00975907034866,0.280665308057278,-3.59773381804133,0.000321001883881245,0.00632442879032625
"PPEF1 (5475)",29.2531985284218,5.35857426212672,1.48918178609935,3.59833454326792,0.000320261494114262,0.00632442879032625
"CST1 (1469)",141.045953195244,6.78819824599335,1.88679174252068,3.59774642479863,0.000320986329693683,0.00632442879032625
"ATXN2 (6311)",4261.62017699154,0.707607149959465,0.196682715677255,3.59770886589042,0.000321032671866567,0.00632442879032625
"VMA21 (203547)",5014.98599428509,-1.39605555130673,0.38819549700791,-3.59626930777686,0.000322813602245752,0.00635109039438199
"NR4A1 (3164)",3533.07986796207,3.03881120817915,0.845614972814645,3.59361092917313,0.000326126709839718,0.0064077859099989
"TBC1D3E (102723859)",21.9667022230469,4.16442966116824,1.16010850734251,3.58968978747323,0.000331071716258219,0.00649635306908797
"HTRA1 (5654)",688.307408227281,-2.82985612909806,0.788602091513142,-3.58844613722521,0.000332654699313288,0.00651880330290181
"HAUS6 (54801)",2559.01863155441,-1.34686570438031,0.375726274906755,-3.58469927266748,0.000337466822291446,0.00660439022176171
"ATOSA (56204)",2067.07016473772,2.19265594139973,0.611891661815971,3.58340549190092,0.000339143505852691,0.0066110730130392
"CAMK1 (8536)",109.19628606131,-2.45315368660757,0.684513098370061,-3.58379363732985,0.000338639669676919,0.0066110730130392
"ZMYM4 (9202)",4625.67847013235,-1.00816816666429,0.281329930004865,-3.58357948849188,0.000338917561117575,0.0066110730130392
"PTGR1 (22949)",3113.81256785672,-1.92831734893398,0.538244383864856,-3.58260560953322,0.000340184014056374,0.00661510529020311
"ZDHHC23 (254887)",1464.55533658933,1.07594501045546,0.30032838504517,3.58256183575068,0.000340241042259,0.00661510529020311
"RBMS1 (5937)",4229.0894834878,-1.22380442263154,0.341635983277372,-3.58218830139429,0.000340728044348915,0.0066159142101422
"RGS5 (8490)",195.823568219698,-2.48191869945477,0.693073526699812,-3.58103232029775,0.000342239310474371,0.00663658318248866
"PAX9 (5083)",400.422288962318,3.08720608387753,0.86248420741516,3.57943491293574,0.000344337994983693,0.00666857441654208
"TPCN1 (53373)",5095.07520687596,1.28200946334314,0.35835654067254,3.57746913433518,0.000346937171799586,0.00671016243478001
"MOGAT2 (80168)",201.40301205838,-7.76524124583248,2.17211698878756,-3.57496455573828,0.00035027534610355,0.00676591676335777
"M1AP (130951)",64.4484490318085,-4.03392543572055,1.1286326402025,-3.57417045372424,0.000351340005005521,0.00677766809656105
"ZNF296 (162979)",441.369558318718,1.74033894068332,0.487010970062322,3.57351075779794,0.000352226765397928,0.00677964688288565
"PERM1 (84808)",33.8796797047959,3.23288346056642,0.904704127838796,3.57341517639508,0.000352355418983959,0.00677964688288565
"MCAM (4162)",2795.95402375206,-4.25197187511465,1.19090168069772,-3.57038027910374,0.00035646334931554,0.00683339552197601
"WNK4 (65266)",939.876801284253,3.94012143936147,1.10365463713248,3.5700673986191,0.000356889390544789,0.00683339552197601
"CD320 (51293)",2615.26682067451,-2.19762307233728,0.615581678662963,-3.56999428103595,0.000356989021479291,0.00683339552197601
"AP1G2 (8906)",2289.37880557146,2.27106915801919,0.636119165964822,3.57019451626581,0.000356716240346275,0.00683339552197601
"TRAPPC3 (27095)",3888.02810278099,-0.87770559142882,0.245957527525442,-3.56852502242701,0.000358996572692484,0.00686297952480586
"TCAF2 (285966)",212.268448165419,2.6338993379703,0.738247059246985,3.56777491353218,0.000360025565240121,0.00687380430086986
"COMT (1312)",10327.1360679859,1.81542297365186,0.509051299777946,3.56628688394228,0.000362074998125482,0.00690205965476426
"SLC2A4RG (56731)",10177.1274874268,1.83510510630452,0.514607821687216,3.5660264554236,0.000362434800775287,0.00690205965476426
"KIAA1755 (85449)",75.3354180792892,-4.0531255812175,1.13706389786104,-3.56455392598598,0.000364475514354444,0.00693203494266443
"MISP3 (113230)",329.469941350244,1.92847997014971,0.541775537925181,3.55955526810079,0.000371483351200613,0.00705628350221728
"RECQL (5965)",3304.93419597587,-1.46682769031024,0.412251328346435,-3.55809087673234,0.000373560079757277,0.007064133031408
"CYB561 (1534)",11081.7305353611,2.35795668933076,0.662657461124537,3.55833417363064,0.000373214297843554,0.007064133031408
"LIPH (200879)",1507.45957140473,3.79844522910466,1.06760187170408,3.55792297651342,0.0003737988799439,0.007064133031408
"LIN52 (91750)",1009.42477247073,0.707153848528122,0.19871026114026,3.55871832924107,0.000372668931824974,0.007064133031408
"SH3BP5 (9467)",566.97070722121,1.83341716581113,0.515388785678201,3.557347805693,0.000374618012870869,0.00707061748816251
"AIDA (64853)",2667.06435741976,-0.724019819523305,0.20360381260195,-3.55602289697187,0.000376511278154331,0.00709733315444724
"STAMBPL1 (57559)",506.321950100975,-2.33485587277809,0.656791598094344,-3.55494174948733,0.000378062837074898,0.00711491342483247
"SLC16A14 (151473)",1441.96193381038,3.60133031328499,1.01311620832315,3.55470604822887,0.000378401885392329,0.00711491342483247
"TMEM255A (55026)",23.0722640693436,-3.97519175800623,1.11863571881944,-3.55360703321853,0.000379986536857338,0.00713567638240062
"PPP1R14D (54866)",25.9765697501668,4.36065931802894,1.22764029372585,3.55206597593379,0.000382219010420061,0.00716853684441868
"RASL11B (65997)",11.0749464104808,3.93039381921369,1.10687383361792,3.55089595565451,0.000383922156447046,0.00719139938444442
"SLC35A1 (10559)",579.994965918437,1.18449895590065,0.333757770960892,3.54897790841084,0.00038672952392031,0.00723486189963765
"HOXB9 (3219)",288.412568663587,3.61348380171893,1.01830246817229,3.54853681952143,0.000387377835247775,0.00723787467266723
"GADD45A (1647)",4323.27132808262,-2.400288880179,0.676598955973928,-3.54757993488759,0.000388787755014635,0.00725509210174294
"NEGR1 (257194)",218.480825867451,-4.95436411016502,1.39738265870805,-3.54545984901916,0.000391928691547988,0.00730452796016789
"CHI3L2 (1117)",241.727529939705,-3.66843944284759,1.03505670800538,-3.54419174763564,0.000393818717460523,0.00732138076240126
"ST6GALNAC2 (10610)",972.289170711326,3.89004977689154,1.09751044206618,3.5444307660236,0.000393461825431173,0.00732138076240126
"GBP5 (115362)",32.0786527229265,-3.56149509245383,1.0054107071856,-3.54232858969979,0.000396611091513934,0.00736407644168497
"ITPKC (80271)",2519.61091040374,1.58381774747874,0.447167490570985,3.54188929400116,0.000397272167573552,0.00736714204386709
"LCT (3938)",41.8469359235465,4.03418773756054,1.13933849729529,3.54081578664938,0.000398891974174219,0.00738795683838385
"CTHRC1 (115908)",285.196359177064,-3.31002694220397,0.935399833832421,-3.53862254672687,0.000402220535628488,0.00744032856317007
"SERPINB4 (6318)",14.2596131470265,-6.12107459325226,1.73043614433225,-3.53730162959252,0.000404237721060098,0.00746834217490883
"C1QL1 (10882)",218.119437853115,-2.4782229463644,0.701273943308146,-3.53388710647623,0.0004094959464155,0.00755609041994513
"TMEM254 (80195)",1098.53419989953,1.24718604153428,0.353270130284071,3.53040332204535,0.000414926624510247,0.0076409416716807
"GNG12 (55970)",12691.1411481037,-2.36500139709502,0.669919304361832,-3.53027802258652,0.000415123194361541,0.0076409416716807
"SLC6A4 (6532)",19.0468375937925,2.22668603427793,0.630826543364765,3.52979128367207,0.000415887616048118,0.00764553793165685
"CDH1 (999)",20714.0778340512,4.08258407645278,1.15698961854961,3.52862636880932,0.000417722452058007,0.00766977664137162
"MKRN1 (23608)",8828.50814689184,0.771187069800308,0.218617981593896,3.5275555294114,0.000419415777691327,0.00769136044669996
"TRAF4 (9618)",7519.92000252765,1.66660674419871,0.47262515908862,3.5262759761086,0.000421447549811818,0.00771908989507366
"SPDL1 (54908)",4715.54782372537,-1.73507251686377,0.492886221305857,-3.52022929808599,0.000431173871390772,0.00788750823354498
"TPSG1 (25823)",32.2895815789346,5.99043137171707,1.70195725265028,3.51973080545283,0.000431984997120931,0.00789262625736077
"USP21 (27005)",3001.50621825376,1.30677668390453,0.371486516376326,3.51769613780741,0.000435310517371474,0.00793386800617899
"AGPAT5 (55326)",3703.97433184483,-1.35927537276267,0.386395624648689,-3.51783324150868,0.00043508568225623,0.00793386800617899
"ELMO3 (79767)",1685.93681068643,2.42843392301923,0.690528028344549,3.51677820933799,0.000436818616264782,0.00795159770342779
"AK2 (204)",14516.1021484658,-0.910992582340762,0.259179686709928,-3.51490733670165,0.000439907455454024,0.00799802367602701
"PM20D2 (135293)",2245.39584349128,-2.77486070597866,0.789891808181394,-3.51296301245021,0.0004431391608891,0.00804693043502041
"THEM6 (51337)",5530.58923036478,1.9160087417579,0.545554078543181,3.51204182521064,0.000444678011441176,0.00805578077589841
"CA5B (11238)",1240.75765251362,2.5444932971559,0.724542841924807,3.5118603758423,0.000444981711427823,0.00805578077589841
"PTP4A2 (8073)",14687.077050349,-0.651678276137508,0.185573549693742,-3.51169806911057,0.000445253535546829,0.00805578077589841
"RAE1 (8480)",10571.9230964716,1.82032717216949,0.518738982093674,3.50913896006523,0.000449559956315926,0.00810346935413661
"RARA (5914)",3342.37970347317,2.32743692405597,0.663196249189284,3.50942413637157,0.000449078149575532,0.00810346935413661
"CSPG4 (1464)",812.761455722472,-3.72857734570372,1.06255855224583,-3.50905588950651,0.000449700395130855,0.00810346935413661
"MIEF2 (125170)",1686.00656433031,1.7616396365015,0.50205805891282,3.50883648858508,0.000450071510513175,0.00810346935413661
"NIPAL2 (79815)",1667.15372371592,2.20140024049171,0.627669097036446,3.50726242678773,0.000452742419890942,0.00814168995769982
"TBX18 (9096)",843.221184470335,-5.48643741417742,1.56458092138627,-3.50664982499994,0.000453785891565278,0.00815058722286656
"IQANK1 (642574)",199.944239427748,3.22875590153561,0.920940426247704,3.50593351047788,0.000455008868022285,0.00816268324348191
"C18orf54 (162681)",815.815058230099,-1.67421624042033,0.477770567104417,-3.50422641262126,0.000457935836672469,0.00820528216879717
"SLC22A5 (6584)",2291.30990329407,1.903645584208,0.543326643724426,3.50368531747087,0.00045886725252818,0.00821206526391999
"RARS1 (5917)",7453.92962147928,-0.875642981904015,0.250000357666434,-3.50256691661358,0.000460798020963858,0.00823669531094722
"GPR4 (2828)",39.4739775606526,4.7542561884006,1.35800172483727,3.50092058165118,0.000463653992672052,0.00827778414320992
"KRT75 (9119)",125.511035713954,-6.58918754687655,1.88273529772932,-3.49979498170746,0.000465616118315021,0.00830283531986953
"JAK2 (3717)",822.449833658903,-1.72205740167447,0.492292325359375,-3.49803828531627,0.00046869384600744,0.00834769590958575
"ATP1B3 (483)",9844.25216112185,-1.5039104237383,0.430125350382938,-3.49644684369191,0.000471498422715701,0.008387589905412
"SIX3 (6496)",31.0477546506037,-3.76681782482315,1.0781416623731,-3.49380601481627,0.000476186889621059,0.00846086131391292
"FSD1L (83856)",483.672535527139,-1.57227590151753,0.450246444732843,-3.49203401805972,0.00047935719302046,0.00850701522715163
"MOCS3 (27304)",2010.40130225278,1.64028239984949,0.46990918015941,3.49063706159784,0.000481870372872556,0.00853384572547492
"SV2A (9900)",221.051363720714,-3.36347451147866,0.963650019401945,-3.49034861594885,0.000482390826354843,0.00853384572547492
"VWA3A (146177)",20.2391369667661,3.48327544273044,0.998005457154503,3.49023686970801,0.000482592595220071,0.00853384572547492
"PLA2G10 (8399)",7.1470569184283,5.69266305219311,1.63146663027694,3.48929174924453,0.000484302254312534,0.00854373596859665
"IGFBP3 (3486)",11614.651998477,-3.15761395918263,0.904881743846573,-3.48953217440313,0.000483866806531266,0.00854373596859665
"TSPAN1 (10103)",7941.11889634959,3.72486623287169,1.06827370131422,3.48680888454827,0.000488820538426426,0.00861321503889221
"MYCL (4610)",301.471625279297,2.32606070962371,0.667803282174948,3.48315255661523,0.000495545889778998,0.00872137280423844
"INPP5J (27124)",1082.24147924626,2.67986358768107,0.769458611327614,3.4827910796362,0.000496215446579535,0.00872282158993185
"PDZD7 (79955)",256.470060928446,3.16733680824634,0.909534706177855,3.48237047661047,0.000496995583175504,0.00872620850175998
"ADAM23 (8745)",349.302314760227,-4.08997853899882,1.17545771242086,-3.4794773948741,0.000502392751106793,0.0088105571723026
"TBC1D30 (23329)",513.485222739841,3.53953891445624,1.01743578445549,3.47888187985301,0.000503510470048976,0.00881974589871165
"PHTF1 (10745)",1257.18168649696,-1.79317275636303,0.515509531237504,-3.47844733744969,0.000504327522927004,0.00882365256249437
"HADH (3033)",5610.10458097722,0.932969405479086,0.268327427497288,3.47698114270675,0.00050709348130822,0.00886160773100271
"ATG9A (79065)",2385.04312524637,-0.766995542139633,0.22073777871421,-3.47469085993053,0.000511442384559858,0.00892710361956772
"TLR1 (7096)",91.7329414823726,-4.0351675397683,1.16178158325581,-3.47325831113627,0.000514180227586026,0.00896435809925214
"CHST8 (64377)",73.0929342098051,4.56800827247521,1.31584853826186,3.47153045327634,0.000517500631176947,0.009011669842324
"KXD1 (79036)",2154.51306183435,-0.916110030642871,0.263974778885923,-3.47044529977149,0.000519596163273192,0.00903416447861713
"CCDC85B (11007)",3273.30714676124,-1.65500905626816,0.476915954636042,-3.4702321031201,0.000520008794211502,0.00903416447861713
"CSTF1 (1477)",6974.59811167958,1.79640025793782,0.517848494597992,3.46896877499349,0.000522460173070962,0.00906614884438793
"ENPP3 (5169)",81.0177222598576,3.86716082094425,1.11521101319728,3.46764941807489,0.000525031765082167,0.00910014216864703
"SLIT1 (6585)",89.6797116545326,2.9683379363539,0.856877820045551,3.46413206983944,0.000531945276283646,0.00920922509780568
"FOXJ1 (2302)",148.536925703166,4.42366111311415,1.27716320414862,3.46366157335627,0.000532876464960135,0.00921460653145268
"FUT11 (170384)",746.858155343501,-1.32789722012787,0.383427510115385,-3.46322886359477,0.000533734208223551,0.00921870689413097
"SPART (23111)",2578.53627982445,-2.69798796368514,0.77953735870054,-3.46101175725893,0.000538149308506229,0.0092733988730296
"DNAJB4 (11080)",2116.65091209184,-2.37580758675302,0.686445973718176,-3.46102632649197,0.000538120184887023,0.0092733988730296
"PPP1R37 (284352)",4157.13566620219,1.58620443512255,0.458410871535251,3.46022429575074,0.000539725615647855,0.009289784814407
"ZFYVE21 (79038)",2089.81772685509,1.49050949766584,0.430820180237738,3.45970213568766,0.000540773224433508,0.00929220371272238
"HTR1B (3351)",115.354635013856,-7.52064186711288,2.17389067921702,-3.4595308490037,0.000541117289047048,0.00929220371272238
"TPPP (11076)",653.290962715638,2.830643804321,0.818499268561335,3.45833394487498,0.000543527215544143,0.00932280976869827
"POLR1F (221830)",3057.2370893197,-1.26989358862458,0.36738452328563,-3.4565788925117,0.000547079040635835,0.00936752461346562
"GABRD (2563)",98.0280198908747,4.16664666812032,1.20547935483074,3.45642308300282,0.000547395406253411,0.00936752461346562
"DCAF5 (8816)",3691.41593370641,1.00521149198135,0.291044070040551,3.45381196683133,0.000552722608853506,0.0094478039492635
"INTS13 (55726)",2862.14340576044,-1.26304811193238,0.365745956841966,-3.45334811856343,0.000553673989230644,0.00945318785750803
"IFT140 (9742)",3277.28330796495,1.74230807702516,0.504772881075216,3.45166735842439,0.000557134120488997,0.00950134354275955
"HOXA1 (3198)",77.4735850209955,-3.58468398022877,1.0387492542909,-3.45096178449324,0.000558592658098568,0.00951529282499556
"SLC9A1 (6548)",4094.88594634565,1.45268917510386,0.421038529384334,3.45025234918064,0.00056006276280989,0.00952940696309062
"SMARCAL1 (50485)",1591.33157520966,-0.579400017493728,0.168112020002253,-3.4465115432315,0.000567874304437642,0.00963228749398085
"ZMYM1 (79830)",1456.32329002558,-1.09416128009053,0.317477108576178,-3.44642574388315,0.000568054654956727,0.00963228749398085
"S100A10 (6281)",13742.0457132653,-1.46796818645167,0.425877803826825,-3.44692344437982,0.0005670092290543,0.00963228749398085
"NET1 (10276)",9622.99213518373,1.2804317629954,0.371677220011112,3.44501006264823,0.000571038133013839,0.00967183629166198
"SSH3 (54961)",7587.22822355073,2.08662900653251,0.605776428280362,3.44455298872539,0.000572004505422033,0.00967716961678687
"CBLN1 (869)",18.9567931072151,4.25772811043192,1.2365341982747,3.44327566222802,0.000574713184101194,0.00971193360254737
"GFI1 (2672)",297.612743242991,3.23658126037459,0.940368218888778,3.44182331491298,0.000577807517413274,0.00975312825415542
"DCHS2 (54798)",58.8299590053183,-4.69163610756639,1.36384112938895,-3.44001658731939,0.000581678535698748,0.00980732459621931
"BAIAP3 (8938)",658.677260681961,2.84084843761443,0.826015928857609,3.43921749976826,0.000583398316339163,0.00982516847041036
"AKIRIN1 (79647)",5994.24483447092,-1.26349035671642,0.367593515208661,-3.43719435855449,0.000587773669005832,0.009887644484046
"SOAT1 (6646)",4458.2101385086,-1.68938448663622,0.491595976371629,-3.43653033758581,0.000589216361527691,0.00990070116983295
"NT5DC3 (51559)",1103.37909985139,-0.743629537054669,0.216539884625855,-3.43414580800917,0.000594424354266002,0.0099769258285505
"NOSTRIN (115677)",131.755376542646,2.96605898641743,0.863910708993626,3.43329345908052,0.000596296321166897,0.00999704915870552
"SCMH1 (22955)",2630.40515436606,-0.951766448981611,0.277356541985287,-3.43156300611831,0.000600113710192159,0.0100473375985757
"ARFGEF2 (10564)",14893.205725885,1.46470445742192,0.426863101727075,3.43132131003072,0.000600648699847533,0.0100473375985757
"CDH13 (1012)",742.392101818962,-4.50942096662968,1.31467917862687,-3.43005429761168,0.000603460477630486,0.0100716875671048
"NCKAP5 (344148)",237.033800478015,3.92421794993769,1.14406039045841,3.43007937576208,0.000603404705090158,0.0100716875671048
"GLT8D2 (83468)",124.799250834445,-2.86865131112062,0.836889412510546,-3.42775433436908,0.000608595925376853,0.0101459976156541
"CDK12 (51755)",18642.7890340183,2.31850745762942,0.676824596221372,3.42556619628388,0.000613519411174851,0.0102166113605283
"LBR (3930)",7184.73433990419,-1.22074413228329,0.356444084003543,-3.42478438293047,0.000615287522752848,0.0102345810335619
"HIP1R (9026)",6361.31847475907,2.01189436113448,0.587673143002595,3.42349209775884,0.000618220492367695,0.0102635769640665
"COMMD8 (54951)",795.756773152032,-1.18078211570139,0.344914261374757,-3.42340763468299,0.000618412641903831,0.0102635769640665
"ZNFX1 (57169)",8266.82519130545,1.1327503556344,0.331014714980656,3.42205438117937,0.000621498817531238,0.0103032850843851
"MEDAG (84935)",7.11142224001789,-5.13833884415385,1.50204674479683,-3.42089143493924,0.000624162428599655,0.0103359071509691
"PDK2 (5164)",1721.72376032333,2.5527945498796,0.746630010104975,3.41908912758635,0.000628311424357155,0.0103820635935732
"ATP2B2 (491)",148.603362850947,-5.62053999904276,1.6438781026652,-3.41907346410311,0.000628347594629211,0.0103820635935732
"CASP1 (834)",220.918323019405,-4.47119512018532,1.30858327479472,-3.41682123431291,0.000633568677811128,0.0104566990446739
"ZFHX4 (79776)",1056.6541860134,-3.8130813899654,1.11688112391023,-3.41404408073055,0.000640062191252686,0.0105521462695532
"TRMT11 (60487)",1635.62895513812,-1.39005067784892,0.407471204708671,-3.41140836894908,0.000646282192682088,0.010631095075627
"C3orf70 (285382)",170.192625056491,3.8455354223248,1.12725745724041,3.41140827911566,0.000646282405634251,0.010631095075627
"CFAP92 (57501)",265.210249422924,3.01966821144834,0.886155245521106,3.40760631583534,0.000655353726699919,0.0107578246646395
"ALDH1L1 (10840)",630.436255464287,5.81715989383237,1.70712726713689,3.40757247910908,0.000655434988656171,0.0107578246646395
"GALNTL6 (442117)",26.9290918364587,3.70694426106262,1.08820705372312,3.40646961291044,0.000658088757105312,0.0107894596004882
"PHF19 (26147)",4261.4209104739,-1.26691472609597,0.372186814493725,-3.40397530691494,0.000664127568506387,0.0108644833729007
"PAK4 (10298)",8614.46432915833,1.25040508272821,0.367317210456543,3.40415599142243,0.000663688399233304,0.0108644833729007
"TMEM126A (84233)",1184.20317037988,-1.39117909386734,0.408847266725336,-3.40268654602976,0.000667267858542333,0.0109038468325499
"FOXG1 (2290)",108.170018071944,-5.73914465594703,1.68681725447013,-3.40235116799883,0.000668087326285545,0.0109052408182917
"MALRD1 (340895)",65.3205839281435,4.91656919273546,1.44525686985847,3.40186529832371,0.000669276167384348,0.0109126544350462
"DCBLD1 (285761)",1488.56099184476,-1.41640955549221,0.416413889878599,-3.4014464692932,0.000670302549534679,0.0109174057793729
"CCDC82 (79780)",1922.79735718954,-2.92649120490641,0.860785545383586,-3.39979129598685,0.000674373052049818,0.0109716728533932
"TBX4 (9496)",26.5521590731818,5.43120087629262,1.59812893046761,3.39847478682678,0.000677627086610594,0.011012552236886
"RIIAD1 (284485)",18.0849847072537,4.98315901309385,1.46661548441103,3.39772698847171,0.000679481924747719,0.0110306278800029
"TRPM6 (140803)",16.1937648901308,-2.75122531027252,0.810005252229071,-3.39655243308776,0.000682404821328468,0.0110659838602763
"PLAUR (5329)",3180.75163414982,-3.24750232144748,0.956286190689906,-3.39595233421136,0.00068390268236432,0.0110781793280694
"CTSL (1514)",23039.7732941701,-3.11398671108655,0.91733473131873,-3.39460243330152,0.000687283243320189,0.011120811869584
"CAP1 (10487)",27678.4985860876,-0.884176843679319,0.260635688210252,-3.39238593820683,0.000692867726252206,0.0111989741085422
"GJB1 (2705)",18.4204814399658,3.38819493242799,0.999811582761081,3.38883344706924,0.000701906300880098,0.011332734992688
"EHBP1 (23301)",3853.1131179891,-1.94404067193236,0.574160321376818,-3.38588474255868,0.000709491757620907,0.0114427693460379
"C11orf96 (387763)",8.10297724596559,-3.96170752692382,1.17066008041671,-3.38416556026547,0.000713949383647549,0.0115021736927339
"PMS1 (5378)",1914.57327067755,-1.15941362173972,0.342726402861715,-3.38291305268222,0.000717213349902588,0.0115422395443695
"RNF114 (55905)",10454.1666173265,1.23563504315151,0.365446952699644,3.38116116175981,0.00072180194315224,0.0116035130558262
"UNC119B (84747)",3680.30251809396,0.72390412628899,0.214269175972897,3.3784800030246,0.000728877332890754,0.011704588002983
"BMS1 (9790)",7494.47205314385,-0.716461774018246,0.212109948952811,-3.37778485901027,0.000730722257722766,0.0117215425661058
"ACAA2 (10449)",1932.81422250957,-1.7790306740406,0.526839814385855,-3.37679618256346,0.000733353695990359,0.0117510634306805
"CCNA1 (8900)",65.9407403051728,-3.82605351131391,1.13382851214971,-3.37445519345762,0.000739619553437228,0.0118259513958629
"ARL13B (200894)",1022.43692506453,-1.3197267267457,0.391067638539419,-3.37467639018838,0.000739025381166238,0.0118259513958629
"NHEJ1 (79840)",309.091569235706,-1.24524285770107,0.369145834466315,-3.37330870738756,0.000742706327214882,0.0118625374026343
"FAM118B (79607)",1043.15012039362,-1.41816713664625,0.420645334427911,-3.37140821631837,0.000747849535167156,0.0119318549896594
"CCDC90B (60492)",1798.75225243827,-1.25508785982612,0.372625285491736,-3.3682305219031,0.000756523126240483,0.0120318046468338
"FAM222A (84915)",447.777494507094,2.06841670696787,0.61415112955151,3.3679278722134,0.000757354069260105,0.0120318046468338
"NOXRED1 (122945)",47.9284999687469,1.5290101060187,0.453990097989288,3.36793712636169,0.000757328648880945,0.0120318046468338
"APBB1 (322)",917.582307762792,-2.07806549886136,0.61695109734379,-3.36828236112752,0.000756380883464096,0.0120318046468338
"PERCC1 (105371045)",87.4557251432738,5.04111131372122,1.49729488341881,3.36681262291548,0.000760423374517789,0.0120676589797941
"WWP1 (11059)",12594.1865150719,2.65156485081264,0.787731526547753,3.36607684401457,0.000762454649114004,0.0120740952643277
"UGT8 (7368)",245.220831578859,-3.37068782053671,1.0013269544516,-3.36622099859756,0.00076205628323703,0.0120740952643277
"TLN1 (7094)",23735.6738636176,-1.62124209999914,0.481747256659584,-3.36533748264759,0.000764500887806949,0.0120936061634552
"CANT1 (124583)",11601.8279578623,1.30241810581501,0.387175653434974,3.3638946412568,0.000768508752311028,0.0121365336781336
"NAXD (55739)",5348.63000622467,1.45088147498576,0.431325672577234,3.36377259048027,0.000768848673160339,0.0121365336781336
"DISC1 (27185)",77.804336124189,-2.54060253298326,0.755776359333873,-3.36157978693922,0.000774979632870439,0.0122203263977256
"PIF1 (80119)",1086.38763128692,-0.70514521382331,0.209836560772596,-3.36044972919419,0.000778156905310386,0.0122574153462147
"CLMP (79827)",3189.48569272502,-5.02985851197953,1.49761617466938,-3.35857651449974,0.000783450286802899,0.0123277230510278
"POLN (353497)",58.6340411602758,3.12556578648621,0.931381466470673,3.35583850334714,0.000791247589031179,0.0124372398809197
"CELF2 (10659)",148.863707999828,-2.88170269176066,0.859398707988846,-3.35316153605163,0.00079894063149466,0.0125448880974859
"MCCC2 (64087)",10741.6417222727,1.08946023427499,0.32500708000982,3.35211231165201,0.000801974772784422,0.0125792326028931
"RFX8 (731220)",44.7290135191199,-4.30419209635704,1.28432791327894,-3.35131865612752,0.000804276961054364,0.012602035843356
"SYNPO (11346)",977.071981050791,-2.82814482394202,0.844102278176846,-3.35047647312415,0.000806726620564961,0.0126270992854288
"NKPD1 (284353)",71.7141209666559,2.50867352596243,0.749114292638294,3.34885283943411,0.000811468838998419,0.0126879559310342
"DOCK2 (1794)",177.248507889807,-3.26483592591374,0.975066564184441,-3.34832107451504,0.000813027602646428,0.0126989611037961
"MSX2 (4488)",1416.70171552451,3.94164344661748,1.17770836163973,3.3468756570001,0.000817278608486192,0.0127519500529978
"HSPBAP1 (79663)",456.626992109509,-1.464060193253,0.437488076775851,-3.34651450170404,0.000818343989798194,0.0127551748420382
"PELI2 (57161)",125.422702847624,-4.005750441987,1.19751834270433,-3.34504307711972,0.000822697916067419,0.0128095962738631
"MPP4 (58538)",50.4264343324311,-3.91339713969037,1.17007705149427,-3.34456362056899,0.000824121257601516,0.0128183216339402
"FAT1 (2195)",14122.8371077516,-1.30929547782176,0.391594510363421,-3.3434980398644,0.000827292784757143,0.0128515566063388
"CEP57 (9702)",2493.47958392227,-1.00197933988573,0.299726839768275,-3.34297502572803,0.00082885359020281,0.0128515566063388
"MT1E (4493)",1542.2721266711,-4.1228016060457,1.23323600319657,-3.34307593628415,0.000828552235257935,0.0128515566063388
"SPPL3 (121665)",3071.53134408361,0.592465848980929,0.177243427461837,3.34266752491285,0.000829772524536105,0.012852389029676
"BNIPL (149428)",131.086375563914,2.56287771423064,0.76734707585714,3.33991982880479,0.000838025783827179,0.012966703117676
"MED1 (5469)",24296.622547483,2.65388824076044,0.794995688894203,3.33824230474993,0.000843101932610792,0.0130181248513521
"OR7D2 (162998)",9.58635256946471,5.02075316424232,1.50399497451067,3.3382778861185,0.000842993968826463,0.0130181248513521
"MYO15B (80022)",714.869971531242,2.4870222961375,0.745161159337129,3.33756297543725,0.000845165668402551,0.013036439084581
"UIMC1 (51720)",3118.1776554791,-0.975550510934817,0.292540277093696,-3.3347562278488,0.000853742059257838,0.0131550669587302
"SPOCK1 (6695)",3431.96422893824,-4.35073233472518,1.30545085606144,-3.33274310137679,0.000859943063127093,0.0132368852432019
"FAM178B (51252)",44.6123803630602,3.24363457488283,0.973562030916869,3.33171844410169,0.000863115314657933,0.0132719615775662
"PMP22 (5376)",8547.02251846003,-4.42195580372106,1.32854801151255,-3.32841249650184,0.000873424380138626,0.0134165933222122
"CCDC159 (126075)",639.788497590073,2.63105812329281,0.790774471977128,3.32719152745855,0.000877260557062275,0.0134615994985569
"SLC8A2 (6543)",109.777297615772,3.12038583089595,0.938005954085394,3.32661623021199,0.000879073499052098,0.01347389974661
"CCDC125 (202243)",898.610779053482,1.44744366063653,0.435143179329199,3.32636182616458,0.000879876313061246,0.01347389974661
"MIDEAS (91748)",5091.97396087701,1.12027630516387,0.336888505088059,3.32536221403886,0.000883037341112378,0.0134944821655178
"GPR162 (27239)",100.057633510907,-4.1969552693642,1.2620837683334,-3.32541735712705,0.000882862690631449,0.0134944821655178
"NPR2 (4882)",315.205654575681,-3.59506324200755,1.08158253563821,-3.32389172675225,0.000887706534895418,0.0135263503517426
"ZBTB38 (253461)",7554.8210646379,-2.40074153897648,0.722178046797371,-3.32430700382405,0.000886385604458456,0.0135263503517426
"TMEM229B (161145)",688.950653721953,3.77430334802882,1.13552319389878,3.3238452268596,0.000887854557220215,0.0135263503517426
"BMAL2 (56938)",2201.67260457663,-2.10965428397909,0.634840081373956,-3.32312710850464,0.000890143438341991,0.0135334602181494
"BBS12 (166379)",149.272169452242,-1.24981581676254,0.376081995458447,-3.32325352411249,0.000889740113640796,0.0135334602181494
"RPL19 (6143)",248801.942518464,3.07719078018004,0.926134605893788,3.32261720984966,0.000891771973693087,0.013535200437836
"KCTD14 (65987)",18.0538991171073,-5.43576171396695,1.63605775858232,-3.32247543551101,0.000892225268875774,0.013535200437836
"TAC4 (255061)",88.6777261863841,4.3942434914749,1.32278983648853,3.32195135633929,0.000893902762186422,0.013535200437836
"SH2D5 (400745)",477.834784574111,-3.07664529944446,0.926081753021001,-3.32221781652434,0.000893049500922129,0.013535200437836
"PAPPA2 (60676)",67.3896314299019,-3.89521438766751,1.17305061735631,-3.32058508817472,0.000898289721992357,0.0135877754892815
"ARSD (414)",2473.99141128743,2.04643847051976,0.617137649843224,3.31601624214571,0.000913105217760352,0.0136142743963483
"CC2D2A (57545)",986.560480522166,-2.27088511107415,0.684260546590905,-3.3187433096765,0.000904235086405478,0.0136142743963483
"TNIP3 (79931)",115.643190240641,-6.60308994804606,1.98960339554273,-3.31879708430275,0.000904060983272443,0.0136142743963483
"PSMA6 (5687)",712.944249759929,0.897637839251949,0.270604717997039,3.31715516971057,0.000909390951388086,0.0136142743963483
"TENT5A (55603)",2548.22231204223,-2.81154394101518,0.84710085405479,-3.31901913161491,0.000903342401930851,0.0136142743963483
"ZNF684 (127396)",240.121335705929,-1.32021662401305,0.398132119093379,-3.31602641610385,0.000913071976345589,0.0136142743963483
"LYPD3 (27076)",3555.72614245249,3.2351729999158,0.974898746025385,3.31847077771455,0.000905117925979204,0.0136142743963483
"SERBP1 (26135)",30768.8948787309,-1.04827738631769,0.315861615409636,-3.318786883801,0.000904094006484848,0.0136142743963483
"ACSL1 (2180)",9411.22502387158,1.5825756234475,0.477282212534295,3.31580683689064,0.000913789657544044,0.0136142743963483
"TNFRSF11B (4982)",384.439820983602,-3.37765042988125,1.01817184969078,-3.31736772226325,0.000908699328077082,0.0136142743963483
"COA6 (388753)",1134.93885166182,-0.851115171180295,0.256673316130386,-3.31594722821885,0.000913330736851565,0.0136142743963483
"PCDH7 (5099)",345.595135807528,-3.00165561150158,0.905008673427546,-3.31671474499066,0.00091082559936436,0.0136142743963483
"CHST13 (166012)",32.4759074894338,-4.24875073155333,1.28117841828327,-3.31628340824419,0.000912232676728267,0.0136142743963483
"CSF1 (1435)",2372.20174551732,-3.46105281894311,1.04360974163191,-3.31642440739485,0.000911772497435516,0.0136142743963483
"SUPT3H (8464)",362.770030572704,-1.51056413392638,0.455277807330479,-3.3178953808084,0.000906984490125469,0.0136142743963483
"CYP2E1 (1571)",115.021550534986,3.9465325015957,1.19041258027294,3.31526444444231,0.000915564675060695,0.0136270517869254
"FASN (2194)",134442.468308308,2.2283334463438,0.672478345240642,3.31361368304939,0.000920986587155207,0.0136940287943978
"ERRFI1 (54206)",18963.8566227671,-3.22725366567245,0.974128038025308,-3.31296661187839,0.000923119992189132,0.0137120243639774
"NHERF2 (9351)",4358.82601892552,2.58952520656566,0.781799211823427,3.31226377233867,0.000925442454031782,0.0137279765143261
"ASPG (374569)",30.6487332680231,4.94193613971961,1.49209330733486,3.31208250544786,0.000926042309637454,0.0137279765143261
"EMID1 (129080)",198.691450504956,3.20770131265205,0.968614015601424,3.31164040679336,0.000927506831233675,0.0137359785355384
"MYRIP (25924)",310.457268769018,4.47276391221789,1.35101568550971,3.31066764079087,0.000930736831171811,0.013770084552018
"TIMM17B (10245)",3089.10552434782,0.799958277084151,0.241706989195942,3.30961996483957,0.000934227218510541,0.0137942456299757
"CENPE (1062)",4281.40190434618,-1.15284121821271,0.348314693536943,-3.30976912431184,0.00093372954664085,0.0137942456299757
"F5 (2153)",43.4315797681305,3.33780166028744,1.00892483002965,3.3082758605409,0.000938722931946829,0.0138468623943776
"FAT4 (79633)",506.526372718913,-4.11988871815034,1.24568981506484,-3.30731508624874,0.000941948771027728,0.0138806617508392
"SLC25A37 (51312)",9713.26683357452,-2.0206282503947,0.6111725887174,-3.30614999379335,0.000945874393331231,0.0139246959747692
"STEAP1B (256227)",20.0693508908409,-3.16643071710759,0.958490743746066,-3.30355899393691,0.000954658806631075,0.0139938440206979
"QKI (9444)",6878.40257074735,-1.87999033598569,0.569025601779666,-3.30387653930841,0.000953578166198216,0.0139938440206979
"ANP32E (81611)",9196.58391515217,-1.70965187361205,0.517517958273053,-3.30356047801148,0.000954653753531368,0.0139938440206979
"MMP16 (4325)",1313.88245665802,-3.4851122113279,1.05501528411459,-3.30337603995256,0.000955281933283136,0.0139938440206979
"NEK5 (341676)",105.383990675445,2.55736600360292,0.774113162907207,3.30360743899335,0.000954493869695509,0.0139938440206979
"CALCOCO2 (10241)",11490.6930330686,2.10192976485305,0.63640858869849,3.30279917992885,0.000957249139848147,0.0140088460328122
"SERTAD2 (9792)",2815.84235224627,-1.01128045369785,0.306240128302972,-3.30224670196506,0.000959136715786668,0.0140226543073771
"CENATAC (338657)",1140.4351915417,-0.786786679150575,0.238280328086244,-3.30193719922109,0.000960195657493595,0.0140243326415043
"STAU1 (6780)",22657.3530834422,1.28951986173799,0.390569558813859,3.3016394458754,0.000961215421327602,0.0140254360200395
"TMEM141 (85014)",725.875157044132,1.19478263212381,0.361927732360803,3.30116353430672,0.000962847435430969,0.0140354620273716
"DBH (1621)",27.9633220493872,4.46923181069889,1.35406137194888,3.30061244141864,0.000964740470493434,0.0140492695575583
"ABCG1 (9619)",1529.22217514877,4.08215790827359,1.2370392333955,3.29994215063708,0.000967047602823456,0.0140608018119414
"RGMB (285704)",1152.40038811537,-1.92146299191007,0.582291071837673,-3.29983248042266,0.000967425572357892,0.0140608018119414
"ACOT6 (641372)",15.2984684697239,4.27377211794654,1.29544629651814,3.29907316840031,0.000970046235003973,0.0140851092617292
"COMMD7 (149951)",1324.94412810489,0.956168142526926,0.289885523360738,3.29843357281784,0.00097225881220405,0.0141034496059365
"ZNF175 (7728)",1170.23208034702,1.70091275249203,0.515748405057012,3.29795058174539,0.000973932737632213,0.0141139481802818
"TRIB2 (28951)",4036.74399584425,-2.88871358316196,0.876133151968047,-3.29711708394219,0.000976827709259402,0.0141421040870752
"SERPINB3 (6317)",12.061770141251,-4.98226602925842,1.51224793953253,-3.29460923636541,0.000985586294343166,0.0142550134529439
"TRPV4 (59341)",272.3569986221,3.78339882931712,1.14901217951201,3.29274040500071,0.000992160355277092,0.0143361380518346
"CYFIP2 (26999)",2715.31558246846,2.73183848266574,0.82989709830218,3.29177977396787,0.000995555380436334,0.0143572617679624
"CSGALNACT2 (55454)",1860.08168699427,-1.14548814234641,0.347963272320884,-3.29198002624273,0.000994846770474806,0.0143572617679624
"DQX1 (165545)",106.493555884578,3.1105524233313,0.945275725648998,3.29062974847438,0.000999633900480703,0.0143742129310168
"KCNJ11 (3767)",347.174674974546,3.03827879689321,0.923277459621304,3.29075378720867,0.000999193258959719,0.0143742129310168
"ESRRG (2104)",86.7655656261833,4.10799859743766,1.24832212015585,3.29081615322556,0.00099897177468472,0.0143742129310168
"OTOGL (283310)",70.2874415093761,4.66976155422994,1.41940192861372,3.28995012624135,0.00100205141995691,0.0143811321662221
"TPRN (286262)",2282.10594891015,1.78596795884417,0.542827542522697,3.29012037698786,0.00100144530462204,0.0143811321662221
"ZNF467 (168544)",1348.10168722198,2.71884825950768,0.826631563717373,3.28906901072225,0.00100519373908938,0.0144123048266734
"KIAA1210 (57481)",28.6070345983894,4.70735526683801,1.43144836656903,3.2885260668681,0.00100713457751441,0.0144262073427185
"NCOA7 (135112)",3959.70388967671,-1.98624954656514,0.604047261287061,-3.28823533167419,0.00100817528185718,0.014427201962145
"RAB39B (116442)",263.621430643728,-3.57208781072579,1.08650228298885,-3.28769471233817,0.00101011310872651,0.0144334215903005
"AFF1 (4299)",4184.78935331688,0.957708806425446,0.291311884015039,3.28757204555377,0.00101055328220766,0.0144334215903005
"HMGCLL1 (54511)",35.674996875675,-4.10006953706091,1.24724843828056,-3.28729177862369,0.00101155964925358,0.0144339164553436
"CYP2A6 (1548)",80.8948600506407,4.20331059191479,1.2788615042377,3.28675980783414,0.00101347237259792,0.0144473307318326
"DKK1 (22943)",5298.91175329093,-3.58850099802555,1.09201754332252,-3.28612028256189,0.001015776243866,0.0144662898623063
"FAM98C (147965)",1147.39914126267,1.46482564239878,0.446014959059001,3.28425227146922,0.00102253348838079,0.0145367569056891
"LRRC55 (219527)",16.9893030281679,-7.56704319142119,2.30406696727819,-3.28421148295016,0.0010226814976737,0.0145367569056891
"ACVR1B (91)",2152.98635264638,1.11131970175103,0.338419790315874,3.28384962567866,0.0010239954376204,0.0145415183847164
"NPDC1 (56654)",4394.25203002557,1.56968539486977,0.478057552345408,3.28346532163064,0.00102539259473046,0.0145474513869401
"HSPA13 (6782)",3709.11482035526,-1.29625233304677,0.394835605686888,-3.28301782913348,0.0010270216998852,0.0145566606203195
"RAB1B (81876)",6644.22156356723,0.870102655144875,0.265123430493259,3.28187762781305,0.00103118345860627,0.0146017150563752
"C8orf58 (541565)",379.6934777951,-1.6069559252959,0.489875088969859,-3.28033811369162,0.00103682748280817,0.0146676527901262
"TNK2 (10188)",4965.39639381017,1.61035276243408,0.491058972832596,3.27934698585185,0.00104047617572279,0.0147052646186359
"ZNHIT6 (54680)",2970.60852948173,-0.809989950706297,0.24703975817833,-3.27878377423601,0.00104255484791821,0.0147206366073927
"LRTM2 (654429)",58.9687879285454,4.22864419857249,1.29091885313078,3.27568552300329,0.00105405858774558,0.0148689328227663
"SCGB2A1 (4246)",15.2499981007883,7.37410485383642,2.25225468120585,3.2740990241336,0.00105999458393591,0.0149384815462847
"RPL10 (6134)",43780.4068069947,-1.0286900273994,0.314322524975074,-3.27272131540994,0.00106517445103294,0.0149972524129321
"CSF2 (1437)",6.56007693458196,-3.98525033907919,1.2186371287099,-3.27025186184681,0.00107451767189243,0.0151144749036839
"AP1M1 (8907)",4558.15533588404,-1.42944444283034,0.437217376755173,-3.26941361168905,0.00107770640100927,0.015130671909822
"SYTL3 (94120)",363.136380098645,2.48767676002688,0.760853889741353,3.26958538763934,0.00107705224788293,0.015130671909822
"FN1 (2335)",16715.0628326154,-2.65035285559504,0.811017180490017,-3.26793675812601,0.0010833457009171,0.0151811481522854
"COL5A1 (1289)",5643.69936465655,-4.48838002076442,1.37343492990295,-3.26799611910378,0.00108311850818975,0.0151811481522854
"MAMLD1 (10046)",1125.41658639522,-3.85027707576753,1.17900669373991,-3.26569568791346,0.00109195527937905,0.0152315940884022
"KHNYN (23351)",4136.73685707063,0.843298869961499,0.258226323782333,3.26573548974171,0.0010918018212706,0.0152315940884022
"SPEF1 (25876)",56.3365665159858,1.42288367385639,0.435710205865469,3.26566523965179,0.00109207268777086,0.0152315940884022
"FBXL20 (84961)",4407.94458893221,2.55345124515337,0.781691316402907,3.26657235608492,0.00108857985254691,0.0152315940884022
"SEMA3D (223117)",1983.2953710524,-5.18458398626869,1.58759889672477,-3.26567623406927,0.00109203029198838,0.0152315940884022
"CRCT1 (54544)",29.4006220202424,8.32121062175385,2.54925955716906,3.26416766717726,0.0010978617513742,0.0152979722841579
"SLC9B2 (133308)",963.983857971925,-2.08577462127721,0.639159365279362,-3.26330917542853,0.00110119314849381,0.0153300122096786
"PCTP (58488)",1970.36066278804,1.63568159338541,0.501551523609155,3.2612433945272,0.00110924780745109,0.0154276843931446
"RNF224 (643596)",157.923499157696,3.19398228889574,0.979680853535177,3.26022732542976,0.00111322950462066,0.0154685791034942
"STARD6 (147323)",5.55085509313649,-3.69600480775478,1.13412537484445,-3.25890319512665,0.00111843824290952,0.0155264314581103
"DYRK3 (8444)",827.310261719001,-2.48903916585561,0.764005338964891,-3.25788190070487,0.00112247109648989,0.0155678671029513
"AIRIM (54955)",2114.50728683982,-1.16682780900133,0.358397469511976,-3.25568093600152,0.00113120794050407,0.0156597975286556
"STAT3 (6774)",13846.6788659256,-1.22154283162944,0.375202301337451,-3.25569120251959,0.00113116704148973,0.0156597975286556
"ASB8 (140461)",1759.01933478917,1.11449481041796,0.342626270297593,3.25280022880308,0.00114273805399389,0.0158046844078447
"EPHA1 (2041)",1793.91009663201,3.20810621425311,0.986675694571607,3.25142925066782,0.00114826350010664,0.0158643716395309
"MACROD2 (140733)",400.252569618058,3.08267673412186,0.948165815457697,3.25120003681402,0.00114918970540833,0.0158643716395309
"SETD1B (23067)",4312.78817143516,1.0972764347664,0.337594618611012,3.25027821616648,0.00115292156713305,0.015901111381796
"SYTL1 (84958)",1626.08920911488,3.20041208822116,0.984924383237939,3.24939877891926,0.00115649228277823,0.0159355624938662
"DSCAM (1826)",20.4907536805994,4.31096364966386,1.3270321393765,3.24857516389117,0.00115984561307032,0.0159669571237688
"PIP4K2A (5305)",2390.52658945406,-1.30472376528262,0.401835238744937,-3.24691226523013,0.00116664347179799,0.0160160093623727
"SUGCT (79783)",184.181363160627,-2.85068668370384,0.877949833446232,-3.24698129107672,0.00116636056620146,0.0160160093623727
"GPC5 (2262)",118.042368667405,3.72777265958165,1.14801230732979,3.24715391619124,0.00116565333176656,0.0160160093623727
"ABCB9 (23457)",1216.76667854315,1.3173376851574,0.405840911984118,3.24594600065592,0.00117061041428634,0.0160556298188452
"PPP1R1B (84152)",1488.65117442802,4.5733128703274,1.40951504129779,3.24460026060921,0.00117615604235377,0.0161168098276041
"DENND6B (414918)",409.061704902042,1.81410975178714,0.559229802761912,3.24394326416019,0.00117887225309232,0.0161391414262058
"DNAJC6 (9829)",1166.1536017835,-2.51555029640376,0.775680491734002,-3.24302380066353,0.00118268331022895,0.016176406896999
"TMCC2 (9911)",275.625586068527,-2.53224629113158,0.781077213208864,-3.24199227465422,0.00118697239954276,0.0161936472214733
"ATG10 (83734)",462.73102827505,-1.07884244605508,0.332781506353869,-3.24189423227106,0.00118738080717213,0.0161936472214733
"RAB26 (25837)",814.337556943019,2.47934806912942,0.764671556368535,3.24236994102929,0.00118540039633256,0.0161936472214733
"KLRG2 (346689)",679.679841347291,4.34439813230004,1.34017177873577,3.2416725984174,0.00118830452884112,0.0161936472214733
"ANKH (56172)",2531.9969874902,-1.65600432351685,0.510987543849624,-3.24079195950849,0.0011919814041414,0.0162288650569352
"DDX49 (54555)",3370.86118565082,-0.716859627350449,0.22131188101637,-3.23913756486225,0.00119891732860264,0.0163083498159924
"ANKRD7 (56311)",32.0492085568138,-5.26839211903094,1.62723567925676,-3.23763311374618,0.00120525697594637,0.01637958565481
"NFIX (4784)",6059.84341220288,-2.75166385103808,0.850447635603567,-3.23554765260205,0.00121409618140399,0.0164695750489268
"FBXO6 (26270)",516.365286619243,2.03213373775664,0.628032575284125,3.23571390677831,0.00121338932434513,0.0164695750489268
"ACTC1 (70)",16.5173078305249,-4.82063950016653,1.49021090205928,-3.23487064381627,0.00121697852572148,0.016493612245499
"TMEM241 (85019)",1864.30963783102,1.42307952195319,0.439965819957063,3.23452290473855,0.0012184614700255,0.0164986569514665
"NEO1 (4756)",2324.35580725814,1.97793311852825,0.611604221578492,3.23400828304192,0.00122065915351638,0.0165133616268965
"CES3 (23491)",139.867111556942,3.76341331487139,1.16425338919631,3.23246928013608,0.00122725330483906,0.0165874618654044
"GNG2 (54331)",66.0943184458293,-3.31572596066918,1.02700074343588,-3.22855263918918,0.00124418358615731,0.0167857429507545
"GREB1 (9687)",4534.95628886305,4.56395727600854,1.41358937639848,3.22863014692181,0.00124384646565361,0.0167857429507545
"SYCP2 (10388)",3427.46709554673,3.27196317019868,1.01401486154859,3.22674084401659,0.00125208808152861,0.0168770565907677
"NR3C1 (2908)",5351.4208561879,-2.42717650117374,0.752620572610658,-3.22496698801955,0.00125987195525255,0.0169512119776461
"DENND5A (23258)",6291.51247042798,-1.74244232086653,0.540270898486696,-3.22512710891355,0.00125916749717604,0.0169512119776461
"CYP2A7 (1549)",25.1369340995215,6.06722429834836,1.88208072742405,3.22367909619499,0.00126555133298624,0.0170122167422422
"FAM131B (9715)",343.396835599381,3.70063799433911,1.14845084121304,3.22228680718309,0.00127171766574663,0.0170796511817363
"UNC5CL (222643)",63.5795014068991,2.01417971004283,0.626056996743135,3.21724654547584,0.00129427326012775,0.0173668789574865
"OOEP (441161)",25.3081201556112,-6.99526762723326,2.17483291157426,-3.21646209692942,0.00129781675682569,0.017398709481849
"PRKCQ (5588)",78.1865219699924,-3.84779002956666,1.19638998055784,-3.21616704594314,0.00129915187144628,0.0174009034251245
"NBEAL2 (23218)",8729.94088928925,1.65261629769678,0.513997646145743,3.21522152890986,0.00130343890932478,0.0174425959991985
"ATG16L2 (89849)",1720.50987412319,1.81063338959593,0.563230335803757,3.21472987958304,0.00130567323632426,0.017456768904015
"GTF2F2 (2963)",2277.0829626162,-0.834017556934743,0.259692417745423,-3.21155913667196,0.0013201679634164,0.0176346896839813
"PDE4A (5141)",633.869013132262,-2.80346192406455,0.873704637184133,-3.20870670104241,0.00133333430428361,0.0177626437272007
"PABPC4 (8761)",12089.1204658389,-1.31087417625109,0.408500590256302,-3.20898967472391,0.00133202275483036,0.0177626437272007
"ATP13A4 (84239)",324.059941363253,4.65817858604764,1.45166318221398,3.20885632639886,0.00133264066013155,0.0177626437272007
"MAP3K7 (6885)",4360.96023571979,-0.541361768410654,0.168732594073728,-3.20840067316281,0.00133475404819282,0.0177656242220934
"FARP1 (10160)",5946.09219152883,1.53691088433385,0.479172885184123,3.2074245681562,0.00133929178095017,0.0178100627701287
"TOM1L1 (10040)",6021.2194814008,2.16993413743668,0.676704472700512,3.20662006086226,0.00134304248236967,0.0178439651459025
"ANKRD55 (79722)",5.69705799992588,-5.39549652427523,1.68299905208349,-3.20588209339501,0.0013464914867861,0.0178738020953716
"RIPPLY3 (53820)",79.6147801595887,3.47513369884782,1.08420435419631,3.20523864841314,0.00134950539210737,0.017897815262824
"LRP1 (4035)",4991.7649010334,-2.71523012141001,0.847373490403362,-3.20428966938477,0.00135396178218137,0.0179408994759341
"SLC25A1 (6576)",7718.34983323827,1.03185177322757,0.32207156211837,3.20379659241177,0.00135628261905629,0.0179556346020161
"KTI12 (112970)",215.343231732928,-1.354212733445,0.422766302618458,-3.20321824387967,0.00135900949216427,0.0179757141554836
"ATM (472)",4011.89218138409,-1.39607374651947,0.436018138901943,-3.20187079839225,0.00136538223198351,0.0180439392116398
"ARMC6 (93436)",2853.5054833347,-0.788218375596054,0.246213851889196,-3.20135674556108,0.00136782069863761,0.0180600965845005
"KALRN (8997)",444.082863904193,3.52614013283265,1.10204324223796,3.19963863275635,0.00137599993519575,0.018151956516339
"MTCL1 (23255)",4762.95712233131,-2.54103246256656,0.794295202130114,-3.19910337586342,0.00137855727646307,0.0181695561531344
"CPXM1 (56265)",57.1729294431337,-4.29155100231325,1.3417000513631,-3.19859196394399,0.00138100478580018,0.0181856782697481
"SEPTIN8 (23176)",5931.90035517054,1.01966790764146,0.318955879917776,3.19689327534679,0.00138916314152814,0.0182769081525766
"WASHC2A (387680)",3734.81672585901,-1.25167658212459,0.391996859857656,-3.19307808378646,0.00140764877091604,0.0185037299497229
"ARL6 (84100)",374.245803830717,-0.976141208693819,0.305837463076699,-3.19169927344388,0.00141438508547154,0.018575840901498
"ZNF534 (147658)",21.1335480302621,2.68750686326259,0.842221874615827,3.19097252667354,0.00141794762817134,0.0186061785060574
"CHAD (1101)",69.2772768616196,2.77888775801529,0.871015777855101,3.19039887527454,0.00142076553132272,0.0186267000902628
"TLX1 (3195)",5.18873950003661,3.97859462323735,1.24768707130621,3.18877602784818,0.00142876530422728,0.0187068643122398
"TIMM10 (26519)",2422.28082323837,-0.953740069874586,0.299104859652754,-3.1886478574164,0.00142939888207838,0.0187068643122398
"MYLIP (29116)",1822.81547426468,2.01311797582568,0.631854462517284,3.18604693841284,0.00144231194767811,0.0188507218634326
"RASGRF2 (5924)",110.374326784218,-2.71382662294993,0.851817981486746,-3.18592314547443,0.00144292922840467,0.0188507218634326
"INPP5D (3635)",106.730623104378,2.21858042047457,0.696826496724485,3.18383475786766,0.00145337953072049,0.0189705619941319
"GPR83 (10888)",44.0729102514729,3.23030875085233,1.01538377112066,3.18136732408781,0.00146581645987292,0.0191160998199757
"AMZ1 (155185)",513.324159370282,3.15130204815153,0.990805621707713,3.18054518374661,0.00146998213630614,0.0191536093444661
"SNF8 (11267)",3897.87064713448,2.01187330940421,0.632836545849249,3.1791357856938,0.00147714875983097,0.0192301206647933
"IL3RA (3563)",233.894533723672,2.76640849184305,0.870333418387268,3.17856172519403,0.00148007700656152,0.0192513694005822
"PFKFB4 (5210)",998.245919296978,1.49142873397317,0.469435434343596,3.17706893187262,0.00148771670947882,0.0193338092761141
"TMEM270 (135886)",29.7480626728447,3.36089286917306,1.05813297313508,3.17624812240305,0.00149193285031099,0.0193716525861184
"CECR2 (27443)",543.312932001433,3.32730268442464,1.04790028301146,3.17520926214717,0.00149728480670832,0.0193734046331406
"GNG13 (51764)",36.6443509992371,2.42947983961326,0.765084610072148,3.17543943196577,0.00149609750448873,0.0193734046331406
"TMEM184A (202915)",5769.27857546108,3.68304792367794,1.15983516443549,3.17549254981466,0.00149582362592593,0.0193734046331406
"IDH2 (3418)",11252.9765119219,1.59249544072508,0.501505565530325,3.17542924781118,0.00149615001983011,0.0193734046331406
"PLEKHS1 (79949)",2212.97713180814,4.7446708941198,1.49513667732812,3.17340278388379,0.00150663348557533,0.019477401039805
"MAOA (4128)",2449.76119873507,4.75543469864574,1.4987431138029,3.17294848920395,0.00150899294604226,0.0194909401917493
"PARD6B (84612)",969.702279337774,1.89564130794119,0.597579661047039,3.17219850591932,0.00151289556743846,0.0195074225336206
"NEK8 (284086)",491.073390130879,1.3214423612671,0.416568436228401,3.17220952511765,0.00151283816057762,0.0195074225336206
"ZNF823 (55552)",608.436745497882,1.67811173326401,0.529060425000032,3.17187159342699,0.00151459960085193,0.0195124566097612
"S100A3 (6274)",181.977250185951,-3.22817133538096,1.01805899140156,-3.17090793622551,0.00151963296264228,0.0195603362453106
"STRN4 (29888)",8120.31587943966,0.739155587038427,0.233128945457615,3.17058692813764,0.00152131306608667,0.0195650080377935
"EFS (10278)",665.6728904044,4.13829386743719,1.30544151584261,3.17003390593572,0.00152421150660879,0.0195853267466842
"ITGB3 (3690)",47.8696358062763,-2.2756098320767,0.717990265786587,-3.1694159942178,0.00152745605528516,0.019610053798795
"TRIO (7204)",16644.4660593419,-1.28558937766406,0.405780608745046,-3.1681883016539,0.0015339213423297,0.0196590747359494
"SCNN1A (6337)",12278.6340435122,3.84486014826092,1.21355889922294,3.16825178466645,0.00153358641045296,0.0196590747359494
"GLYATL2 (219970)",201.311701812106,-5.42067485176292,1.71141013459603,-3.16737335030591,0.00153822695581231,0.0196972613807207
"SULT1C4 (27233)",21.2955374044865,4.63698589469388,1.46465525504287,3.16592309263804,0.0015459166074425,0.0197786781110688
"MMGT1 (93380)",3215.6010205459,-1.30976357371721,0.413919396863578,-3.1642961978631,0.00155458495812062,0.0198724655489877
"GGT5 (2687)",137.610324839973,-4.05354474635959,1.28117733399718,-3.16392168265485,0.00155658676140942,0.0198809456182077
"CYTH2 (9266)",4952.88022609023,1.08890852904411,0.344214351396554,3.16346057224565,0.00155905468085482,0.0198953593036233
"MAP1B (4131)",5929.09235458794,-3.48465611404506,1.10172060676845,-3.1629217903677,0.00156194287181676,0.0199111022350233
"CD14 (929)",278.999419498904,-3.64273017312057,1.15176747494599,-3.16273054445421,0.00156296924774722,0.0199111022350233
"CELF3 (11189)",28.0341405074879,2.34157496471412,0.740446488530248,3.16238242869115,0.00156483910483508,0.0199178406711399
"SYT17 (51760)",424.522873558156,2.1579470620074,0.682524584928413,3.16171330624484,0.00156843899209898,0.0199312206635975
"STARD9 (57519)",783.438850229073,-2.25380080945499,0.712847259987291,-3.16168825492179,0.00156857391650367,0.0199312206635975
"SGCB (6443)",2214.71523564301,-2.67046255258665,0.844761348809678,-3.161203523752,0.00157118674442088,0.0199473571808785
"FGF12 (2257)",1114.58312199186,-4.5297791130121,1.43331159518994,-3.16035893954505,0.00157574885042941,0.0199881925057885
"HID1 (283987)",7042.88415167658,3.84393662828918,1.21725678630087,3.15786830810822,0.00158927335333991,0.0201326244398343
"GPR135 (64582)",135.279196095541,-1.74601652314467,0.552928240526346,-3.15776333196979,0.00158984572963011,0.0201326244398343
"RPL26 (6154)",1855.59821955905,-1.14216041909821,0.36194149374031,-3.15564929374388,0.00160141286815891,0.0202618285720889
"FGF22 (27006)",19.1181981969188,1.72107231107432,0.545532490284082,3.15484841274638,0.00160581515257805,0.0202873323408198
"FOXD3 (27022)",25.9479287295445,-3.08799693024952,0.978829368881353,-3.15478573531014,0.00160616014762381,0.0202873323408198
"ARMT1 (79624)",3413.76201004858,1.51722120345391,0.481050959414272,3.15397188959208,0.00161064599252091,0.0203267082182715
"CACNA2D2 (9254)",288.567093317867,1.97857915136582,0.627592788097407,3.1526480050289,0.00161796776933972,0.0203452091644988
"RGCC (28984)",21.012453323149,-2.84213947567577,0.901479440683371,-3.15275018753758,0.00161740155729265,0.0203452091644988
"MREG (55686)",1145.59884794747,2.09256147753785,0.663720279716108,3.15277616412881,0.00161725764530721,0.0203452091644988
"TTBK1 (84630)",22.6379094306107,3.16069025216305,1.00260789182159,3.15246895415968,0.00161896036302932,0.0203452091644988
"SPRYD3 (84926)",3148.96327097925,0.961922563213416,0.305048317936438,3.15334491834126,0.00161410966285501,0.0203452091644988
"SARDH (1757)",141.283123362606,4.21763485722111,1.33837378228646,3.15131311823501,0.00162538140045959,0.0203793725974972
"PTS (5805)",1627.74934369388,-0.998158477159792,0.316751134310031,-3.15123884034085,0.00162579483829502,0.0203793725974972
"DLL1 (28514)",122.650470219804,2.84644410900695,0.903175891720614,3.15159442928029,0.0016238164734047,0.0203793725974972
"CAB39L (81617)",1343.98844287775,1.80396113861391,0.572710363442179,3.14986641375145,0.00163345133174785,0.0204408475836415
"CENPW (387103)",1592.72742421473,-1.17150365869044,0.371911579662675,-3.14995209278774,0.00163297237612131,0.0204408475836415
"CYP46A1 (10858)",50.7078935971994,2.50880606153578,0.796837814917516,3.14845256408354,0.00164137360483552,0.0205185588565474
"JMJD1C (221037)",4865.07486402101,-1.07852668772003,0.342579012939869,-3.14825674364746,0.00164247363570788,0.0205185588565474
"PHLDB3 (653583)",1327.36800963939,1.83988360872215,0.584457437929717,3.14801983740585,0.00164380537493546,0.0205185588565474
"CPLX2 (10814)",29.3312145698783,2.92432618070448,0.9290159801928,3.1477673614372,0.00164522573113505,0.0205190453486818
"PNO1 (56902)",2168.40964785441,-0.966228842922503,0.307015596740847,-3.14716533355177,0.00164861712275016,0.0205417983239249
"NOL8 (55035)",4310.47483198799,-1.25513094220318,0.3988400909431,-3.14695280315299,0.00164981590147047,0.0205417983239249
"MIER1 (57708)",2557.0525945473,-1.01592323273294,0.322971291935075,-3.14555274137853,0.00165773302350188,0.0206230873794781
"ACOXL (55289)",116.860351414064,2.62067434577229,0.833469201276706,3.14429656399775,0.00166486624004064,0.0206806011510511
"TMEM239 (100288797)",4.6040370012854,-5.69132348902022,1.81007441870218,-3.14424834151343,0.00166514063394756,0.0206806011510511
"TMEM17 (200728)",199.503503989448,-1.50783378825392,0.479755631769235,-3.14292045451005,0.00167271289799888,0.0207572910500212
"ENO1 (2023)",131263.776075606,-1.419056820104,0.451585503635627,-3.14238789482712,0.00167575870561633,0.0207739671412146
"RMDN2 (151393)",150.785498922321,-1.2726344178194,0.405014251756167,-3.14219663209673,0.00167685381730957,0.0207739671412146
"AKT1 (207)",14002.5417338422,1.33607533944852,0.425493104112707,3.14006343824226,0.00168911253065229,0.0209083979419243
"GADD45GIP1 (90480)",2925.363072441,-0.779514724349674,0.248363570934859,-3.13860330408169,0.00169755087420354,0.0209953544424808
"RHBDF1 (64285)",3761.30014168325,1.31740514895975,0.419958576826351,3.13698831659887,0.00170692928965202,0.0210762491009901
"ZNF300 (91975)",1059.76134854355,-2.59408033335605,0.826914091526019,-3.13706146737545,0.00170650346651639,0.0210762491009901
"STX2 (2054)",1631.87804839782,-1.72817508476349,0.551248325787635,-3.13502101306927,0.00171841801971703,0.0212004827781368
"HEY2 (23493)",208.968445920332,3.49707287381074,1.11595096660519,3.13371552914112,0.00172608103940885,0.021277350837659
"KIF14 (9928)",3629.11157389732,-1.18435492724249,0.378063551813477,-3.13268740549423,0.00173213809639425,0.0213343111806303
"LIN7B (64130)",432.82960080412,1.71450834981085,0.547345719388823,3.13240478380886,0.0017338065469113,0.0213371685566035
"CCR10 (2826)",20.9759014534235,-2.1215108959233,0.677394158169195,-3.1318706698876,0.00173696371210387,0.02135832696986
"ACSF2 (80221)",3451.79612198715,2.4692815606071,0.78850679846994,3.13159197282589,0.00173861319778821,0.021360926749335
"PTAR1 (375743)",3623.22582031601,-0.835081007788051,0.266875425022644,-3.12910417928962,0.00175340129839641,0.0215248123027936
"RNF103 (7844)",1275.91140978481,1.19067524715688,0.380630740390125,3.12816365261646,0.00175902209776507,0.0215759820315461
"ANXA9 (8416)",1577.93317075348,3.06942189987919,0.981838145421753,3.12619948022157,0.00177081389389486,0.0216848059191378
"DLAT (1737)",5108.25128487365,-1.07417503657432,0.343580021573437,-3.12641879366295,0.00176949366358195,0.0216848059191378
"COL4A6 (1288)",703.596868434006,-3.89626373342718,1.24672965646342,-3.12518733570489,0.00177691857593361,0.0217416379958137
"ARSB (411)",1177.48320335805,-1.67572529202618,0.536249807976403,-3.12489676844774,0.00177867468365147,0.0217452129637523
"SUPV3L1 (6832)",3104.76002381981,-1.01435472503234,0.324702011831842,-3.1239557750497,0.00178437274116975,0.021796934783993
"CFAP45 (25790)",238.267603941719,2.42315208615509,0.775896232753402,3.12303628225661,0.00178995680860262,0.0218471803081211
"MUSK (4593)",10.8799945030586,-4.16017996705816,1.33233297017013,-3.1224776840334,0.00179335700653715,0.0218707101601829
"CKB (1152)",2582.92452339069,-3.05161659034863,0.977446718789235,-3.12202857883515,0.00179609502252843,0.0218861324566343
"CRELD1 (78987)",343.814550290525,1.26628545882078,0.405665386202776,3.12150235610146,0.00179930808172001,0.0219073133162861
"HOXD12 (3238)",7.04438040876874,5.66611515849446,1.81563104784807,3.12074149933164,0.0018039631330681,0.0219460019480701
"CAMP (820)",33.0178482430293,4.86300668980359,1.55945884204857,3.11839373934058,0.00181839698886645,0.022103493349118
"PRR5L (79899)",338.46241470285,-3.31229077085528,1.06269940928507,-3.11686516611846,0.00182785150796554,0.0222002504491579
"COQ2 (27235)",1365.34571411875,-1.19991072618295,0.38512347629436,-3.11565199226087,0.00183538735050526,0.022273565117978
"LRRC40 (55631)",1828.53235098379,-1.08851830816719,0.349447258153574,-3.11497166673666,0.00183962579489802,0.0223067767815634
"FAM83E (54854)",1514.97792285535,4.51134427888942,1.44971688410989,3.111879518227,0.00185900351755532,0.0225233590944264
"CDH7 (1005)",21.4443325510712,3.87175923603609,1.24440785230846,3.11132658706206,0.00186248829958656,0.0225261472677211
"PLXNB1 (5364)",7217.60443820609,2.24284566811086,0.720912300868902,3.11112137413608,0.00186378315551563,0.0225261472677211
"APOF (319)",36.0115180817527,5.76454841204266,1.85273718270892,3.11136866353285,0.00186222290689074,0.0225261472677211
"TAFA3 (284467)",26.6219798462836,-3.18101009334839,1.02354271237043,-3.10784303859823,0.00188458130151575,0.0227590005306626
"RAB11FIP2 (22841)",948.385637690094,-1.44698553344967,0.466030601640422,-3.10491527456844,0.00190333536194713,0.0229668102894904
"OGFRL1 (79627)",3486.27731552665,-1.87283733311896,0.603357436383678,-3.10402627063671,0.00190906379025326,0.0230172350165762
"SREBF1 (6720)",29166.4622886389,2.1457505495653,0.691405964676768,3.10345970267762,0.00191272281092497,0.0230275520064552
"RAB3D (9545)",4516.05602556961,2.46811138066903,0.795289186946025,3.10341372821474,0.00191302000646059,0.0230275520064552
"HHAT (55733)",576.268616006334,1.75696731565397,0.566244548545128,3.10284190844435,0.00191672000154638,0.0230534080185991
"IL17RE (132014)",965.358645754522,2.59331049663791,0.835912511704495,3.10237071502846,0.00191977382508134,0.0230714566324905
"GALNT6 (11226)",5824.83328999577,3.38144745285209,1.09010380309551,3.10194996407678,0.00192250450441866,0.023085595722421
"TRMT1 (55621)",4084.68222357527,-1.44004374642963,0.464285876864715,-3.10163159851886,0.00192457307108156,0.0230917676880819
"ARL10 (285598)",867.890800973656,-3.65294673661663,1.17831255848592,-3.10015089825614,0.00193422074240489,0.0231887933072496
"CYSLTR1 (10800)",22.2875282226153,3.64829127902987,1.17812973095033,3.09668042761896,0.0019570072513331,0.0234430529929854
"PPP1R9B (84687)",8576.65661737677,1.3864325349747,0.447837419694348,3.09583896745597,0.00196256912763343,0.0234907347476768
"CCDC183 (84960)",78.6110327088422,1.66491485912536,0.538035885769068,3.09443087935581,0.00197190876443383,0.0235835207623994
"LRRC7 (57554)",94.4359924378084,-1.41217731912064,0.456408086348438,-3.09411108470707,0.00197403559164267,0.0235899635384234
"NRN1 (51299)",242.704019990038,-4.03553434472063,1.30442019650748,-3.09373801135982,0.00197651941533527,0.0236006586779663
"IL1RAP (3556)",1568.99541928345,-2.64466555864063,0.855051679954764,-3.09298913813086,0.00198151387614499,0.0236412908564319
"SYNGR4 (23546)",18.9424323019333,3.08531717395528,0.998130785836517,3.0910950926832,0.00199419757956643,0.0237704000092281
"SEMA4A (64218)",1149.12919926664,3.42543332195657,1.10823315637789,3.0908959024039,0.00199553580257893,0.0237704000092281
"TBX10 (347853)",44.3400022425804,4.50900017606666,1.45913875223658,3.09017916846854,0.00200035786822126,0.0238087466142297
"TYW1B (441250)",240.294936375727,2.06607754475295,0.668741257135275,3.0895021395921,0.00200492262440397,0.0238439717076834
"SAMD5 (389432)",176.415123453046,-3.4834985162354,1.12892808019784,-3.08566912041459,0.00203094689087154,0.0241341480936047
"RTTN (25914)",2950.92411566643,-2.35067974590186,0.762326428441471,-3.08356060894764,0.00204539441854377,0.024286401832973
"FBXO30 (84085)",2025.96673814285,-1.10561347909441,0.358689318435777,-3.08237079352106,0.00205358859621424,0.0243447765428302
"TMEM266 (123591)",62.88359572024,1.09966860084795,0.356734464112815,3.08259703357451,0.00205202818131678,0.0243447765428302
"SRCIN1 (80725)",1146.32364734516,3.71501599332339,1.2054909566001,3.08174522005624,0.00205790894778079,0.0243765386844783
"ESRP2 (80004)",5840.82389548421,3.53957340618149,1.1487381116036,3.08127097937089,0.00206118971600772,0.0243959458498634
"SRGAP1 (57522)",2376.01206134479,-1.40595100056958,0.456611333232212,-3.07909790722295,0.0020762843512194,0.0245550380199148
"ANO4 (121601)",12.4050646685286,-4.17903927163993,1.35785084282217,-3.07768654689213,0.00208614221303786,0.0246519939796852
"TMX3 (54495)",4124.45197590129,-1.58709423172699,0.51583897657081,-3.07672414030763,0.00209288888686617,0.0247120600361765
"PDRG1 (81572)",2714.57998864504,0.813757200087888,0.264524006412874,3.0763075575748,0.00209581542120752,0.0247269597034286
"SLC39A14 (23516)",10743.0585110754,-2.06782775087809,0.672248179541616,-3.07598862117868,0.00209805851674229,0.0247337787362619
"PTPRZ1 (5803)",73.2000133006986,-3.59140025638743,1.16781480017688,-3.0753166134249,0.00210279198970277,0.0247591216816007
"LRRC2 (79442)",67.6551456378965,-4.17434431909176,1.357417524673,-3.07521027481751,0.00210354191208968,0.0247591216816007
"RABGAP1 (23637)",7631.99312134221,1.00095107216449,0.32571713250871,3.07306853789068,0.00211869820992757,0.0249177697626794
"VPS35L (57020)",1869.16994039908,-2.16991559057736,0.706532931898088,-3.07121648915631,0.0021318851608076,0.0250530238755032
"UGGT1 (56886)",9008.7088776913,-0.667499754318106,0.217368103755027,-3.07082659685147,0.00213467084245887,0.0250659294022799
"PLAGL1 (5325)",1260.05954034324,-3.22332627890315,1.04987183767009,-3.07020929912403,0.00213908810422707,0.0250979578990433
"PIK3IP1 (113791)",568.872451336076,2.36162550530453,0.769368745300552,3.0695625728622,0.00214372493950222,0.0251325100642194
"UNG (7374)",6338.77783674647,1.06973165561247,0.348645653992959,3.06824893229295,0.00215317173530752,0.0252212677502882
"CHI3L1 (1116)",533.610510366266,-4.41779255391737,1.43994058662029,-3.06803808085336,0.00215469158308306,0.0252212677502882
"EIF5A (1984)",26781.7937007164,-1.15697821912477,0.3772061588236,-3.06723045756479,0.00216052215208116,0.0252696031866249
"TMEM39B (55116)",1061.03045862831,-1.47567384376333,0.481569318742302,-3.06430203572207,0.00218178516850819,0.0254982194280257
"UCHL5 (51377)",4648.47242510242,-0.857230438927974,0.280011754643899,-3.06140876127913,0.00220298120358509,0.0257256940236265
"ACSS3 (79611)",382.101215154763,3.00829684787213,0.983469539383041,3.05886123301727,0.00222180038556617,0.0259250769263157
"SERTAD3 (29946)",2400.61810262645,1.23108729641509,0.402658248266047,3.05739992094159,0.00223266181653239,0.0260313646960535
"SKIC8 (80349)",2836.68523870415,0.771133959983965,0.252240423815299,3.05713869458379,0.00223460854092938,0.0260336276603647
"SHD (56961)",44.5348584085791,5.78332069853729,1.89218502883025,3.05642450945325,0.00223993876970049,0.0260548555091082
"KREMEN1 (83999)",2129.85291758692,2.16033909980009,0.70679704748017,3.05651970038925,0.00223922765211787,0.0260548555091082
"GCNT7 (140687)",53.6452427115751,1.85898293095229,0.608290190466573,3.05607908870997,0.00224252095067006,0.0260644805956597
"C11orf91 (100131378)",10.0815642949017,-4.47635016151142,1.46511376896066,-3.0552918526504,0.00224841610177767,0.026112566673812
"AKIP1 (56672)",1711.05335615585,-1.05029948652042,0.343864540384476,-3.0543989367036,0.00225511981230657,0.0261699606968764
"C9orf40 (55071)",1038.59243039796,-1.51420325543226,0.495903270145484,-3.05342462248341,0.002262455522706,0.0262345935474434
"VNN2 (8875)",14.6576482381434,-3.32280779968186,1.08856207185619,-3.05247434720548,0.00226963129498653,0.0262655920058488
"DPYSL3 (1809)",3890.40338388738,-3.85980520976631,1.26445164548015,-3.05255264095182,0.00226903929160642,0.0262655920058488
"TMCC1 (23023)",2233.78032984486,1.40331541374946,0.459746428713594,3.05236827543401,0.00227043356237444,0.0262655920058488
"RGL1 (23179)",275.424257769119,-1.85821991988018,0.608871822998751,-3.05190657489827,0.00227392863368844,0.0262855532488779
"TPGS2 (25941)",5714.77751977313,-1.22004738788126,0.399837776923976,-3.05135597058213,0.0022781031498896,0.0263133314062675
"GJC2 (57165)",49.2889523701286,-1.83295379333739,0.600763346476052,-3.05104131949644,0.00228049189090726,0.0263204557478916
"EPX (8288)",16.6783684398222,2.71234174217306,0.88915745744595,3.0504627942548,0.00228488987768431,0.0263507408719897
"ADCY8 (114)",75.6483090118851,-6.50883178751938,2.13511454283386,-3.04846960523272,0.00230010179459816,0.0265055950791009
"RPE65 (6121)",115.362738941595,-4.61230223583779,1.5131532198337,-3.04813959048027,0.00230262938283547,0.0265141525989442
"CIPC (85457)",1530.33017234082,1.00036593060165,0.328231423486484,3.04774576417984,0.00230564903415926,0.0265283584457023
"GTPBP4 (23560)",9766.20575584719,-0.83912277745818,0.275502507182545,-3.04578998586821,0.00232069870668495,0.0266602154594728
"DCXR (51181)",5783.73666567913,1.64526662031697,0.540155138843189,3.0459149640611,0.00231973431787098,0.0266602154594728
"DNAAF3 (352909)",222.969753379421,1.75635726803187,0.576720642076562,3.04542119683434,0.00232354659205037,0.0266723037699507
"PPP1R3D (5509)",1454.80924884893,1.96231726774546,0.644516529406118,3.04463451007783,0.0023296322916649,0.0267215120157455
"MAP7D2 (256714)",309.388936483785,-3.25758835576332,1.07030779514551,-3.04359957998853,0.00233766060034956,0.0267929093808583
"CDK6 (1021)",3355.49500813261,-1.54270545196302,0.507046951967366,-3.04252978146748,0.00234598601903671,0.0268089289722939
"ELAPOR1 (57535)",4836.8812465049,4.36745839439041,1.43528445917277,3.04292181698088,0.00234293196168234,0.0268089289722939
"TBCEL (219899)",935.968428599054,-0.963618447891171,0.316712620775262,-3.04256409338026,0.00234571857492967,0.0268089289722939
"C6orf58 (352999)",30.8479592185523,-5.11927254801726,1.68259174273021,-3.04249237531061,0.00234627761303232,0.0268089289722939
"C17orf113 (110806298)",153.205667235451,1.99275651278869,0.655038305389418,3.0421984430422,0.00234857007249851,0.0268144964311245
"UBA52 (7311)",24697.0474854334,-0.713582639115349,0.234596565161703,-3.04174376391014,0.0023521202818968,0.026834404506371
"ZFP64 (55734)",2469.29481434419,0.838032504547124,0.275535465024439,3.04146874331692,0.00235427007230248,0.0268354809730694
"MRPL27 (51264)",5010.09827364077,1.71810973707953,0.564931743454753,3.04126959935495,0.00235582787053201,0.0268354809730694
"NECTIN2 (5819)",7265.65486808424,1.15575838749071,0.380092516113129,3.04072913434242,0.0023600604011815,0.0268630936391954
"PATZ1 (23598)",3734.76184296453,1.26293268659977,0.415385617571213,3.04038616932434,0.00236274986466323,0.0268731136980916
"CISD3 (284106)",3799.22606380209,2.69853197347891,0.888335292051475,3.0377403640545,0.00238359225746258,0.0270894257018739
"POGLUT1 (56983)",1279.78572914337,-0.866069633555405,0.285339853058423,-3.03522141850293,0.00240359157960449,0.0272749803846028
"ZNF615 (284370)",608.655287816879,1.30054983858577,0.428456669655585,3.03542908932008,0.00240193697316472,0.0272749803846028
"TMT1A (25840)",1257.39718461274,3.07588311967146,1.01381730981396,3.03396192775195,0.00241364887851817,0.0273681988103122
"RPS27A (6233)",33009.0713737181,-0.93365750761848,0.307895270324875,-3.03238665093274,0.00242628200758576,0.0274904599089846
"CCN1 (3491)",16507.1489438228,-2.51179063979695,0.828422365131746,-3.03201693425731,0.00242925575171588,0.0275031744938931
"FKBP7 (51661)",285.284623473536,-1.90805006694732,0.629469041738305,-3.03120557236327,0.00243579347944374,0.0275351219114793
"NAMPT (10135)",16048.0766331077,-1.91577620446786,0.632065583916238,-3.0309769321687,0.00243763870429482,0.0275351219114793
"CTPS1 (1503)",7551.3710886822,-1.41214904246997,0.46589955636945,-3.03101607023246,0.00243732275254143,0.0275351219114793
"USH1C (10083)",46.283759337107,3.30657648069128,1.0916324371624,3.02901999622366,0.00245348443078497,0.0276510301478603
"FBXW4 (6468)",1383.12273038992,0.939236355527879,0.310078525479546,3.02902741837837,0.00245342415436252,0.0276510301478603
"CAPN11 (11131)",13.9322492246096,3.90303607142653,1.28853222765322,3.02905584172704,0.0024531933366508,0.0276510301478603
"ST3GAL5 (8869)",1079.96455309409,2.70666310026076,0.893799032619517,3.02826810220208,0.00245959770089798,0.0276989114853212
"RAB22A (57403)",7787.33698905064,1.57678573046062,0.5211997282024,3.02530036978127,0.00248386315464388,0.027913037850783
"FGD3 (89846)",2109.56917359384,3.20988736402497,1.06103091464557,3.0252533830244,0.00248424909376162,0.027913037850783
"COPS8 (10920)",4866.29149341404,-0.999082576666668,0.330229542170701,-3.02541853190781,0.0024828928387689,0.027913037850783
"SUOX (6821)",2012.54605146908,1.26717623498456,0.418948563875949,3.02465826177118,0.00248914204220587,0.0279468752040257
"ZNF574 (64763)",2058.2613388354,0.948751377830817,0.313910159775437,3.02236594861895,0.00250807140685852,0.0281381364633508
"DHX33 (56919)",4248.40058779067,-1.04577857538495,0.346126910336406,-3.0213732135665,0.00251630996142541,0.0281879850429962
"CCDC9B (388115)",5418.59755137143,-2.69051797161443,0.890455594228619,-3.02150718020382,0.00251519674999856,0.0281879850429962
"ZFP36 (7538)",4865.75079373434,2.67970030158101,0.887005340545093,3.02106445033831,0.00251887738217539,0.0281920272614276
"NDUFAF6 (137682)",3410.83236862843,2.44783169031271,0.810305933598392,3.02087346126471,0.00252046668932112,0.0281920272614276
"CCDC22 (28952)",1407.58792479354,0.542862631545639,0.179833571235539,3.0186946064404,0.00253866296892168,0.0283732732863311
"CLIC6 (54102)",31.8149065647789,4.14530858399767,1.37331152945334,3.01847650376004,0.00254049101055745,0.0283732732863311
"MSANTD3 (91283)",1635.20711402089,-1.61398866020451,0.534778930391575,-3.01804833451969,0.00254408324074835,0.0283845716679647
"SMIM1 (388588)",94.1235831846239,1.75718766850981,0.582255000650846,3.01790051875145,0.00254532445548195,0.0283845716679647
"VAMP7 (6845)",4880.60157567757,-1.05840611521927,0.350747091586934,-3.01757631240955,0.00254804876846829,0.0283864268868398
"LINGO1 (84894)",910.563190711032,4.37969871945941,1.45146848374035,3.01742598514657,0.00254931287646723,0.0283864268868398
"ABHD11 (83451)",4054.65724311959,1.91478253158141,0.634801657378444,3.01634771952066,0.00255839688012836,0.028454582911492
"NR2C2 (7182)",4040.62346238163,-0.611281267498283,0.202663012156144,-3.01624485393179,0.00255926503095149,0.028454582911492
"CBFA2T3 (863)",1122.96106193505,4.3635818819183,1.44720158162152,3.0151859542809,0.00256821746010259,0.0285327615200926
"CNTLN (54875)",833.864172265676,-3.18117435370272,1.05515259042677,-3.01489508016661,0.00257068165364898,0.0285387931863244
"GRIK4 (2900)",50.6777824988823,3.11874716505004,1.03498069988307,3.01333847616907,0.00258390549402974,0.0286641764065106
"JAG2 (3714)",1640.77340995495,2.07016670532619,0.687414632940254,3.0115255133158,0.00259938557677082,0.0288143831025028
"CYYR1 (116159)",72.6497323163657,-5.56479103022379,1.84885789028305,-3.00985330428606,0.00261373895071193,0.0289518854391312
"PRXL2B (127281)",651.297602622921,1.30452334301484,0.433557364868211,3.00888290390679,0.00262210155184442,0.0290228736595358
"ABRAXAS1 (84142)",353.96382378837,-1.22412698766837,0.406948011809094,-3.00806725219396,0.00262914949035517,0.0290792155843155
"LRBA (987)",10410.4661205628,1.77645375956474,0.591106754532348,3.00530106608269,0.00265318088749763,0.0293231762670311
"WNT2B (7482)",239.89073226017,-1.51985043309799,0.505839501620962,-3.00461001607749,0.00265921568374871,0.0293609119347552
"RIMKLA (284716)",358.904904177304,2.4896695425297,0.828658574949251,3.00445758698892,0.00266054850304164,0.0293609119347552
"MRPS24 (64951)",67.6206381177218,-2.03450627254611,0.678018417521793,-3.00066520314061,0.00269390578403334,0.0296773137794577
"RSAD1 (55316)",3386.93800501822,1.28560781930449,0.428526478526263,3.00006623564033,0.00269920902895162,0.0296773137794577
"EFCAB11 (90141)",519.505650242674,1.25636819361769,0.418735504338433,3.00038611629708,0.00269637562696086,0.0296773137794577
"MAL2 (114569)",12776.1005747469,3.60031276786,1.20002790503247,3.00019087286357,0.00269810470837275,0.0296773137794577
"PRR5 (55615)",449.875671834662,1.56597972874055,0.521951431997023,3.00024031498296,0.00269766675177991,0.0296773137794577
"GABPA (2551)",2297.84532816151,-0.654787917382413,0.218285624120267,-2.99968410664391,0.00270259737331386,0.0296925897804764
"RBM7 (10179)",1386.90455714065,-1.45962723058723,0.486666140199357,-2.99923727997454,0.00270656432214837,0.0297141954480353
"LYL1 (4066)",10.081957754651,-2.30835430179969,0.76979105284012,-2.9986764502953,0.00271155092491693,0.0297469552723162
"ASB1 (51665)",3210.9045219566,-1.21630428581184,0.405835899739124,-2.99703472904612,0.00272619654014292,0.0298855523300981
"EYA1 (2138)",60.8727788240822,-3.72128024625509,1.24235133683961,-2.99535255117251,0.00274127799765022,0.0300287193046434
"SRGAP3 (9901)",804.655887428594,2.25907047422603,0.754358689430188,2.99469006704548,0.00274723834685321,0.0300718337539849
"PSMD3 (5709)",34127.6647600816,2.28728877782972,0.763872085236416,2.99433481342863,0.00275043942687592,0.0300847034218077
"MT1G (4495)",37.0351487510219,-4.7636104931285,1.59115237014974,-2.99381164399748,0.00275515974813412,0.0300928497287455
"RSU1 (6251)",4397.93522116193,-1.05579468619519,0.35266639870709,-2.99374902192508,0.00275572525441194,0.0300928497287455
"LRRK2 (120892)",465.764179955429,3.71578051984514,1.24125023014843,2.99357891712198,0.00275726191469117,0.0300928497287455
"QSER1 (79832)",6862.95054730455,-1.34733490054131,0.450499233531166,-2.99075958460672,0.00278284492081194,0.0302157708686217
"PPP4R4 (57718)",118.001295061809,-4.05461459194442,1.35578272712207,-2.99060794243277,0.00278422706713166,0.0302157708686217
"COL21A1 (81578)",76.0429139166665,-3.47849601455546,1.16276989792001,-2.99156008491265,0.00277555912119586,0.0302157708686217
"ARRB1 (408)",4795.01365796904,3.06180355004025,1.02371723691135,2.99086841526474,0.00278185336739916,0.0302157708686217
"CEP170 (9859)",1098.51538966072,-1.61679934190131,0.540659164718187,-2.99042252015473,0.00278591795505999,0.0302157708686217
"FOXC2 (2303)",53.202531187439,-4.31843121570386,1.44353998870103,-2.9915563472473,0.0027755930992491,0.0302157708686217
"HLA-DQB1 (3119)",27.7066840357081,4.34159857221759,1.45168495805346,2.99073056322025,0.00278310938845212,0.0302157708686217
"LIMK2 (3985)",5538.4257880883,2.06545536417089,0.690381561117934,2.99175916695443,0.0027737498718887,0.0302157708686217
"MT-ND5 (4540)",309086.047324041,0.979286850713316,0.327485385039346,2.99032230276676,0.00278683223980152,0.0302157708686217
"DNASE2B (58511)",10.8187887349012,5.14974235021735,1.72243849242519,2.98979752999281,0.00279162422582453,0.0302456500732295
"DNAL4 (10126)",832.386008273661,1.30117292510542,0.435372146794307,2.98864531111164,0.00280217217615942,0.0303234142828529
"VPS37B (79720)",2098.09133864267,0.815372844188588,0.27283064821107,2.98856763173392,0.00280288459743887,0.0303234142828529
"CCDC18 (343099)",1138.78356552062,-1.45552417899877,0.487128173224005,-2.98796961252629,0.00280837475502722,0.0303606976791662
"ISCA2 (122961)",769.30105697338,0.760825578828588,0.254773545610152,2.98628170757094,0.00282392370485126,0.0305065910631714
"THRA (7067)",3082.07378150206,2.12208904501403,0.710948544207841,2.9848700898298,0.00283698782092701,0.0306254484680594
"RANBP6 (26953)",2553.97678863179,-1.30049138174105,0.435798004098387,-2.9841609404146,0.00284357159815957,0.0306519684463442
"ZNF649 (65251)",594.040499558228,0.859384239968656,0.287960621251472,2.98438111514618,0.00284152599365865,0.0306519684463442
"MLPH (79083)",17130.5689527464,2.92287402399661,0.979872061368861,2.98291393257342,0.00285518272182767,0.0307548108412097
"MAPK3 (5595)",4421.02856494665,0.97865262294922,0.32827030650618,2.9812401656584,0.0028708355217264,0.0308305021245251
"SLC1A5 (6510)",18640.026327142,1.15903672353644,0.388761347215149,2.9813579252132,0.00286973169660906,0.0308305021245251
"CLSTN2 (64084)",756.329730019297,3.09867039608536,1.03930408879337,2.98148581295674,0.00286853337328772,0.0308305021245251
"F11R (50848)",8875.79395821455,2.89765358158958,0.971926383214665,2.98135088380412,0.0028697976887189,0.0308305021245251
"NTF4 (4909)",20.692692313734,3.34234342815431,1.12119544479464,2.98105334236931,0.00287258751449729,0.0308305021245251
"SUSD6 (9766)",3102.29690532927,1.71524414744522,0.575565048286702,2.98010477278116,0.00288149808560587,0.030859244818738
"NEMP2 (100131211)",1023.28932803753,-2.35011082620508,0.788576876330742,-2.98019241591279,0.00288067373630112,0.030859244818738
"SLC10A5 (347051)",88.9510728493328,2.60487785369285,0.873970525839145,2.9805099562045,0.00287768883465283,0.030859244818738
"NAAA (27163)",1586.03902255218,2.5318176132605,0.850199004219393,2.97791176030025,0.0029021952465601,0.0310585073432303
"SMOC2 (64094)",93.9075360740438,3.77492180559138,1.26808245376052,2.97687409394933,0.00291203572425839,0.0310794988069516
"BANK1 (55024)",223.779504932929,3.66500050717585,1.23106078446247,2.97710767285641,0.00290981797849705,0.0310794988069516
"TP53INP1 (94241)",5684.28217760166,3.10388604781911,1.04250431915987,2.97733639158489,0.00290764787222722,0.0310794988069516
"CDK5R2 (8941)",20.6570189601449,-2.94525063259536,0.989394114569067,-2.97682247066748,0.00291252607642902,0.0310794988069516
"ADAMTS3 (9508)",142.558078117256,-3.21011403059282,1.07861928117024,-2.97613262309759,0.0029190859423878,0.0311048081694608
"MYORG (57462)",3721.2720348567,2.22224312792554,0.746659511052768,2.9762469974999,0.00291799740706069,0.0311048081694608
"PDE1C (5137)",3275.50769733724,-4.49188490765539,1.50992017191673,-2.97491548970651,0.00293069274223944,0.0311837464134847
"FMNL2 (114793)",3879.43204474524,-2.69066431854055,0.90439724903106,-2.975091223932,0.00292901431205563,0.0311837464134847
"SULT4A1 (25830)",314.491707167414,-3.26159774860858,1.09645614530038,-2.97467232281785,0.00293301666654232,0.0311861342625767
"ZG16B (124220)",856.908192395341,3.40699543538299,1.14560051029398,2.97398212096527,0.00293962202816581,0.0312340097327432
"SYTL2 (54843)",2061.84229833358,2.37393817125048,0.798492540687185,2.97302485657219,0.00294880569970074,0.0313091921825267
"GJC1 (10052)",2023.78602214167,-2.15121384293113,0.723785152796461,-2.97217183112912,0.00295701138959193,0.0313738908435703
"DNASE1 (1773)",1495.58564265325,1.08867062346926,0.366414084732092,2.97114840513091,0.00296688374195861,0.0314561678108874
"SULT1A1 (6817)",765.74720051856,2.9340151200975,0.988213264902576,2.96901005511877,0.0029876082012117,0.0316533040091288
"GMEB2 (26205)",2600.54264780398,0.594892284093594,0.200476597117207,2.96739017245885,0.00300339560726541,0.0317978890593873
"GSDMA (284110)",42.6094035955882,4.89677008315365,1.65050377032978,2.96683362448499,0.00300883727516168,0.0318101557902147
"RPH3AL (9501)",219.060209170191,2.63870244720744,0.889355964190705,2.96698122400135,0.00300739323990245,0.0318101557902147
"DCST2 (127579)",77.9348741267753,1.76063269030425,0.593503295468234,2.96650870138005,0.00301201837927289,0.0318211386953908
"EEF1A1 (1915)",434466.538466372,-0.96343535291589,0.324853166114754,-2.96575638907443,0.00301939554289055,0.0318607455487231
"CUL4B (8450)",8789.21529122721,-1.6845759355764,0.568021777756551,-2.96568899563988,0.00302005720564172,0.0318607455487231
"ANKRD26 (22852)",1249.68894476026,-0.936570866854092,0.316099935853925,-2.96289483363545,0.00304760673422213,0.0320833642196014
"NCAM2 (4685)",1034.28076578073,3.46559203172402,1.16966548460641,2.96289159365096,0.00304763881202757,0.0320833642196014
"ADGRV1 (84059)",1275.30787058583,3.63477387800058,1.22675018767154,2.96292913955012,0.00304726710381616,0.0320833642196014
"ETNK2 (55224)",1117.97943827464,2.47805610130948,0.836564243355389,2.96218266677309,0.00305466502646057,0.0321345568718451
"ARSK (153642)",464.102875828064,-1.40948556318545,0.475950544249111,-2.96141181098792,0.0030623217848289,0.0321923055851724
"FAM210B (116151)",7452.84284138659,1.89831918860982,0.641107652152794,2.96099911182685,0.00306642823403155,0.0322126767951235
"EFNA3 (1944)",167.022989475956,1.72844763538399,0.583935907066828,2.95999546262905,0.00307643573305211,0.0322949656386969
"LRRC45 (201255)",2559.18733472143,0.975650288402676,0.329752325295129,2.95873664432682,0.00308902965288871,0.0324042701017012
"CALR (811)",62638.0742833978,-1.14291094854246,0.386321718049186,-2.95844342977619,0.00309196987688374,0.0324122233953642
"CDCP1 (64866)",11648.7327830327,-2.41198587934465,0.815502785541522,-2.95766724787213,0.00309976540345985,0.0324710263067649
"ICOSLG (23308)",229.321428795561,2.78881925562034,0.943068664647206,2.95717518794203,0.00310471664872503,0.0324999725864422
"TMEM45B (120224)",1572.10526155909,3.81225300013205,1.28933055038424,2.95676930868964,0.00310880614568289,0.0325198637239251
"TTC39A (22996)",3368.90868840001,3.34747031013008,1.13226970269121,2.95642487136566,0.00311228042702592,0.0325332958923596
"KRT37 (8688)",5.87179270241426,5.38692709379205,1.82271279421864,2.95544482426334,0.00312218537253574,0.0325680769126727
"RNF112 (7732)",62.6207435784168,2.82824226225704,0.95689711184346,2.95563883227575,0.00312022233238382,0.0325680769126727
"PLK5 (126520)",8.15137688415628,2.8051233150672,0.949119343994696,2.95550115253248,0.00312161530766642,0.0325680769126727
"MAP2 (4133)",459.453053193221,-2.12251528817314,0.718413658797512,-2.95444729116902,0.0031322965469649,0.0326506195849941
"RABEP2 (79874)",2904.50003312404,1.51114580727666,0.511596437881866,2.95378484950594,0.00313902765928848,0.0326978379039769
"CEP164 (22897)",2818.5537572275,-1.28484934076163,0.435184049886625,-2.95242746395776,0.00315286135025375,0.0327923703850578
"TPST1 (8460)",721.083159403014,-1.41447171942126,0.479152389866463,-2.95202893554484,0.00315693346240963,0.0327923703850578
"EHMT1 (79813)",7127.71099366115,1.08590721364466,0.36784225487561,2.95210025289746,0.00315620439884949,0.0327923703850578
"KIF18B (146909)",3057.82058919435,-0.886073244075961,0.300092974636536,-2.95266240454029,0.00315046300142487,0.0327923703850578
"KRT32 (3882)",25.9209851461003,-3.14604260189875,1.06582024087621,-2.95175723001131,0.00315971246245635,0.0327983011302073
"DAW1 (164781)",426.562279836797,-5.22681762374675,1.77141353848008,-2.95064789232191,0.0031710819041621,0.0328632653005679
"SUMF2 (25870)",8668.62085104341,-1.39656303702346,0.473331094791616,-2.95049924332205,0.00317260821603705,0.0328632653005679
"IL15 (3600)",214.49691219594,-2.88479597326453,0.977604036957682,-2.95088385911546,0.00316866039702947,0.0328632653005679
"UGT3A2 (167127)",111.789310285919,5.00387980571065,1.69613023308251,2.95017428975174,0.00317594713628213,0.0328749259667838
"CDS1 (1040)",3064.11667528915,2.85598542919936,0.968251621152993,2.94963144579966,0.00318153203989882,0.0329098028695384
"SLC48A1 (55652)",2922.39184487818,1.6959172306142,0.575203467881598,2.94837796590493,0.0031944623432278,0.0330205592528224
"MED24 (9862)",14594.0439046237,2.2883869207318,0.776506964497709,2.94702691071427,0.00320845280210583,0.0330960818906111
"FSCN1 (6624)",9765.26435261915,-3.67984715306436,1.24848995201958,-2.94743834110299,0.00320418645293226,0.0330960818906111
"RPL36A (6173)",371.805780347363,-0.850982165272265,0.288751463943525,-2.94710944024409,0.00320759659295658,0.0330960818906111
"MYMX (101929726)",5.9580709825342,4.23973543316826,1.43881107498074,2.94669363260566,0.0032119125414598,0.0331087778562414
"RDH16 (8608)",36.8130067196406,2.38829323391012,0.810844721612073,2.94543846713568,0.00322497286971351,0.0332203515996702
"SCYL3 (57147)",1436.18750608838,1.27549304396206,0.433199443641924,2.94435522178641,0.00323628320661394,0.03330457982322
"SPTLC2 (9517)",8114.55584223365,1.6411880096779,0.557466510124805,2.9440118462192,0.00323987598253352,0.03330457982322
"RNF43 (54894)",375.144976065148,4.03312447116419,1.36987254799969,2.94416037247657,0.00323832149037719,0.03330457982322
"SLC16A4 (9122)",451.917704302731,2.42041613455775,0.822317297701157,2.94340899957253,0.00324619242458806,0.0333464331084585
"WDR12 (55759)",3718.41306181398,-1.13383995361237,0.385277691510518,-2.94291618382327,0.00325136432949565,0.0333764794404481
"SDC1 (6382)",19055.5388601608,2.0990060786334,0.713486847956244,2.94189876750486,0.0032620654640911,0.0334403204799854
"EBNA1BP2 (10969)",9584.83778062357,-1.54055587249984,0.523698774486863,-2.94168317275389,0.00326433719509754,0.0334403204799854
"SLC18B1 (116843)",985.349773950229,-1.77162126512859,0.60221964412091,-2.94181912268025,0.00326290451716214,0.0334403204799854
"TMSB4X (7114)",108677.145641219,-1.78985815068491,0.608526821970747,-2.94129705719192,0.00326840931349428,0.0334589606772185
"ALKBH8 (91801)",652.378744999313,-0.751559013088432,0.255541768481942,-2.94104176218668,0.0032711042905204,0.0334634870050896
"PPM1L (151742)",1459.29629524777,2.40664039222982,0.818383313001152,2.94072515164594,0.00327444934629067,0.0334746528491408
"GATM (2628)",609.840791452318,3.56534398711652,1.21537488109354,2.93353437081782,0.00335126546565434,0.0342363804861276
"SLC25A29 (123096)",3822.62043345188,1.92423723050082,0.65601769627744,2.93320933477841,0.00335477614489325,0.0342486906228484
"TMEM134 (80194)",2289.69810225612,1.35741475241879,0.462851698295434,2.93272069092067,0.00336006023667648,0.0342790760684014
"LARS1 (51520)",14938.6544426205,-1.04408346509156,0.356088726660659,-2.93208795145749,0.00336691380863065,0.0343018777183812
"DVL3 (1857)",8533.910707949,0.813909095990539,0.277582397801127,2.93213511533128,0.00336640251036059,0.0343018777183812
"RPL26L1 (51121)",2225.93134938088,-0.943670321328036,0.321891044019575,-2.93164516025072,0.00337171750789488,0.0343139794880341
"ISL2 (64843)",76.485328393322,-2.44117116239915,0.832722945038159,-2.93155265739349,0.00337272182930725,0.0343139794880341
"THBS1 (7057)",24468.1872333697,-3.34352738651617,1.14069617885638,-2.9311287689841,0.00337732755272348,0.0343192806859569
"NAP1L3 (4675)",127.717040793166,-4.23900232862847,1.44622566424278,-2.93107945283763,0.00337786376483566,0.0343192806859569
"ABHD5 (51099)",1627.2630782883,0.850224430795911,0.290093851069126,2.93085988435278,0.00338025206348732,0.0343200711900483
"TMEM200A (114801)",33.4714548567912,-3.23628692187295,1.10472523302737,-2.92949488716239,0.00339513398462189,0.0344476230926049
"SLC1A4 (6509)",3649.98164408735,1.82829881519651,0.624511259963168,2.92756741536468,0.00341624989794126,0.0344734891195784
"ARL4A (10124)",1572.04451790707,-1.3083519477208,0.446851120982452,-2.92793703827853,0.003412191349131,0.0344734891195784
"NEK7 (140609)",7740.65642360779,-1.64068125461111,0.560171333442854,-2.92889185265402,0.00340172756355107,0.0344734891195784
"RPL22L1 (200916)",1608.65406619928,-1.08624561739773,0.371004301431777,-2.92785181520995,0.00341312672944237,0.0344734891195784
"NABP1 (64859)",2775.77741820981,-2.19273359862596,0.748758787802831,-2.92849130366851,0.0034061136071391,0.0344734891195784
"IGSF5 (150084)",69.5339194028363,4.36981435657783,1.49261621366633,2.92762085562787,0.00341566283932615,0.0344734891195784
"AMTN (401138)",39.317458891762,4.61036014376266,1.57433167678267,2.92845542762913,0.00340650670376378,0.0344734891195784
"SLC6A17 (388662)",572.311068168894,-4.74144567381064,1.61958023332691,-2.92757689692894,0.00341614573318189,0.0344734891195784
"SMIM31 (100505989)",23.002513822526,6.53264057886685,2.23308344852366,2.9253902639356,0.00344024485196559,0.034692055010928
"SHANK2 (22941)",3899.87052927065,3.22349987860506,1.10214218597092,2.92475863789329,0.00344723482022283,0.0347389593077272
"ENO3 (2027)",1024.2270451006,-2.51605077142519,0.860513691660269,-2.92389394359402,0.00345682503024212,0.0348067515959281
"GOLT1A (127845)",303.01191667954,4.18452553253156,1.4312285517763,2.92372977561001,0.00345864853612427,0.0348067515959281
"TAF4B (6875)",773.227544401909,-1.84142869154586,0.630142477179533,-2.92224180757969,0.00347521620444327,0.0349498046721735
"SGPL1 (8879)",6923.19280630491,0.654392644527173,0.223967526483404,2.92181931372834,0.00347993357848839,0.0349735679126296
"BLVRA (644)",3511.37907909596,0.973895808128616,0.333550734105827,2.91978313505862,0.00350275044863876,0.0351790771900474
"KCNH1 (3756)",47.2625896235092,-3.04511082839775,1.0431738629599,-2.91908274978973,0.00351063018948839,0.0352343924558518
"TP53I3 (9540)",506.743351913942,-1.47182259717378,0.50441144929297,-2.91790085105487,0.00352396381944486,0.0353443339460053
"COL8A2 (1296)",21.5332278689037,-2.77917344484198,0.952686716742009,-2.91719554393094,0.00353194270227505,0.0354004567473641
"ROGDI (79641)",688.600044762776,2.2705464039786,0.778632014578118,2.91607121395957,0.00354469582887875,0.0354984575976664
"RRH (10692)",35.7618996049118,2.12637873478192,0.729232708130871,2.91591245301125,0.0035465000050449,0.0354984575976664
"ANXA2 (302)",89391.6395060301,-1.70406970132065,0.584457407914664,-2.91564394298765,0.0035495532827317,0.0355050939136004
"GNPAT (8443)",3322.81754450158,-0.445026216401468,0.152662874741845,-2.91509128957524,0.00355584513583369,0.0355440939755543
"NDUFS5 (4725)",13163.274799033,-1.05737361689962,0.362789509516176,-2.91456502783049,0.00356184595410838,0.0355801343660564
"PPFIBP2 (8495)",1977.17967920632,3.13128823448041,1.07463556062207,2.91381408658002,0.00357042468386936,0.0356414823507659
"SLC34A3 (142680)",153.210775341125,2.45208776789277,0.841598478601007,2.91360765286659,0.00357278626769156,0.0356414823507659
"BCL7A (605)",2448.84021209153,1.19487102947697,0.410220034789811,2.91275639447791,0.00358253960811474,0.0357047508659388
"ACAN (176)",27.47015140982,-4.21749351742264,1.44799947412814,-2.91263470241386,0.00358393587862628,0.0357047508659388
"GLA (2717)",2363.0538035988,-1.16286675129538,0.399485180938391,-2.91091336245266,0.00360373928330465,0.0358779780926322
"P2RY1 (5028)",84.9977521137107,-3.1315327376933,1.07608630423497,-2.91011299499775,0.00361298107992189,0.0359458948165839
"GPR87 (53836)",7.60849997654644,4.61462359506716,1.586319092367,2.90901346221682,0.0036257124694031,0.0360484156763813
"SULF1 (23213)",256.851763048736,-2.73693437081654,0.940969665158061,-2.90863188491502,0.00363014024562115,0.0360682964605061
"FAM76B (143684)",1295.26738115527,-1.00234950230679,0.344713331067589,-2.90777701924808,0.00364007785661173,0.0361272464276231
"HECW2 (57520)",483.448544483551,-2.72454278107672,0.937008571511135,-2.907703156528,0.00364093765330226,0.0361272464276231
"TSR2 (90121)",5396.22148720278,0.464695655162089,0.159871255406041,2.90668672102346,0.00365278821117822,0.0362206382435522
"ZGPAT (84619)",1038.36036306394,1.78855757159919,0.615420305170153,2.90623750398467,0.00365803677172699,0.0362484844611292
"ARAF (369)",4707.0759660032,0.573329380247327,0.197354206812266,2.9050780802089,0.0036716149488074,0.036334555929104
"GSE1 (23199)",15523.9951639883,1.56118916007178,0.537396736567105,2.90509609352054,0.00367140364235611,0.036334555929104
"CISD1 (55847)",2203.09202031309,-1.12230790798845,0.386540393351771,-2.90346863430413,0.00369053936259281,0.0364975177709412
"RTF2 (51507)",9744.79833861337,1.28624481327834,0.443465441457285,2.90043979312473,0.00372639417269967,0.0367728515263706
"TNRC6C (57690)",1329.37553050194,1.27558370848692,0.439749672135298,2.90070417174628,0.00372325194500742,0.0367728515263706
"GMEB1 (10691)",1249.38238661103,-0.695876268815257,0.239934087189649,-2.90028097702191,0.00372828291360672,0.0367728515263706
"XIRP2 (129446)",4.78117490380726,-3.67981626760707,1.26862732261946,-2.9006282633177,0.00372415389529231,0.0367728515263706
"FAF1 (11124)",4125.20377400997,-0.766359340445525,0.264302358250488,-2.89955543915057,0.00373692253942988,0.0368336080960129
"KCNK3 (3777)",232.716450377689,-3.13817032780945,1.08252982796101,-2.89892273335353,0.00374447158144462,0.0368590993179446
"PTGER4 (5734)",899.748230098283,-2.63890566913876,0.910279455033316,-2.89900607395581,0.00374347642249342,0.0368590993179446
"TYW3 (127253)",1858.9176995563,-1.25336566875389,0.432476078009537,-2.89811560103505,0.00375412188899371,0.0369296202245779
"CDC25B (994)",13289.8405780444,-1.40962924070827,0.486443726328428,-2.89782592397244,0.00375759086041054,0.0369392816945983
"STPG3 (441476)",34.2339569967965,2.5162292724858,0.868713446109052,2.89650089308038,0.00377349568240409,0.0370711011021364
"SYTL5 (94122)",214.606721622897,3.14436815299513,1.08568102916928,2.89621727608252,0.0037769079785716,0.0370800998768689
"LSAMP (4045)",18.8462065557842,-2.41006237084946,0.832245738972938,-2.89585426273696,0.00378127961189408,0.0370984989135235
"ACSBG1 (23205)",22.7347154519898,1.79692408067031,0.620744504285817,2.89478854547044,0.00379414022407727,0.0372001048768605
"CASS4 (57091)",49.7248338259635,2.60189343721934,0.899281479712641,2.89330259314442,0.00381213840314688,0.0373027034521369
"C4BPB (725)",88.847074299176,3.97301689132394,1.37315871356343,2.89334135382918,0.00381166794153813,0.0373027034521369
"GPR132 (29933)",26.3331922763307,2.79449623301589,0.965799507714665,2.89345377657978,0.00381030369779524,0.0373027034521369
"KLHL4 (56062)",24.6381867699818,-2.87444755056771,0.99490472776306,-2.88916865138494,0.00386261848439886,0.0377239372541875
"C1orf52 (148423)",1317.28464026812,-0.722497874415622,0.250072516591021,-2.88915345142555,0.00386280520826843,0.0377239372541875
"TTYH1 (57348)",33.2104620715164,2.9280011678488,1.01337190346301,2.88936485987315,0.00386020889761032,0.0377239372541875
"SUSD5 (26032)",509.667224527334,-3.43994420451649,1.19117552096751,-2.88785669615042,0.00387876542006536,0.0378549156042384
"HEATR1 (55127)",6351.57778865177,-0.949097599208276,0.328728095954394,-2.88718126283903,0.00388710222703811,0.0379113699805805
"ARHGAP1 (392)",7640.55861601878,0.900307766876625,0.311862358445349,2.8868753874777,0.00389088296834705,0.0379233435773143
"TCAF1 (9747)",2991.11223888347,0.770193728607102,0.266874769609963,2.88597430822231,0.00390204008893452,0.0380071498236284
"GOPC (57120)",3413.19607989286,-1.00988497366608,0.350030489351041,-2.88513430798104,0.0039124670953316,0.0380837393407966
"GRPEL2 (134266)",2010.54402871118,-0.678165708193887,0.235121401745755,-2.88432147460235,0.00392258096268871,0.038132210484148
"GPR176 (11245)",1164.64247661204,-3.11595557060223,1.08026135298557,-2.88444602964877,0.00392102961877646,0.038132210484148
"ANKRD40 (91369)",6746.04142986163,2.03228793325214,0.70480910163244,2.88345869618463,0.0039333422561961,0.0382118154830195
"CABCOCO1 (219621)",11.5882749633328,-4.38703390638221,1.5217122983382,-2.88295882945357,0.00393958927190732,0.0382474895718375
"CHORDC1 (26973)",4200.49206677659,-1.25030469874697,0.433904850371221,-2.88151814315349,0.00395764449136586,0.0383976820867071
"ENOX2 (10495)",1215.5869084015,-0.864914360812507,0.300335646837002,-2.87982585457767,0.00397894883576709,0.0385540156598071
"OLFML2A (169611)",754.686450159273,-2.98719197135824,1.0372129806588,-2.88001792019695,0.00397652568006318,0.0385540156598071
"KIAA1586 (57691)",897.974370341926,-0.837164369091411,0.290778115359385,-2.87904874841329,0.00398876672564204,0.0386239510708519
"DGCR2 (9993)",6711.09330351258,0.9122285748236,0.316929944599724,2.87832876118956,0.0039978826042804,0.0386696041836464
"PRKAA1 (5562)",7243.36830122647,-1.0790922515416,0.374937382475496,-2.87805991607712,0.00400129134443682,0.0386696041836464
"SUSD3 (203328)",1045.52710462062,4.03099468612097,1.40049658100911,2.87826099740742,0.00399874154601224,0.0386696041836464
"FOXP4 (116113)",5094.87345805607,1.18513892628404,0.411917096346603,2.87712973507373,0.00401310566159225,0.0387082282449944
"SEPTIN12 (124404)",8.62265018225484,4.53450511273741,1.57587739600187,2.87744790568214,0.00400906098763454,0.0387082282449944
"CEP19 (84984)",253.682949415375,-1.22963785483701,0.427365268378624,-2.87725265907104,0.00401154257833741,0.0387082282449944
"ZDHHC3 (51304)",6503.77234916608,1.1602296746191,0.403362280872191,2.87639605793167,0.00402244649520428,0.0387731474625337
"ASIC3 (9311)",375.590526480594,1.97511257087597,0.686730209937816,2.87611137866618,0.00402607621011504,0.0387829675908228
"SNX29 (92017)",1371.08411764759,1.38987053069265,0.483443090241975,2.87494135038105,0.00404102553780484,0.0389017455207732
"ACTR2 (10097)",28339.963578322,-0.667940587884145,0.232357586738633,-2.87462353719259,0.00404509489634773,0.0389156992165474
"SPACA4 (171169)",38.179973321544,3.92862531670722,1.36700835534995,2.87388537263293,0.00405456089469357,0.0389815194367497
"CYB5R4 (51167)",1586.14616750458,-0.888950578084652,0.309393566164041,-2.87320317971102,0.00406332700275336,0.0390383616722445
"YBX1 (4904)",53202.1622643283,-1.24016957849842,0.431661147934689,-2.87301644920349,0.004065729467279,0.0390383616722445
"WWTR1 (25937)",5232.68077307638,-2.03009868129575,0.707109960025081,-2.87098018139038,0.00409201179190961,0.0392653379567347
"NXPH2 (11249)",64.4802496909903,-5.92645777338621,2.06504776502277,-2.86988895548421,0.0041061597276376,0.0393502558673089
"CHMP4C (92421)",2005.10331203127,3.59302367165114,1.25197278307211,2.86988960162099,0.00410615133724241,0.0393502558673089
"RANGRF (29098)",28.5146440383701,-1.46925917640128,0.512090480038956,-2.8691397978918,0.00411589837080402,0.0393927541236616
"ZNF710 (374655)",1724.36454718393,1.37996913797735,0.480945140893478,2.86928595517923,0.00411399676109767,0.0393927541236616
"MSRB1 (51734)",1716.36263430528,1.177759248605,0.41060380140001,2.86835933956109,0.00412606619391807,0.039464640852839
"GABARAP (11337)",26.3062484579626,-1.4517453030375,0.506205641189816,-2.86789633482795,0.00413210899308881,0.0394970057807858
"TNNT2 (7139)",32.4362631590325,2.56643549387453,0.895049163025684,2.8673681847808,0.00413901182511599,0.0395375444696289
"THOC2 (57187)",8509.58430036634,-0.785565558783549,0.274066647561862,-2.86633038267173,0.00415260621178606,0.0396419104562147
"NAP1L1 (4673)",40030.1350355597,-1.50844262357083,0.526437239627857,-2.86537978323334,0.00416509384752723,0.0397355838222026
"DHRS7B (25979)",1328.46381187785,1.01856857894578,0.355527706013106,2.86494853064486,0.00417077026240928,0.0397641986378867
"NPAT (4863)",1544.19773707807,-0.821362503013576,0.286760522883581,-2.86428025292391,0.00417958041545575,0.0397971073661408
"GNG5 (2787)",774.110642462276,-0.807308372152998,0.28183706761256,-2.864450652257,0.00417733237566205,0.0397971073661408
"GTPBP8 (29083)",625.99401098108,-0.820386658302296,0.286455643353084,-2.86392213712156,0.0041843085335741,0.0398166040728441
"THOC5 (8563)",2973.88405653677,-0.823006481278013,0.287463584138724,-2.8629938770987,0.00419658672847878,0.039907874049183
"PRRT4 (401399)",101.731742366024,3.0469281696701,1.0643369243773,2.86274778210175,0.00419984732969286,0.039913328365488
"ASCL4 (121549)",12.2624028968789,6.47186115171863,2.2615641843526,2.86167476319991,0.00421409101491376,0.0400230869152999
"PNRC1 (10957)",2428.87802845367,-1.61133693215957,0.5637387117706,-2.85830456293956,0.00425911381611149,0.0404248412936231
"ZYG11B (79699)",2435.74439581953,-0.434376617183589,0.151998900455253,-2.85776157513367,0.00426640830478157,0.0404682177261976
"TRIP12 (9320)",15485.2585603412,-0.725061506028654,0.253807596300678,-2.85673682189439,0.00428020569679857,0.0405421008511617
"TUBB6 (84617)",10450.7982189653,-2.58334275940666,0.904252993454748,-2.85688051696336,0.00427826853435509,0.0405421008511617
"KIF13B (23303)",4298.89717968428,2.20509626285029,0.771937063528698,2.85657518861745,0.00428238563588748,0.0405421008511617
"SRSF12 (135295)",61.6519926702448,-3.41454108555319,1.19553790118692,-2.85607096367524,0.00428919256069415,0.0405806791697777
"BDH1 (622)",911.906802564739,1.75566147096119,0.614775152227769,2.85577818914635,0.00429314945268631,0.0405922609613001
"YPEL3 (83719)",1461.67204958353,2.32127130646623,0.813050257205485,2.85501577042065,0.00430346919487559,0.0406639512854211
"CRACR2B (283229)",4199.0459490957,3.53311026450318,1.23798315176924,2.85392435224495,0.0043182812671841,0.0407779719915783
"SMIM12 (113444)",2296.0081941614,-0.754864117894069,0.264591731056182,-2.8529391862733,0.0043316910249224,0.0408786140306209
"POU4F3 (5459)",33.1153456540109,2.7910832352159,0.97870884248803,2.85180138775546,0.00434722534003006,0.0409628896681683
"PSIP1 (11168)",6783.84587257915,-1.58562371204679,0.55604839307955,-2.85159301201315,0.0043500757507717,0.0409628896681683
"RAMAC (83640)",224.630145314258,0.669204214041037,0.234644289306505,2.85199446370027,0.00434458572950737,0.0409628896681683
"NRAS (4893)",6604.88582488896,-1.77542628734298,0.622633733507106,-2.85147783005998,0.00435165207327114,0.0409628896681683
"SCAMP5 (192683)",1415.0323542338,1.73644060387557,0.60921059606075,2.85031254397685,0.00436762873903046,0.0410872433752745
"PPP1R13B (23368)",2424.88511358304,1.6777843344205,0.588830910798339,2.84934826560948,0.00438088967105851,0.0411755097438218
"TMEM156 (80008)",276.931306745302,-4.09378172551461,1.43680418416562,-2.84922731338783,0.00438255560152028,0.0411755097438218
"CLTA (1211)",12360.0684340804,-1.32245598057268,0.464201374865172,-2.84888423899387,0.0043872840474385,0.0411938794188694
"ENPP5 (59084)",741.655136646295,2.92255631308937,1.02618202104247,2.84799017441412,0.00439962828837567,0.0412576253759673
"RPL11 (6135)",33720.430894128,-1.01792521783896,0.357400374016701,-2.84813696862947,0.00439759936091195,0.0412576253759673
"PACRGL (133015)",956.47817205347,-0.985492417927453,0.346111959077064,-2.84732264252108,0.00440886533715052,0.0412926826970995
"FAM72B (653820)",475.830800203657,-1.08274312361647,0.380267689938934,-2.84731822414454,0.00440892653545172,0.0412926826970995
"SMPD3 (55512)",277.184518420071,2.06183544507614,0.724458443852887,2.84603687426249,0.00442670685132031,0.0413884834605823
"DNAH11 (8701)",714.128037585397,-3.30528253540996,1.16130419622414,-2.8461815139881,0.00442469654746859,0.0413884834605823
"ICE1 (23379)",6292.43237641142,-0.884805019914844,0.310896562357796,-2.8459787821538,0.00442751448895013,0.0413884834605823
"CTDNEP1 (23399)",2149.69048773579,-1.10379797582612,0.388097133634839,-2.84412813227495,0.00445331352721805,0.0416034711530169
"TMEM205 (374882)",1025.46486588721,1.30776346590916,0.459867351966884,2.84378410495064,0.00445812443870924,0.0416222378457492
"KRT18 (3875)",41931.3170930866,2.1568858578296,0.759160813767083,2.84114487828576,0.0044951885715525,0.0419356784731356
"ITGA11 (22801)",43.6547446001412,-2.3668476229285,0.833106031971541,-2.84099206115141,0.00449734319427124,0.0419356784731356
"SPATA20 (64847)",6242.98468266661,1.59723612548438,0.562997107363994,2.83702368021533,0.00455362345701835,0.0424072243451728
"SAA1 (6288)",431.415369748085,-4.11111473706723,1.44907225496462,-2.83706676667245,0.0045530089871738,0.0424072243451728
"EFTUD2 (9343)",8967.07074704547,-0.895415346793213,0.315748364377719,-2.83585110110676,0.00457037485109812,0.0425365589211851
"ZAN (7455)",8.58010407273029,4.36618976811452,1.5413786486601,2.8326522959884,0.00461635698460585,0.0429376121786696
"ADAP2 (55803)",63.5235393697866,1.65478966145628,0.584239134424744,2.83238414538188,0.00462023055909145,0.0429467488890766
"PPIL6 (285755)",112.004818652342,1.46289805313421,0.516612033362971,2.83171501757562,0.00462990929635665,0.0430098015560235
"MRPS15 (64960)",4652.28531080721,-0.703159099895531,0.248463314869334,-2.83003187116505,0.00465433674465914,0.0431827095597545
"CSRP2 (1466)",709.288510357974,-2.18820304612791,0.773169424911803,-2.83017276113515,0.00465228754701161,0.0431827095597545
"EXOSC3 (51010)",1362.69052756382,-1.20751292285766,0.426881103564979,-2.82868675322813,0.00467394222409767,0.043334963597642
"MTSS1 (9788)",1189.51767582595,2.631654156065,0.930404290289641,2.82850604143899,0.00467658183970783,0.043334963597642
"MARCO (8685)",37.7653988103959,-4.51306476966915,1.5987133656155,-2.82293553474586,0.00475861388679212,0.0440651006710426
"ZZZ3 (26009)",3786.7895214979,-1.15932898773494,0.410708476030263,-2.82275398584547,0.0047613091811649,0.0440651006710426
"IRAK3 (11213)",130.528920329474,-3.31933136664344,1.1763118587719,-2.82181238069717,0.00477531053104415,0.0441671622840161
"MICU3 (286097)",244.037616842283,-4.14521992743148,1.4693004074996,-2.82122015775225,0.00478413576294752,0.0442212524099704
"FOLR1 (2348)",450.267858799998,3.84490285695983,1.363404337508,2.82007527127825,0.00480123857716835,0.0443241751555368
"TMEM74B (55321)",31.5517849594486,2.38459998350002,0.845521999020129,2.82026959235067,0.00479833183132317,0.0443241751555368
"ARFRP1 (10139)",4874.37115856046,1.41460363100324,0.501939007742905,2.81827793652532,0.00482819957708616,0.0445453891416384
"SYCE3 (644186)",16.0184392560098,2.62544344029708,0.932005693482292,2.81698219083568,0.00484772136509163,0.0446977362862018
"TMC8 (147138)",105.372966770627,2.744443229185,0.974925976673081,2.81502728909775,0.00487730920941715,0.044942649501664
"KDM4B (23030)",3242.9419818584,1.00970791183977,0.358959631120947,2.81287315982216,0.00491010151573991,0.0452167687010543
"GRN (2896)",10472.3358123974,-0.984508873146227,0.350085934733603,-2.81219202335388,0.00492051187789928,0.0452565222503504
"MEIOC (284071)",211.489679520955,-2.58797418263829,0.920213090024541,-2.81236401730525,0.00491788127217319,0.0452565222503504
"WRAP53 (55135)",1503.1969085368,-1.38278212850744,0.491786869967236,-2.81175080701029,0.00492726599603926,0.0452905996937916
"DEDD2 (162989)",1842.06983627443,1.12858481077602,0.40146010124111,2.81120043383392,0.00493570283496019,0.0453400927090282
"SIPA1L3 (23094)",7939.51136951085,1.61994172348076,0.576329030815983,2.81079320468588,0.00494195378326126,0.0453694570436111
"CPNE7 (27132)",1233.22712790549,-2.03592727943615,0.724831614468383,-2.80882792471652,0.00497222151071702,0.0456191342311245
"HIF1AN (55662)",5484.5695679785,0.627848472333549,0.22360873289997,2.80779942800541,0.00498812835714976,0.0457368263068535
"DNAH6 (1768)",67.1807408471241,-2.29199496559818,0.816488622039812,-2.80713644223499,0.00499840654738707,0.0458027950986351
"ZSCAN20 (7579)",703.918378041133,-0.926276311221937,0.33001772219473,-2.80674718030864,0.00500445014807313,0.0458299028973356
"RAB11FIP3 (9727)",2075.80149438503,0.73481859364226,0.261831398965232,2.80645711914726,0.00500895787338163,0.0458429206723418
"APPBP2 (10513)",4405.86394521879,1.61367306832014,0.575287157326512,2.80498712298609,0.00503185899810918,0.0459675483136001
"GEM (2669)",427.123495684111,-3.12185176300717,1.1129060621821,-2.80513501461756,0.00502955071353621,0.0459675483136001
"ZNF512 (84450)",953.3735553238,-1.39846157697081,0.4985189073153,-2.80523277342082,0.005028025425049,0.0459675483136001
"CHST2 (9435)",151.944481126502,-3.31296811496657,1.18166057548292,-2.80365460581827,0.00505270008646322,0.0461295679682389
"PEDS1 (387521)",2943.78477776395,0.933644839524769,0.333055438347504,2.80327156390889,0.00505870543480433,0.0461560261232086
"DEPDC1 (55635)",3608.85669381322,-1.26134377511566,0.450061788981088,-2.8026013449648,0.00506922868204877,0.0461952900878236
"SHISAL1 (85352)",611.404424406142,-4.79163471784149,1.70965731454725,-2.80268722689051,0.00506787912753431,0.0461952900878236
"FNTB (2342)",312.186349624309,0.734885566800559,0.262235964288544,2.80238284170645,0.00507266372222309,0.0461982507234223
"PNCK (139728)",169.99276778075,2.82427347522978,1.00838480704166,2.80078939657518,0.00509777760221128,0.0462444079267616
"PPP1R1A (5502)",28.0493459299045,4.18746162358445,1.49487523044982,2.80121145784482,0.00509111468443092,0.0462444079267616
"IGFBP4 (3487)",8340.15643173491,2.83616540517562,1.01269747174779,2.80060480479006,0.00510069415787334,0.0462444079267616
"CIB3 (117286)",31.196999981071,4.7289087737445,1.68860541111034,2.80048183111946,0.00510263798249375,0.0462444079267616
"CHAC2 (494143)",579.367984193799,-1.33785148125203,0.47756409561469,-2.80140716929323,0.00508802773582874,0.0462444079267616
"ABHD1 (84696)",34.5923966285297,1.70670598556814,0.609319923506916,2.80100144394634,0.00509442910791448,0.0462444079267616
"HERC4 (26091)",9433.94705302427,-1.61758086057699,0.577461350495608,-2.801193290579,0.00509140132181556,0.0462444079267616
"TOR4A (54863)",648.339591032932,-2.63299801635679,0.94004919389274,-2.80091513663615,0.00509579176874146,0.0462444079267616
"CEACAM1 (634)",804.644330036894,3.23971444660493,1.15740510387771,2.79911885281201,0.005124227237026,0.046411750840722
"GEMIN5 (25929)",3484.70866242868,-0.991300601227976,0.354181128942444,-2.79885211328994,0.0051284619748105,0.0464218002278094
"TENT5C (54855)",894.790868090179,2.8321475769913,1.01209681908914,2.79829708341557,0.00513728372940438,0.0464733328359151
"EGFLAM (133584)",23.2785508524749,-4.16931570418656,1.49102098729807,-2.79628237275312,0.00516942129978035,0.046735595853279
"NDUFC2 (4718)",748.875032992582,1.27428319480167,0.455792781599862,2.79575115325181,0.00517792523622402,0.0467840033204815
"BLNK (29760)",277.782762696947,3.58523879205858,1.28250066955028,2.79550637062496,0.00518184804984375,0.0467909853692274
"BLOC1S3 (388552)",1109.44107663756,0.991498567042544,0.354720960456623,2.79515077362841,0.00518755152592409,0.0468140281689407
"MAPKAPK5 (8550)",2888.69344457361,0.633486409129905,0.226698191058822,2.79440434072776,0.00519954213463652,0.0468937455178451
"MYB (4602)",1120.14543478538,2.60774328809899,0.93363596717449,2.79310500000437,0.00522047433846102,0.0470539598443568
"GLI2 (2736)",100.37315825214,-3.55343694239154,1.27242269960102,-2.79265447206006,0.00522775003970664,0.0470909636687704
"STK17A (9263)",3485.30185107365,-1.50292938491492,0.538283438805727,-2.7920780699652,0.00523707187514006,0.047146342808079
"MOK (5891)",3188.04982378581,-2.43957280675841,0.874096170817941,-2.79096612959139,0.00525509711577607,0.047194203481099
"PDPK1 (5170)",3221.87547645686,0.700045765444785,0.250809086620211,2.7911499335143,0.00525211367952014,0.047194203481099
"NUDT4 (11163)",5525.834971353,1.77435108405533,0.635683438215539,2.79124950783083,0.00525049806567394,0.047194203481099
"FLNA (2316)",151378.317281561,-1.82603041359272,0.654207138496696,-2.79121138572219,0.00525111655171111,0.047194203481099
"TRPS1 (7227)",11941.2406515688,2.10733357997201,0.755165214957087,2.79055965268707,0.0052617003333949,0.0471964352368647
"RAB37 (326624)",58.5197655594889,2.31369600491957,0.829064416978506,2.79073128400776,0.00525891126876203,0.0471964352368647
"CENPX (201254)",4880.26192553036,0.969305837112579,0.347436536168653,2.78987883025077,0.005272777086565,0.0472672485478796
"SPATA13 (221178)",1448.32119790354,1.60374450296926,0.574910253690999,2.78955627017088,0.00527803238127664,0.0472858220696521
"KRTAP5-9 (3846)",8.25398622787384,2.53466805287303,0.908882999948806,2.78877265062257,0.0052908191796268,0.0473718071694855
"H1-10 (8971)",2750.17659514694,0.756949916805057,0.271482032729445,2.78821367732804,0.00529995737909342,0.0474053183613317
"KCTD7 (154881)",1033.08098044967,-0.733647450717013,0.263148640571519,-2.78795835358922,0.00530413620011669,0.0474053183613317
"ZNF280B (140883)",8.88947177831389,-6.03981320864519,2.1662508495097,-2.78814118411643,0.00530114355532256,0.0474053183613317
"NAT16 (375607)",20.4827943234225,-2.98882684707303,1.07249004253839,-2.78681081271302,0.00532295448834048,0.0475448983582739
"EDN1 (1906)",1329.6677234838,-2.69326281405828,0.966597084189752,-2.78633451115353,0.00533078295211331,0.0475627533868392
"PRR36 (80164)",673.682082821004,3.24538569505893,1.16476552616278,2.78629957889515,0.00533135750566092,0.0475627533868392
"SOBP (55084)",55.9632699477238,-2.54964643534155,0.915576923622173,-2.78474300690622,0.00535701629385149,0.0477629772082053
"MSI2 (124540)",5572.91368925038,1.21472380812304,0.436336161257069,2.78391734625768,0.00537067183555755,0.0478232795838873
"KIRREL1 (55243)",6833.16474373187,-3.29238238728693,1.18257484341415,-2.78407950720621,0.00536798738952796,0.0478232795838873
"JPT2 (90861)",13549.1937362,0.949980698191902,0.341259306640667,2.78375030279305,0.00537343837521933,0.0478232795838873
"CFAP61 (26074)",37.8206776352997,2.85795365394027,1.02685396298379,2.78321334577679,0.0053823400660748,0.0478738199649552
"NEDD4 (4734)",3846.70352075055,-1.00014069669515,0.359442384862308,-2.7824784689159,0.00539454446038285,0.0479536585365211
"ZNF438 (220929)",430.68377541526,-1.64184703922585,0.590317587372409,-2.78129446648194,0.00541426022899136,0.0481001324410512
"SYNE4 (163183)",1078.92625033279,2.83718051996987,1.02061142900055,2.77988315567682,0.00543784606442643,0.048272099474718
"ACADSB (36)",2442.09207833943,1.85775913979723,0.668319367097148,2.7797475746759,0.00544011677128571,0.048272099474718
"PHF21B (112885)",139.759473983813,3.43984790607308,1.23763803559881,2.77936505434626,0.00544652782623991,0.0483001339289359
"TEX19 (400629)",56.2563006382532,2.96901900201749,1.06832992439204,2.77912181829699,0.00545060801802225,0.0483074770284621
"MUC4 (4585)",10.7036965697704,2.65992616260986,0.957287758696187,2.77860668168644,0.00545925834905958,0.0483552913040733
"PIPOX (51268)",37.4287434301567,1.72608392640569,0.621323091559885,2.77807786295567,0.00546815132321072,0.0484051965166699
"LASP1 (3927)",51387.577347463,2.30926545018159,0.831387988530096,2.7776026139906,0.00547615458609464,0.0484471710672125
"RAB11FIP1 (80223)",6667.15960947587,1.96795437578136,0.708585570903244,2.77729953387673,0.00548126401997665,0.0484635093766269
"PLEKHO1 (51177)",744.31328651627,-1.70878382679168,0.61538142976859,-2.77678809293004,0.00548989583395272,0.0485109534310135
"UBXN1 (51035)",6289.84380830604,-0.855203961156746,0.308184438224539,-2.77497451228753,0.00552060341269949,0.048753295536408
"CMSS1 (84319)",2408.9757939063,-1.22148313653902,0.440222974122678,-2.7746919364518,0.00552540192492932,0.0487666786648248
"CCL5 (6352)",96.1759691334915,-3.77780882577095,1.36210015116693,-2.77351766133676,0.00554538302094309,0.0489139663854446
"TRAFD1 (10906)",4323.97721204642,1.11802946100602,0.403167231198279,2.77311590449217,0.0055522341450675,0.0489453329322449
"CKMT1A (548596)",410.635354890752,2.93251071974636,1.05773974574896,2.77243124457796,0.00556392719180908,0.0490193205854876
"CAPN12 (147968)",154.242064746389,3.03261161093568,1.09395215516146,2.77216110103836,0.00556854698101988,0.0490309406378597
"IQCA1 (79781)",98.0585783596287,-3.31614797287194,1.19643311958933,-2.77169523191585,0.00557652205216323,0.0490720726083132
"ELN (2006)",40.8605880973402,-2.89427975687364,1.04459566797462,-2.7707177481268,0.00559328880479797,0.0491771182484993
"RHOB (388)",20454.401695324,2.58571014123643,0.933327582614409,2.77042079265826,0.00559839147423,0.0491771182484993
"L3MBTL4 (91133)",60.0298564471812,-5.06794519910735,1.82929106910732,-2.77044221375905,0.00559802324891354,0.0491771182484993
"CNGB3 (54714)",11.9797987475747,1.89296823382436,0.683451685969068,2.76971770307409,0.00561048960889463,0.0492542627958161
"RTN1 (6252)",61.5896672189787,-3.0672449592433,1.10768552707771,-2.76905753868184,0.0056218705913224,0.0492959065900253
"BMERB1 (89927)",385.362662689615,-3.10594769413086,1.1215959762411,-2.76922150214918,0.00561904198123447,0.0492959065900253
"PTOV1 (53635)",2051.33070970567,0.880024077555446,0.317842989331452,2.76873836168758,0.00562738054676359,0.0493151095230834
"NRSN2 (80023)",3074.14021453569,-1.35141729549168,0.488239265771288,-2.76794061894388,0.00564117329862009,0.0494068326519474
"RDH13 (112724)",226.348870078979,1.24150416483136,0.448678979123279,2.7670210163562,0.00565711080862633,0.04951722094952
"NUP155 (9631)",8515.18719694447,-0.797996941408824,0.288417670838636,-2.76681015795072,0.00566077088703612,0.0495200770059096
"EAPP (55837)",2307.46640548435,1.07104681185557,0.387213721851258,2.76603527048298,0.00567423973300839,0.0496086856940003
"PACSIN2 (11252)",7469.09840042896,1.11051532680779,0.401559780694697,2.76550436621567,0.00568348442084693,0.0496602809336825
"KDM2A (22992)",13174.1077858369,1.02100820848388,0.369247627675803,2.76510431471293,0.00569045952974118,0.0496919963872871
"FZD9 (8326)",117.134897718232,-2.3761256239326,0.859385506034159,-2.76491237895994,0.00569380877081383,0.0496920302477489
"ATP5MC1 (516)",10618.8715963481,1.84160052665342,0.666109557690361,2.76471115808472,0.00569732194440961,0.049693493929689
"LRRC59 (55379)",22918.4573638214,1.38620763590729,0.501561031961774,2.76378655352344,0.00571349002816318,0.049805270468507
"CTTN (2017)",35287.1386327488,0.874112123686363,0.316304248781154,2.76351685775535,0.00571821384833778,0.0498172131983633
"BRD9 (65980)",5013.84364739453,-0.703305399517141,0.254526518778492,-2.76319105330322,0.00572392513022011,0.0498377396742612
"CAMSAP3 (57662)",2427.53607099486,2.69341550847776,0.974963737525275,2.76258019125346,0.00573464727732762,0.0498973212246688
"HOXB1 (3211)",6.42330920216343,5.53302621543039,2.00296443183426,2.76241860688629,0.00573748651216738,0.0498973212246688
