compound,n_total_spearman,unique_cell_lines_spearman,spearman_rho,spearman_p,direction,spearman_fdr,significant_fdr_0_05_spearman,significant_p_0_05_spearman,significant_p_0_10_spearman,n_total_mw,unique_cell_lines_mw,n_high,n_low,auc_mean_high,auc_mean_low,auc_median_high,auc_median_low,delta_mean_high_minus_low,delta_median_high_minus_low,mw_p,mw_fdr,significant_fdr_0_05_mw,significant_p_0_05_mw,significant_p_0_10_mw
(+)-CAMPTOTHECIN (BRD:BRD-K37890730-001-15-1),17,17,0.2720588235294118,0.2907959385044183,positive,0.7090046175233683,False,False,False,,,,,,,,,,,,,,,
1-AZAKENPAULLONE (BRD:BRD-K03273112-001-01-8),12,12,-0.22377622377622378,0.4844516614553987,negative,0.804321107938609,False,False,False,,,,,,,,,,,,,,,
1-NAPHTHYL-PP1 (BRD:BRD-K29542628-001-03-9),16,16,-0.044117647058823525,0.8711220048065985,negative,0.9697975468329533,False,False,False,7.0,7.0,3.0,4.0,0.8695553812082766,0.8469599516509743,0.879187832861027,0.8483204630610326,0.022595429557302316,0.030867369799994382,0.6285714285714286,0.8589641434262948,False,False,False
1-PHENYLBIGUANIDE (BRD:BRD-K31491153-003-05-9),10,10,0.29696969696969694,0.40470167127015705,positive,0.7734882591591963,False,False,False,,,,,,,,,,,,,,,
10-DEACETYLBACCATIN (BRD:BRD-K96631475-001-02-4),18,18,0.37254901960784315,0.12787268607330352,positive,0.5251701479196605,False,False,False,7.0,7.0,3.0,4.0,0.8851410026261867,0.8015170898098745,0.886749863282282,0.8053395987739835,0.08362391281631221,0.08141026450829847,0.11428571428571428,0.3733333333333333,False,False,False
10-HYDROXYCAMPTOTHECIN (BRD:BRD-K63784565-001-06-2),21,21,0.5064935064935064,0.01912895113475244,positive,0.2559221795755516,False,True,True,7.0,7.0,3.0,4.0,0.52046181621371,0.2253105742793975,0.526395750484696,0.245346688579506,0.2951512419343125,0.28104906190518997,0.05714285714285714,0.33220338983050846,False,False,True
17-AAG (BRD:BRD-K81473043-001-19-5),14,14,-0.43736263736263736,0.11784483174447688,negative,0.5051310020891897,False,False,False,,,,,,,,,,,,,,,
"2,3-DCPE (BRD:BRD-K61734568-003-02-1)",11,11,0.17272727272727276,0.6115423848512369,positive,0.8598597544962456,False,False,False,,,,,,,,,,,,,,,
2-METHOXYESTRADIOL (BRD:BRD-K44408410-001-17-6),16,16,0.07058823529411765,0.7950393023376281,positive,0.9402289225394803,False,False,False,,,,,,,,,,,,,,,
212631-79-3 (BRD:BRD-K05104363-001-10-0),11,11,0.26363636363636367,0.43344073761161456,positive,0.7797639470669321,False,False,False,,,,,,,,,,,,,,,
284461-73-0 (BRD:BRD-K23984367-001-07-5),11,11,0.48181818181818187,0.13343383825682875,positive,0.5308699567441867,False,False,False,,,,,,,,,,,,,,,
3-DEAZANEPLANOCIN-A (BRD:BRD-K77791657-003-01-7),21,21,0.4207792207792207,0.05750513790191279,positive,0.3782528700529743,False,False,True,,,,,,,,,,,,,,,
5-HYDROXYMETHYL-TOLTERODINE (BRD:BRD-K24603946-001-02-1),13,13,-0.21978021978021978,0.4706148514721425,negative,0.7928869441992983,False,False,False,,,,,,,,,,,,,,,
7-HYDROXYSTAUROSPORINE (BRD:BRD-K45293975-001-02-0),15,15,0.33928571428571425,0.2160289253419548,positive,0.6379717092874452,False,False,False,,,,,,,,,,,,,,,
8-HYDROXY-PIPAT (BRD:BRD-A60594020-034-01-1),16,16,-0.45294117647058824,0.07809874141672499,negative,0.41825598861034996,False,False,True,,,,,,,,,,,,,,,
9-AMINOACRIDINE (BRD:BRD-K00535541-001-06-3),21,21,0.40389610389610386,0.06939949544788349,positive,0.40853169653654076,False,False,True,7.0,7.0,3.0,4.0,0.8765598203941879,0.8219172607640017,0.882768417461297,0.835882269406738,0.05464255963018616,0.04688614805455893,0.11428571428571428,0.3733333333333333,False,False,False
A-1065-5 (BRD:BRD-K87124298-001-03-4),22,22,-0.20271033314511577,0.3656032765874888,negative,0.7573771421435671,False,False,False,8.0,8.0,3.0,5.0,0.7514507348486553,0.7882439860770186,0.756572012813763,0.784009045409897,-0.0367932512283633,-0.02743703259613406,1.0,1.0,False,False,False
A-154475 (BRD:BRD-A27376179-001-01-3),15,15,0.6285714285714286,0.012079539175905755,positive,0.22192498824595153,False,True,True,,,,,,,,,,,,,,,
A-61603 (BRD:BRD-A83650191-004-02-8),14,14,0.221978021978022,0.445629657953609,positive,0.780776068598229,False,False,False,,,,,,,,,,,,,,,
A-674563 (BRD:BRD-K78177893-001-02-4),19,19,0.519298245614035,0.022694201527031287,positive,0.26718639931158167,False,True,True,7.0,7.0,3.0,4.0,0.8357008763511403,0.7450839509716514,0.840320687539781,0.746146270454753,0.09061692537948896,0.09417441708502794,0.05714285714285714,0.33220338983050846,False,False,True
ABEMACICLIB (BRD:BRD-K33622447-066-01-9),10,10,0.32121212121212117,0.36546831043867045,positive,0.7573771421435671,False,False,False,,,,,,,,,,,,,,,
ABT-702 (BRD:BRD-K36021395-300-02-4),11,11,0.39090909090909093,0.23454006709519437,positive,0.6595505708441295,False,False,False,,,,,,,,,,,,,,,
ABT-751 (BRD:BRD-K91623615-001-05-0),20,20,0.5488721804511278,0.012202217962291389,positive,0.22192498824595153,False,True,True,7.0,7.0,3.0,4.0,0.720657157864358,0.6184318268475917,0.768097108471937,0.583575401788204,0.10222533101676634,0.18452170668373302,0.11428571428571428,0.3733333333333333,False,False,False
AC-264613 (BRD:BRD-K81548480-001-01-2),14,14,0.03736263736263736,0.8990930969739669,positive,0.9746808320652924,False,False,False,,,,,,,,,,,,,,,
ACDPP (BRD:BRD-K68633617-003-02-9),12,12,-0.43356643356643365,0.15910576941219534,negative,0.5687870218257833,False,False,False,,,,,,,,,,,,,,,
ACETOPHENAZINE (BRD:BRD-K42938903-332-01-1),14,14,0.21318681318681318,0.46430282003974443,positive,0.7914660040445836,False,False,False,6.0,6.0,3.0,3.0,0.903299993269039,0.9516342273104135,0.957720484571849,0.955445316062932,-0.04833423404137449,0.002275168508916958,1.0,1.0,False,False,False
ACIPIMOX (BRD:BRD-K63736853-001-04-8),12,12,0.41958041958041964,0.1745190081300594,positive,0.5932199448549884,False,False,False,,,,,,,,,,,,,,,
ACIVICIN (BRD:BRD-K13050541-001-01-9),17,17,-0.37990196078431376,0.13254890262758853,negative,0.5308699567441867,False,False,False,,,,,,,,,,,,,,,
ACY-1215 (BRD:BRD-K82928847-001-04-7),19,19,-0.21052631578947367,0.3869732368316493,negative,0.7663692375297371,False,False,False,,,,,,,,,,,,,,,
ADAPREV (BRD:BRD-A73427433-240-01-3),19,19,-0.0456140350877193,0.8528960735031589,negative,0.9639855930264206,False,False,False,8.0,8.0,3.0,5.0,0.8113180136939713,0.7844311919382713,0.779275846336558,0.790246101814396,0.026886821755700008,-0.010970255477838031,1.0,1.0,False,False,False
ADAVOSERTIB (BRD:BRD-K54256913-001-08-7),16,16,0.2676470588235294,0.3162544185483094,positive,0.7273113963580073,False,False,False,,,,,,,,,,,,,,,
ADEFOVIR-DIPIVOXIL (BRD:BRD-K96159438-001-06-3),18,18,-0.13106295149638802,0.6041941281040611,negative,0.8544481574931787,False,False,False,6.0,6.0,3.0,3.0,0.8635895131726467,0.8597014813042733,0.872612381060753,0.863687373108725,0.003888031868373387,0.008925007952027997,1.0,1.0,False,False,False
AEE788 (BRD:BRD-K40718343-001-02-6),14,14,-0.3626373626373627,0.2025645438172416,negative,0.6285637561054869,False,False,False,7.0,7.0,3.0,4.0,0.84328476783972,0.9071458989221017,0.80112564475003,0.919227736781776,-0.06386113108238178,-0.11810209203174604,0.6285714285714286,0.8589641434262948,False,False,False
AEG3482 (BRD:BRD-K77634909-001-03-5),10,10,-0.24848484848484845,0.4887763045192432,negative,0.804321107938609,False,False,False,,,,,,,,,,,,,,,
AFATINIB (BRD:BRD-K66175015-001-12-4),14,14,-0.45494505494505494,0.10215352669182919,negative,0.466494998120727,False,False,False,,,,,,,,,,,,,,,
AFURESERTIB (BRD:BRD-K25412176-001-01-9),20,20,-0.4917293233082706,0.027658227513046155,negative,0.28755148979330303,False,True,True,7.0,7.0,3.0,4.0,0.7650441787873777,0.8369115959728672,0.749500459327703,0.8283055254969991,-0.0718674171854895,-0.07880506616929606,0.22857142857142856,0.519205298013245,False,False,False
AG-13736 (BRD:BRD-K29905972-001-06-3),12,12,-0.15384615384615385,0.6330906812462617,negative,0.8680420365534922,False,False,False,,,,,,,,,,,,,,,
AJMALINE (BRD:BRD-A48300215-001-04-8),13,13,-0.33516483516483514,0.26294314035936023,negative,0.6830530000476708,False,False,False,,,,,,,,,,,,,,,
AK-55409 (BRD:BRD-K58772419-001-07-0),21,21,0.3103896103896104,0.17087682060108259,positive,0.5932199448549884,False,False,False,,,,,,,,,,,,,,,
ALBENDAZOLE (BRD:BRD-K79131256-001-17-9),18,18,0.3766769865841073,0.12337214538125062,positive,0.5122689187573556,False,False,False,,,,,,,,,,,,,,,
ALECTINIB (BRD:BRD-K11267252-001-05-1),10,10,0.04242424242424241,0.9073638178128159,positive,0.9770759160106299,False,False,False,6.0,6.0,3.0,3.0,0.9555599663329186,0.904009967756513,0.9664568119297192,0.9612421078455642,0.05154999857640563,0.005214704084155031,1.0,1.0,False,False,False
ALEXIDINE (BRD:BRD-A27883417-300-01-6),20,20,-0.2045112781954887,0.38709023775567697,negative,0.7663692375297371,False,False,False,,,,,,,,,,,,,,,
ALFACALCIDOL (BRD:BRD-K49522529-001-02-9),14,14,-0.13406593406593406,0.6477195279851133,negative,0.8799020664782387,False,False,False,,,,,,,,,,,,,,,
ALISERTIB (BRD:BRD-K75295174-001-05-0),18,18,0.18885448916408668,0.4529458223784956,positive,0.7826832899417057,False,False,False,,,,,,,,,,,,,,,
ALPELISIB (BRD:BRD-K54997624-001-06-0),15,15,-0.8107142857142855,0.0002460079779722061,negative,0.06918380437820139,False,True,True,,,,,,,,,,,,,,,
ALVESPIMYCIN (BRD:BRD-K83988098-001-02-0),17,17,-0.03431372549019608,0.8959808104551742,negative,0.9746808320652924,False,False,False,,,,,,,,,,,,,,,
ALVOCIDIB (BRD:BRD-K87909389-003-03-4),21,21,-0.044155844155844164,0.8492705803407119,negative,0.9639855930264206,False,False,False,8.0,8.0,3.0,5.0,0.7806012625714672,0.7148895661452908,0.7667020534980077,0.7190515851421373,0.06571169642617647,0.04765046835587039,0.5714285714285714,0.8340425531914892,False,False,False
AM-251 (BRD:BRD-K92000912-001-12-6),16,16,0.12058823529411765,0.6564245147485953,positive,0.8849203763710071,False,False,False,,,,,,,,,,,,,,,
AM-580 (BRD:BRD-K06854232-001-19-9),15,15,-0.1357142857142857,0.6296204418728145,negative,0.8680420365534922,False,False,False,,,,,,,,,,,,,,,
AMFENAC (BRD:BRD-K82122102-323-01-1),17,17,-0.12254901960784316,0.639378272107459,negative,0.8725981673429464,False,False,False,6.0,6.0,3.0,3.0,0.9122154691821857,0.9141251875489039,0.911958141342761,0.907843705801418,-0.0019097183667182716,0.004114435541342942,1.0,1.0,False,False,False
AMG 706 (BRD:BRD-K99616396-001-05-1),16,16,0.06176470588235294,0.8202418775044894,positive,0.949244531895759,False,False,False,,,,,,,,,,,,,,,
AMG900 (BRD:BRD-K21728777-001-02-3),19,19,0.20526315789473687,0.3992226299118769,positive,0.7734882591591963,False,False,False,,,,,,,,,,,,,,,
AMINOGLUTETHIMIDE (BRD:BRD-A25234499-001-19-1),11,11,-0.2545454545454546,0.45003657688882837,negative,0.780776068598229,False,False,False,,,,,,,,,,,,,,,
AMINOPURVALANOL-A (BRD:BRD-K07762753-001-04-4),14,14,0.24835164835164836,0.3919195389384575,positive,0.7690332286281288,False,False,False,,,,,,,,,,,,,,,
AMSACRINE (BRD:BRD-K68346641-001-01-4),19,19,0.3368421052631579,0.1584830429639541,positive,0.5687870218257833,False,False,False,6.0,6.0,3.0,3.0,0.7757199121766744,0.6101903535978417,0.765666482224823,0.634424321255811,0.16552955857883267,0.13124216096901198,0.1,0.3733333333333333,False,False,False
ANAGRELIDE (BRD:BRD-K62200014-003-10-5),14,14,0.17362637362637365,0.5527669411422413,positive,0.8343473658608532,False,False,False,,,,,,,,,,,,,,,
ANGUIDINE (BRD:BRD-K45724504-001-01-6),20,20,0.3293233082706767,0.15623105162611658,positive,0.5677037801887282,False,False,False,7.0,7.0,3.0,4.0,0.6770916669923134,0.6108200580561669,0.716353686048572,0.5903855324024145,0.06627160893614648,0.12596815364615743,0.22857142857142856,0.519205298013245,False,False,False
ANISOMYCIN (BRD:BRD-K91370081-001-25-1),22,22,0.4703557312252965,0.027168310320796737,positive,0.28755148979330303,False,True,True,8.0,8.0,3.0,5.0,0.8167006699662346,0.6960833522200419,0.831741247291914,0.69239233804205,0.12061731774619266,0.13934890924986398,0.07142857142857142,0.35,False,False,True
APATINIB (BRD:BRD-K25244359-066-03-4),12,12,-0.09090909090909093,0.7787253962454419,negative,0.9382723639905493,False,False,False,,,,,,,,,,,,,,,
APHIDICOLIN (BRD:BRD-K85140930-001-12-7),15,15,0.2071428571428571,0.4588428049634703,positive,0.789039768533424,False,False,False,,,,,,,,,,,,,,,
AR 42 (BRD:BRD-K13167095-001-02-9),21,21,0.04675324675324675,0.8405105142403159,positive,0.9601174438217321,False,False,False,8.0,8.0,3.0,5.0,0.7632108115406503,0.7530647080311186,0.789613975306087,0.711921183141291,0.010146103509531712,0.07769279216479597,1.0,1.0,False,False,False
AR-12 (BRD:BRD-K90497590-001-04-2),20,20,0.38947368421052625,0.08961904769837135,positive,0.4396312173203439,False,False,True,,,,,,,,,,,,,,,
ARCTIGENIN (BRD:BRD-K53523901-001-04-4),16,16,-0.1647058823529412,0.542148135201078,negative,0.8343473658608532,False,False,False,,,,,,,,,,,,,,,
ARCYRIAFLAVIN-A (BRD:BRD-K72726508-001-02-1),13,13,0.1758241758241758,0.5655798619595344,positive,0.8379312384400485,False,False,False,,,,,,,,,,,,,,,
ARRY-334543 (BRD:BRD-K46386702-001-02-1),22,22,-0.5957086391869001,0.003440717848619222,negative,0.15190769301653867,False,True,True,8.0,8.0,3.0,5.0,0.8277324167361094,0.9094893982130117,0.7873768277131858,0.91098027333841,-0.08175698147690225,-0.12360344562522418,0.39285714285714285,0.638139534883721,False,False,False
ARRY-886 (BRD:BRD-K57080016-001-15-9),12,12,0.11188811188811189,0.729194990751066,positive,0.9212238582232287,False,False,False,,,,,,,,,,,,,,,
ARTEMISININ (BRD:BRD-K13112821-001-17-4),11,11,-0.36363636363636365,0.27163754099382253,negative,0.6853027105644152,False,False,False,,,,,,,,,,,,,,,
AS-703026 (BRD:BRD-K89014967-001-04-3),10,10,0.24848484848484845,0.4887763045192432,positive,0.804321107938609,False,False,False,,,,,,,,,,,,,,,
ASP-4130 (BRD:BRD-K53414658-001-08-2),10,10,0.006060606060606061,0.9867429111949892,positive,0.9957645606687721,False,False,False,,,,,,,,,,,,,,,
ASP-7487 (BRD:BRD-K86118762-001-01-8),14,14,0.35824175824175825,0.20849812479076704,positive,0.6306617630108551,False,False,False,,,,,,,,,,,,,,,
ASPIRIN (BRD:BRD-K11433652-001-17-0),12,12,0.0979020979020979,0.7621216559962992,positive,0.9346575308954613,False,False,False,,,,,,,,,,,,,,,
AST-1306 (BRD:BRD-K26838195-075-04-9),14,14,-0.5604395604395604,0.0371044770040744,negative,0.3270828544447713,False,True,True,,,,,,,,,,,,,,,
ASYMMETRICAL-DIMETHYLARGININE (BRD:BRD-K36269323-300-02-6),19,19,0.32631578947368417,0.17272947700679211,positive,0.5932199448549884,False,False,False,7.0,7.0,3.0,4.0,0.8919243790669033,0.8244425033039955,0.86696866398072,0.8258911656844845,0.06748187576290776,0.041077498296235526,0.22857142857142856,0.519205298013245,False,False,False
AT-7519 (BRD:BRD-K13390322-001-06-3),22,22,0.3551665725578769,0.10479718977207556,positive,0.4737083652396287,False,False,False,8.0,8.0,3.0,5.0,0.8349891290574029,0.7517889327524624,0.8309057382148302,0.7224846671147174,0.08320019630494047,0.10842107110011279,0.5714285714285714,0.8340425531914892,False,False,False
AT-9283 (BRD:BRD-K24576554-001-04-8),17,17,0.2058823529411765,0.42791485314270766,positive,0.7784837999874641,False,False,False,7.0,7.0,3.0,4.0,0.9133122452997497,0.7424517529319867,0.901151621587262,0.7546421908769105,0.17086049236776302,0.1465094307103515,0.05714285714285714,0.33220338983050846,False,False,True
AT13387 (BRD:BRD-K58435339-001-03-0),15,15,0.4678571428571427,0.07863023115438063,positive,0.41825598861034996,False,False,True,,,,,,,,,,,,,,,
ATIPAMEZOLE (BRD:BRD-K39252998-003-01-5),13,13,-0.2912087912087912,0.33438585619752936,negative,0.7346111921701703,False,False,False,,,,,,,,,,,,,,,
ATIPRIMOD (BRD:BRD-K38527262-300-01-0),16,16,0.11176470588235293,0.6802736949858407,positive,0.9012497368630407,False,False,False,,,,,,,,,,,,,,,
AURORA-A-INHIBITOR-I (BRD:BRD-K53561341-001-07-5),21,21,0.26493506493506497,0.24579261871540742,positive,0.6680064625656237,False,False,False,8.0,8.0,3.0,5.0,0.8988161301109536,0.8647148366268114,0.884891110178475,0.870242497339387,0.03410129348414226,0.014648612839088027,0.14285714285714285,0.3951612903225806,False,False,False
AUY (BRD:BRD-K41859756-001-06-8),16,16,-0.023529411764705882,0.931073583667659,negative,0.9826561405588721,False,False,False,,,,,,,,,,,,,,,
AV-412 (BRD:BRD-K23190681-001-01-1),21,21,0.5103896103896104,0.018076642193560668,positive,0.2477711115369701,False,True,True,7.0,7.0,3.0,4.0,0.9308456697275599,0.8131817212953079,0.95813313984398,0.835981171935742,0.11766394843225203,0.12215196790823801,0.11428571428571428,0.3733333333333333,False,False,False
AVL-292 (BRD:BRD-K87782578-001-01-4),17,17,-0.02696078431372549,0.9181909009189737,negative,0.9785339457396024,False,False,False,,,,,,,,,,,,,,,
AVN-944 (BRD:BRD-K62196610-001-01-6),10,10,0.6121212121212121,0.05997214247725527,positive,0.3782528700529743,False,False,True,,,,,,,,,,,,,,,
AZ 960 (BRD:BRD-K64888243-001-03-7),19,19,0.3719298245614035,0.11687923396377863,positive,0.5051310020891897,False,False,False,,,,,,,,,,,,,,,
AZ-10353926 (BRD:BRD-K19540840-001-09-4),17,17,-0.5392156862745099,0.025503680315881874,negative,0.27802160146819377,False,True,True,,,,,,,,,,,,,,,
AZ20 (BRD:BRD-K42436189-001-01-2),19,19,0.019298245614035085,0.9374978309415845,positive,0.9843169854000227,False,False,False,,,,,,,,,,,,,,,
AZ3146 (BRD:BRD-K59146805-001-03-7),14,14,-0.3054945054945055,0.2881698858754571,negative,0.7068166923000795,False,False,False,,,,,,,,,,,,,,,
AZACITIDINE (BRD:BRD-K03406345-001-21-1),12,12,-0.2447552447552448,0.44326193645018325,negative,0.780776068598229,False,False,False,,,,,,,,,,,,,,,
AZALOMYCIN-B (BRD:BRD-K96104201-001-01-5),22,22,0.13495200451722192,0.549318075362681,positive,0.8343473658608532,False,False,False,8.0,8.0,3.0,5.0,0.7866008649500277,0.7576608513015799,0.79340271527455,0.761849048969231,0.028940013648447782,0.03155366630531897,0.5714285714285714,0.8340425531914892,False,False,False
AZD 2171 (BRD:BRD-K86930074-001-05-0),16,16,0.1764705882352941,0.5132505967364671,positive,0.8207631080131814,False,False,False,,,,,,,,,,,,,,,
AZD-8055 (BRD:BRD-K69932463-001-10-6),21,21,-0.32987012987012987,0.14419837372344504,negative,0.5572774934626994,False,False,False,7.0,7.0,3.0,4.0,0.6253575502317616,0.6537724573156454,0.629589403684138,0.6601167572348614,-0.028414907083883723,-0.030527353550723446,0.6285714285714286,0.8589641434262948,False,False,False
AZD1480 (BRD:BRD-K65928735-001-04-3),10,10,0.6969696969696969,0.02509667588225185,positive,0.2777820489415888,False,True,True,,,,,,,,,,,,,,,
AZD2461 (BRD:BRD-K85014146-001-02-5),13,13,0.13736263736263735,0.6545168402947127,positive,0.8849203763710071,False,False,False,,,,,,,,,,,,,,,
AZD2858 (BRD:BRD-K85849709-001-01-5),20,20,0.030075187969924807,0.8998365956859304,positive,0.9746808320652924,False,False,False,,,,,,,,,,,,,,,
AZD3463 (BRD:BRD-K24593301-001-02-3),21,21,0.14415584415584418,0.5330058743165694,positive,0.8321425717379879,False,False,False,7.0,7.0,3.0,4.0,0.8054936984107117,0.7793702757753035,0.804068955490013,0.785976459875227,0.026123422635408233,0.018092495614785986,0.8571428571428571,0.9639344262295081,False,False,False
AZD5438 (BRD:BRD-K72414522-001-06-7),21,21,0.5142857142857142,0.017071353141816504,positive,0.24532142067760862,False,True,True,7.0,7.0,3.0,4.0,0.8806959563677891,0.8101320442028201,0.858787704412113,0.8134171171365201,0.07056391216496893,0.045370587275592955,0.05714285714285714,0.33220338983050846,False,False,True
AZD7762 (BRD:BRD-K86525559-001-07-8),21,21,0.4623376623376624,0.0348387956901551,positive,0.3204443395250724,False,True,True,7.0,7.0,3.0,4.0,0.6897314033737086,0.5423433932069215,0.70510324726337,0.5448740142648605,0.14738801016678715,0.16022923299850955,0.11428571428571428,0.3733333333333333,False,False,False
AZD8330 (BRD:BRD-K37687095-001-06-9),20,20,0.29172932330827067,0.21202623258054826,positive,0.632497173542649,False,False,False,,,,,,,,,,,,,,,
AZD8931 (BRD:BRD-K98572433-001-02-9),15,15,-0.7035714285714285,0.0034243370890839593,negative,0.15190769301653867,False,True,True,7.0,7.0,3.0,4.0,0.6291957343628302,0.8860980022999336,0.6579763598081838,0.9050757428214717,-0.25690226793710347,-0.24709938301328793,0.05714285714285714,0.33220338983050846,False,False,True
AZD9668 (BRD:BRD-K31476763-001-01-5),14,14,-0.22637362637362637,0.4364347945560527,negative,0.7799208652754643,False,False,False,,,,,,,,,,,,,,,
AZILSARTAN (BRD:BRD-K81074237-001-02-3),19,19,0.014035087719298246,0.9545239437308349,positive,0.9893725661698659,False,False,False,,,,,,,,,,,,,,,
AZITHROMYCIN (BRD:BRD-K74501079-001-18-1),16,16,0.15588235294117647,0.5642819694728023,positive,0.8379312384400485,False,False,False,,,,,,,,,,,,,,,
BAFETINIB (BRD:BRD-A75975749-001-01-4),14,14,0.17362637362637365,0.5527669411422413,positive,0.8343473658608532,False,False,False,,,,,,,,,,,,,,,
BAICALIN (BRD:BRD-K49962337-001-02-9),15,15,0.06428571428571428,0.8199479653196377,positive,0.949244531895759,False,False,False,,,,,,,,,,,,,,,
BALAPIRAVIR (BRD:BRD-K47976015-001-01-2),17,17,0.5147058823529412,0.03450769883204253,positive,0.3204443395250724,False,True,True,,,,,,,,,,,,,,,
BAM7 (BRD:BRD-K07442505-001-03-6),11,11,0.4090909090909091,0.21154501034209602,positive,0.632497173542649,False,False,False,,,,,,,,,,,,,,,
BARASERTIB (BRD:BRD-K31928526-001-02-1),14,14,0.04175824175824176,0.8872869731890637,positive,0.9746808320652924,False,False,False,,,,,,,,,,,,,,,
BARASERTIB-HQPA (BRD:BRD-K63923597-001-10-0),16,16,-0.27941176470588236,0.2946176535684143,negative,0.7113692473211594,False,False,False,,,,,,,,,,,,,,,
BARDOXOLONE (BRD:BRD-K20545304-001-01-6),15,15,0.017857142857142853,0.9496353041738619,positive,0.9893725661698659,False,False,False,6.0,6.0,3.0,3.0,0.8072749789067256,0.7837820628821603,0.842145936093975,0.794273003111462,0.02349291602456527,0.04787293298251305,0.7,0.9164122137404579,False,False,False
BARDOXOLONE-METHYL (BRD:BRD-K69694239-001-02-2),21,21,0.35974025974025975,0.10921076405040113,positive,0.48950814546448834,False,False,False,,,,,,,,,,,,,,,
BARICITINIB (BRD:BRD-K53581288-001-02-9),20,20,0.20902255639097742,0.37647233958713894,positive,0.7641955766791809,False,False,False,,,,,,,,,,,,,,,
BATIMASTAT (BRD:BRD-K82818427-001-04-8),15,15,0.24285714285714283,0.38312834183934164,positive,0.7663692375297371,False,False,False,,,,,,,,,,,,,,,
BAY 869766 (BRD:BRD-K85751432-001-03-3),18,18,0.1331269349845201,0.5984607651208831,positive,0.8544481574931787,False,False,False,7.0,7.0,3.0,4.0,0.7919025941953404,0.813516810130728,0.802898447602332,0.7892359443669275,-0.021614215935387593,0.013662503235404522,0.8571428571428571,0.9639344262295081,False,False,False
BAY-11-7082 (BRD:BRD-K15025317-001-15-1),21,21,0.1012987012987013,0.6621759840226068,positive,0.8886039420850483,False,False,False,7.0,7.0,3.0,4.0,0.9126871489801257,0.9001832922168678,0.913334353488808,0.9145982364720785,0.012503856763257937,-0.0012638829832705145,0.8571428571428571,0.9639344262295081,False,False,False
BAY-11-7085 (BRD:BRD-K48684885-001-04-2),21,21,0.3064935064935065,0.17659418586665693,positive,0.5974431652117167,False,False,False,8.0,8.0,3.0,5.0,0.8825615831415264,0.8358755621672577,0.862480971416291,0.850434274704159,0.04668602097426877,0.012046696712131988,0.25,0.5196969696969697,False,False,False
BAY-87-2243 (BRD:BRD-K70463136-001-01-5),18,18,-0.2714138286893705,0.27595238461589006,negative,0.6902718289400309,False,False,False,,,,,,,,,,,,,,,
BECLOMETHASONE-DIPROPIONATE (BRD:BRD-K97810537-001-13-6),15,15,0.15714285714285714,0.5759526006037947,positive,0.841731368421053,False,False,False,,,,,,,,,,,,,,,
BELINOSTAT (BRD:BRD-K17743125-001-08-4),16,16,0.19411764705882353,0.47128972836210753,positive,0.7928869441992983,False,False,False,,,,,,,,,,,,,,,
BENDAMUSTINE (BRD:BRD-K17068645-003-04-2),14,14,0.4901098901098901,0.07522006672685848,positive,0.4158424847475296,False,False,True,,,,,,,,,,,,,,,
BENTAZEPAM (BRD:BRD-K89490285-001-08-1),10,10,0.28484848484848485,0.4250381548921454,positive,0.7784837999874641,False,False,False,,,,,,,,,,,,,,,
BENZETHONIUM (BRD:BRD-K72723676-003-17-8),19,19,-0.17719298245614035,0.4680199619897409,negative,0.7928869441992983,False,False,False,6.0,6.0,3.0,3.0,0.5530570196159124,0.7896174397391804,0.441936818262524,0.742840067349181,-0.23656042012326806,-0.30090324908665694,0.7,0.9164122137404579,False,False,False
BENZOYLSTAUROSPORINE (BRD:BRD-K13646352-001-03-8),20,20,0.39999999999999997,0.08055387210850923,positive,0.42359491437769387,False,False,True,,,,,,,,,,,,,,,
BENZYLDIMETHYLHEXADECYLAMMONIUM (BRD:BRD-K23403298-003-01-9),11,11,0.5181818181818182,0.1024915397909638,positive,0.466494998120727,False,False,False,,,,,,,,,,,,,,,
BERBERINE (BRD:BRD-K14796088-003-26-8),19,19,0.12105263157894736,0.6215490254755144,positive,0.8642957314879988,False,False,False,,,,,,,,,,,,,,,
BERZOSERTIB (BRD:BRD-K04701033-001-03-9),22,22,0.4330886504799548,0.044075426333464486,positive,0.3525300458925629,False,True,True,8.0,8.0,3.0,5.0,0.7486902764270487,0.585747106426581,0.756553311078853,0.544677817601152,0.16294317000046765,0.21187549347770107,0.07142857142857142,0.35,False,False,True
BETA-LAPACHONE (BRD:BRD-K28061410-001-06-6),22,22,-0.36645962732919257,0.09345377564913727,negative,0.450927234416329,False,False,True,8.0,8.0,3.0,5.0,0.7559229435179883,0.7919307180350974,0.765592682212598,0.810886620841551,-0.036007774517109126,-0.045293938628953034,0.39285714285714285,0.638139534883721,False,False,False
BETULINIC-ACID (BRD:BRD-K45401373-001-20-9),12,12,0.8251748251748254,0.0009513628555555001,positive,0.09724142871853086,False,True,True,,,,,,,,,,,,,,,
BEXAROTENE (BRD:BRD-K92441787-001-04-1),14,14,-0.6087912087912088,0.020856616017223235,negative,0.2593858020170157,False,True,True,,,,,,,,,,,,,,,
BEZ235 (BRD:BRD-K12184916-001-19-6),19,19,-0.19298245614035087,0.42861312244412475,negative,0.7784837999874641,False,False,False,7.0,7.0,3.0,4.0,0.5873200984129939,0.599473724097174,0.5091193522775799,0.6220477237032442,-0.012153625684180103,-0.11292837142566436,0.8571428571428571,0.9639344262295081,False,False,False
BGT226 (BRD:BRD-K29415052-050-04-8),21,21,-0.2662337662337662,0.2433987795806379,negative,0.6680064625656237,False,False,False,7.0,7.0,3.0,4.0,0.35828323943253265,0.37510841155950747,0.3591258349891,0.365411257579625,-0.01682517212697482,-0.006285422590525003,0.8571428571428571,0.9639344262295081,False,False,False
BI-2536 (BRD:BRD-K64890080-001-13-8),19,19,0.5403508771929825,0.01691948997160229,positive,0.24532142067760862,False,True,True,8.0,8.0,3.0,5.0,0.7261182515073278,0.4623434789928346,0.665063765084559,0.4713849419544,0.26377477251449316,0.193678823130159,0.03571428571428571,0.33220338983050846,False,True,True
BI-78D3 (BRD:BRD-K73982490-001-02-9),21,21,0.14285714285714285,0.5367409296165598,positive,0.8343473658608532,False,False,False,7.0,7.0,3.0,4.0,0.9042164385749399,0.8233540612043487,0.905422462761498,0.8313243080366175,0.08086237737059121,0.07409815472488046,0.11428571428571428,0.3733333333333333,False,False,False
BIBR-1532 (BRD:BRD-K04623885-001-07-5),18,18,0.12693498452012383,0.6157269826949076,positive,0.8612967147208607,False,False,False,,,,,,,,,,,,,,,
BIBU-1361 (BRD:BRD-K49294207-300-03-8),13,13,0.03846153846153846,0.9007243023389339,positive,0.9746808320652924,False,False,False,,,,,,,,,,,,,,,
BIBX-1382 (BRD:BRD-K70914287-300-02-8),12,12,-0.08391608391608392,0.7954145018538978,negative,0.9402289225394803,False,False,False,,,,,,,,,,,,,,,
BIIB-057 (BRD:BRD-K53734668-003-02-0),21,21,0.2675324675324675,0.24102003675627295,positive,0.667149506131,False,False,False,8.0,8.0,3.0,5.0,0.9284895191645153,0.9044129529247995,0.949811637509866,0.916763162730459,0.02407656623971577,0.03304847477940698,0.39285714285714285,0.638139534883721,False,False,False
BIIB021 (BRD:BRD-K51967704-001-03-6),16,16,-0.07352941176470588,0.7866792491258566,negative,0.9402289225394803,False,False,False,,,,,,,,,,,,,,,
BINIMETINIB (BRD:BRD-K82244583-001-01-3),18,18,0.29411764705882354,0.23614329729664102,positive,0.6598561123827026,False,False,False,,,,,,,,,,,,,,,
BIRABRESIB (BRD:BRD-K43471985-001-03-0),10,10,-0.5515151515151515,0.09840117666963498,negative,0.46496030030267527,False,False,True,,,,,,,,,,,,,,,
BIRINAPANT (BRD:BRD-K71221037-001-01-6),18,18,0.04643962848297213,0.8548139516870751,positive,0.9639855930264206,False,False,False,8.0,8.0,3.0,5.0,0.7803376803019783,0.7804968579986802,0.790380897688607,0.827811422759766,-0.00015917769670192872,-0.03743052507115907,1.0,1.0,False,False,False
BISACODYL (BRD:BRD-K39987650-001-24-1),13,13,-0.021978021978021976,0.9431862416608071,negative,0.9879400372319012,False,False,False,,,,,,,,,,,,,,,
BISINDOLYLMALEIMIDE-IX (BRD:BRD-K06543683-066-02-1),22,22,0.2241671372106155,0.3159085603715583,positive,0.7273113963580073,False,False,False,8.0,8.0,3.0,5.0,0.820258825672187,0.821010830380694,0.833798069528642,0.813664113028267,-0.0007520047085070036,0.020133956500374972,0.7857142857142857,0.9556737588652482,False,False,False
BITOPERTIN (BRD:BRD-K13756951-001-01-4),14,14,-0.3318681318681319,0.24637718314961166,negative,0.6680064625656237,False,False,False,,,,,,,,,,,,,,,
BIX-01294 (BRD:BRD-K26818574-305-04-3),21,21,0.4194805194805195,0.05836062913446332,positive,0.3782528700529743,False,False,True,7.0,7.0,3.0,4.0,0.8993901560048356,0.8813320654521107,0.902975817367606,0.8790024883396005,0.018058090552724892,0.02397332902800553,0.4,0.638139534883721,False,False,False
BIX-02188 (BRD:BRD-K20290250-001-02-1),20,20,0.1263157894736842,0.5956535128148984,positive,0.8544481574931787,False,False,False,8.0,8.0,3.0,5.0,0.9050822780089643,0.878151571030295,0.939902312845693,0.885695741431318,0.026930706978669394,0.054206571414375015,0.7857142857142857,0.9556737588652482,False,False,False
BKM120 (BRD:BRD-K42191735-001-05-3),21,21,0.2558441558441559,0.26297294224172296,positive,0.6830530000476708,False,False,False,7.0,7.0,3.0,4.0,0.8053551487279217,0.7832424003622355,0.810019019257232,0.7944785598151289,0.02211274836568622,0.015540459442103027,0.8571428571428571,0.9639344262295081,False,False,False
BMS-265246 (BRD:BRD-K62814476-001-03-3),21,21,0.24415584415584415,0.286152904374841,positive,0.7068166923000795,False,False,False,,,,,,,,,,,,,,,
BMS-345541 (BRD:BRD-K13566078-001-02-3),17,17,0.08823529411764706,0.7363051515421217,positive,0.9231732340606531,False,False,False,,,,,,,,,,,,,,,
BMS-387032 (BRD:BRD-K43389698-001-09-9),20,20,0.5533834586466165,0.011370353471172339,positive,0.22192498824595153,False,True,True,7.0,7.0,3.0,4.0,0.7218460140022116,0.5572813808596362,0.704759380514298,0.535062691276408,0.1645646331425754,0.16969668923788994,0.11428571428571428,0.3733333333333333,False,False,False
BMS-626529 (BRD:BRD-K97883416-001-01-4),14,14,0.16483516483516483,0.5733464050131384,positive,0.8395769081701513,False,False,False,,,,,,,,,,,,,,,
BMS-690514 (BRD:BRD-K76239644-001-02-6),15,15,-0.7107142857142856,0.002978994886802742,negative,0.15190769301653867,False,True,True,,,,,,,,,,,,,,,
BMS-754807 (BRD:BRD-K13049116-001-04-0),13,13,0.0,1.0,zero,1.0,False,False,False,,,,,,,,,,,,,,,
BNC105 (BRD:BRD-K20468903-001-01-6),21,21,0.6220779220779221,0.002603522985558966,positive,0.14848690265381279,False,True,True,,,,,,,,,,,,,,,
BNTX (BRD:BRD-A55484088-050-02-5),21,21,0.4714285714285714,0.030978075295294817,positive,0.307344275120734,False,True,True,7.0,7.0,3.0,4.0,0.9187464604738661,0.8484577453965273,0.942055949852863,0.8562129400926111,0.0702887150773388,0.08584300976025194,0.05714285714285714,0.33220338983050846,False,False,True
BORTEZOMIB (BRD:BRD-K88510285-001-17-8),20,20,0.3037593984962406,0.19291416827770458,positive,0.6127453618317019,False,False,False,8.0,8.0,3.0,5.0,0.7627573281632726,0.6035677212616145,0.777286775124503,0.5972467476146853,0.15918960690165807,0.18004002750981762,0.14285714285714285,0.3951612903225806,False,False,False
BOSENTAN (BRD:BRD-K74763371-002-04-0),10,10,-0.18787878787878787,0.6032176100292089,negative,0.8544481574931787,False,False,False,,,,,,,,,,,,,,,
BREFELDIN-A (BRD:BRD-K77841042-001-14-1),22,22,-0.10671936758893281,0.6364319056668153,negative,0.8712703452772061,False,False,False,8.0,8.0,3.0,5.0,0.5824044436067051,0.6003692622549401,0.588281325318032,0.571902015064519,-0.01796481864823507,0.016379310253513024,1.0,1.0,False,False,False
BRIGATINIB (BRD:BRD-K56032964-001-02-1),15,15,-0.4142857142857142,0.12471544223657087,negative,0.5145968948359443,False,False,False,,,,,,,,,,,,,,,
BRIGATINIB (BRD:BRD-K56981171-001-02-8),16,16,-0.12941176470588234,0.6328823324682601,negative,0.8680420365534922,False,False,False,,,,,,,,,,,,,,,
BRILLIANT-GREEN (BRD:BRD-K60348325-065-09-9),20,20,0.3293233082706767,0.15623105162611658,positive,0.5677037801887282,False,False,False,7.0,7.0,3.0,4.0,0.6222173931155742,0.5380201482227975,0.566166001541809,0.5443141347663485,0.08419724489277669,0.02185186677546047,0.22857142857142856,0.519205298013245,False,False,False
BRIVARACETAM (BRD:BRD-K00634421-001-01-0),21,21,0.09090909090909091,0.6951310760397714,positive,0.9086723568633107,False,False,False,,,,,,,,,,,,,,,
BROXALDINE (BRD:BRD-K36222532-001-01-8),19,19,0.09473684210526316,0.6996571784752554,positive,0.9098634589008109,False,False,False,7.0,7.0,3.0,4.0,0.8651859935020606,0.8094449695478261,0.920317303560139,0.8261128355546085,0.055741023954234525,0.0942044680055305,0.4,0.638139534883721,False,False,False
BROXYQUINOLINE (BRD:BRD-K23301018-001-11-7),15,15,0.6142857142857142,0.01483395540597696,positive,0.24256264117551216,False,True,True,,,,,,,,,,,,,,,
BRUCEANTIN (BRD:BRD-A36057565-001-01-0),22,22,0.2173913043478261,0.3311374194883425,positive,0.7346111921701703,False,False,False,8.0,8.0,3.0,5.0,0.681071259684647,0.573786871404615,0.724405537789344,0.600392117912936,0.10728438828003195,0.12401341987640802,0.25,0.5196969696969697,False,False,False
BUSULFAN (BRD:BRD-K23204545-001-16-4),15,15,0.23928571428571427,0.3903793119202356,positive,0.7690332286281288,False,False,False,,,,,,,,,,,,,,,
BUTYLSCOPOLAMINE-BROMIDE (BRD:BRD-A53951045-004-01-6),12,12,0.6713286713286714,0.016831456186893416,positive,0.24532142067760862,False,True,True,,,,,,,,,,,,,,,
BVD-523 (BRD:BRD-K28965160-001-01-1),13,13,-0.005494505494505494,0.9857869107140622,negative,0.9957645606687721,False,False,False,,,,,,,,,,,,,,,
BVT-948 (BRD:BRD-K68567222-001-01-2),14,14,0.3054945054945055,0.2881698858754571,positive,0.7068166923000795,False,False,False,,,,,,,,,,,,,,,
BX-912 (BRD:BRD-K49669041-001-08-4),18,18,0.5067079463364293,0.03187313226051144,positive,0.31032670559076486,False,True,True,7.0,7.0,3.0,4.0,0.905676479361463,0.7361222296171157,0.933344006007419,0.743173551121023,0.1695542497443473,0.19017045488639595,0.05714285714285714,0.33220338983050846,False,False,True
CABAZITAXEL (BRD:BRD-K06858286-001-01-3),22,22,0.4217955957086392,0.05055239993921572,positive,0.36290869224656486,False,False,True,8.0,8.0,3.0,5.0,0.4953151604578226,0.2990808143713374,0.502675031021815,0.335904899761882,0.1962343460864852,0.166770131259933,0.03571428571428571,0.33220338983050846,False,True,True
CABOZANTINIB (BRD:BRD-K51544265-001-04-2),12,12,-0.1958041958041958,0.5419358857313173,negative,0.8343473658608532,False,False,False,,,,,,,,,,,,,,,
CAL-101 (BRD:BRD-K60866521-001-07-1),15,15,0.007142857142857141,0.9798442277615982,positive,0.9951893714922184,False,False,False,,,,,,,,,,,,,,,
CALCITRIOL (BRD:BRD-K27316855-001-13-3),16,16,0.17058823529411765,0.5276097688612683,positive,0.8289669500080069,False,False,False,,,,,,,,,,,,,,,
CANERTINIB (BRD:BRD-K50168500-001-07-9),20,20,-0.706766917293233,0.0004940441153149171,negative,0.08724819076461438,False,True,True,8.0,8.0,3.0,5.0,0.7990529563745654,0.9544023239699257,0.8212459257585515,0.9505704186043828,-0.15534936759536033,-0.12932449284583136,0.03571428571428571,0.33220338983050846,False,True,True
CAPECITABINE (BRD:BRD-K61192372-001-08-9),18,18,-0.20330237358101136,0.4184467334719627,negative,0.7778704540120908,False,False,False,6.0,6.0,3.0,3.0,0.8702474775177498,0.8908246714138572,0.8650938187894242,0.8841269570176417,-0.02057719389610746,-0.019033138228217505,1.0,1.0,False,False,False
CAPIVASERTIB (BRD:BRD-K99023089-001-03-7),19,19,-0.26491228070175443,0.27305117556176156,negative,0.6869065185784486,False,False,False,7.0,7.0,3.0,4.0,0.8443101068141584,0.8444303423402679,0.836123776519484,0.8607450447737675,-0.00012023552610951338,-0.024621268254283457,0.8571428571428571,0.9639344262295081,False,False,False
CAPMATINIB (BRD:BRD-K81016934-001-02-0),11,11,-0.009090909090909092,0.9788365001441937,negative,0.9951893714922184,False,False,False,,,,,,,,,,,,,,,
CAPTAMINE (BRD:BRD-K81645907-001-01-1),13,13,-0.23076923076923078,0.4481273823153657,negative,0.780776068598229,False,False,False,,,,,,,,,,,,,,,
CARBOXYAMIDOTRIAZOLE (BRD:BRD-K68408772-001-05-4),10,10,-0.0303030303030303,0.9337729580941466,negative,0.9826561405588721,False,False,False,,,,,,,,,,,,,,,
CARFILZOMIB (BRD:BRD-K15179879-001-03-2),21,21,0.6350649350649351,0.001980984234047954,positive,0.14576742322202862,False,True,True,8.0,8.0,3.0,5.0,0.6502815356799355,0.44324450605171944,0.7399800763197212,0.442249221396922,0.20703702962821607,0.29773085492279916,0.14285714285714285,0.3951612903225806,False,False,False
CARIPORIDE (BRD:BRD-K21670884-001-01-9),14,14,0.16923076923076924,0.5630172739962107,positive,0.8379312384400485,False,False,False,,,,,,,,,,,,,,,
CARVEDILOL (BRD:BRD-A10977446-001-12-1),10,10,0.35757575757575755,0.31037609170568026,positive,0.7273113963580073,False,False,False,,,,,,,,,,,,,,,
CCG-50014 (BRD:BRD-K08893438-001-04-9),21,21,0.33766233766233766,0.13439697248841173,positive,0.5308699567441867,False,False,False,7.0,7.0,3.0,4.0,0.8577804200241911,0.8038056652018577,0.884561445440011,0.8166964186008006,0.05397475482233338,0.06786502683921047,0.22857142857142856,0.519205298013245,False,False,False
CCT128930 (BRD:BRD-K76406695-001-02-9),11,11,-0.29090909090909095,0.3854569696913654,negative,0.7663692375297371,False,False,False,,,,,,,,,,,,,,,
CCT129202 (BRD:BRD-K57136142-001-02-4),16,16,0.29705882352941176,0.26386301461352274,positive,0.6830530000476708,False,False,False,,,,,,,,,,,,,,,
CCT137690 (BRD:BRD-K03289018-001-02-7),20,20,0.13233082706766916,0.5781074593622942,positive,0.841731368421053,False,False,False,8.0,8.0,3.0,5.0,0.8586267451738699,0.7799059013803136,0.842633121188138,0.766198567959092,0.07872084379355637,0.07643455322904602,0.14285714285714285,0.3951612903225806,False,False,False
CD-437 (BRD:BRD-K28907958-001-04-3),22,22,-0.02992659514398645,0.8948231841333145,negative,0.9746808320652924,False,False,False,8.0,8.0,3.0,5.0,0.7824438682386914,0.7728751012337812,0.77679729251025,0.766498673904185,0.009568767004910161,0.010298618606064958,0.7857142857142857,0.9556737588652482,False,False,False
CEFDITOREN-PIVOXIL (BRD:BRD-K72167406-001-02-1),17,17,-0.3382352941176471,0.18421188285210155,negative,0.604994430854705,False,False,False,,,,,,,,,,,,,,,
CEP-33779 (BRD:BRD-K37237504-001-02-7),11,11,0.10909090909090911,0.7495085962341481,positive,0.9308243185298914,False,False,False,,,,,,,,,,,,,,,
CEP-37440 (BRD:BRD-K72827473-001-01-0),20,20,-0.09323308270676692,0.6958288642370746,negative,0.9086723568633107,False,False,False,7.0,7.0,3.0,4.0,0.9222207913071706,0.9401422643385441,0.924188569716633,0.933461381069183,-0.01792147303137348,-0.009272811352549981,0.4,0.638139534883721,False,False,False
CEPHALOMANNINE (BRD:BRD-K68904758-001-03-5),22,22,0.409373235460192,0.05850104223477929,positive,0.3782528700529743,False,False,True,8.0,8.0,3.0,5.0,0.6043711605854886,0.48474852483256925,0.605063795165262,0.488145966218337,0.11962263575291932,0.11691782894692498,0.03571428571428571,0.33220338983050846,False,True,True
CETRIMONIUM (BRD:BRD-K47079459-004-04-6),21,21,0.36363636363636365,0.10514930870551215,positive,0.4737083652396287,False,False,False,8.0,8.0,3.0,5.0,0.9068254264377803,0.8459498034624586,0.887132446954426,0.864950669012587,0.060875622975321675,0.022181777941838954,0.14285714285714285,0.3951612903225806,False,False,False
CETYLPYRIDINIUM (BRD:BRD-K87700323-003-05-1),20,20,0.2992481203007519,0.19994045290488688,positive,0.6282826331495199,False,False,False,,,,,,,,,,,,,,,
CGP-52411 (BRD:BRD-K13087974-001-02-5),18,18,0.13519091847265222,0.5927498112228585,positive,0.8544481574931787,False,False,False,,,,,,,,,,,,,,,
CGS-15943 (BRD:BRD-K49049886-001-08-7),20,20,-0.30977443609022554,0.1838064324119103,negative,0.604994430854705,False,False,False,6.0,6.0,3.0,3.0,0.7316529334537604,0.76742735483009,0.72483431370744,0.828181430635884,-0.03577442137632958,-0.103347116928444,0.7,0.9164122137404579,False,False,False
CGS-20625 (BRD:BRD-K68103045-001-02-9),13,13,-0.09890109890109891,0.7478683035983906,negative,0.9308243185298914,False,False,False,,,,,,,,,,,,,,,
CH5132799 (BRD:BRD-K28352084-001-02-3),14,14,-0.7142857142857143,0.004104409161880231,negative,0.15757362130174973,False,True,True,,,,,,,,,,,,,,,
CHIDAMIDE (BRD:BRD-K28537285-001-01-8),19,19,0.19824561403508772,0.41587984219447305,positive,0.7778704540120908,False,False,False,,,,,,,,,,,,,,,
CHIR-124 (BRD:BRD-K02241333-001-02-7),17,17,0.3651960784313726,0.14947236965165778,positive,0.5647263232076876,False,False,False,7.0,7.0,3.0,4.0,0.8264671499169863,0.7232577461693761,0.803640459457538,0.7451370433431406,0.10320940374761023,0.058503416114397466,0.22857142857142856,0.519205298013245,False,False,False
CHLORAMBUCIL (BRD:BRD-K29458283-001-29-9),12,12,0.6013986013986015,0.03858845292201946,positive,0.3340549404915999,False,True,True,,,,,,,,,,,,,,,
CHLORHEXIDINE (BRD:BRD-K52256627-300-06-6),17,17,-0.019607843137254905,0.9404583435037518,negative,0.9862526333893264,False,False,False,6.0,6.0,3.0,3.0,0.8876324510331818,0.9053416114268836,0.876492732972193,0.882250820640155,-0.01770916039370185,-0.005758087667962042,1.0,1.0,False,False,False
CHLORIDINE (BRD:BRD-K88429204-001-35-1),16,16,-0.22647058823529412,0.39898292664128926,negative,0.7734882591591963,False,False,False,7.0,7.0,3.0,4.0,0.861075616220199,0.9089370456544023,0.865596747814171,0.9152229999004945,-0.04786142943420324,-0.04962625208632354,0.05714285714285714,0.33220338983050846,False,False,True
CHLORMIDAZOLE (BRD:BRD-K60443845-001-08-6),20,20,-0.021052631578947364,0.9297994024457079,negative,0.9826561405588721,False,False,False,8.0,8.0,3.0,5.0,0.876647638047154,0.8530262907838638,0.867726870941421,0.858544863097708,0.023621347263290127,0.009182007843712925,0.5714285714285714,0.8340425531914892,False,False,False
CHLOROGENIC-ACID (BRD:BRD-K47114202-001-14-6),11,11,-0.08181818181818183,0.8109903943000459,negative,0.948620796770868,False,False,False,,,,,,,,,,,,,,,
CHLOROXINE (BRD:BRD-K17075857-001-18-4),20,20,0.14436090225563908,0.543700799199015,positive,0.8343473658608532,False,False,False,8.0,8.0,3.0,5.0,0.8544704693707293,0.844936672355488,0.859142760719727,0.829632929696558,0.009533797015241374,0.029509831023168953,1.0,1.0,False,False,False
CHLORPROPAMIDE (BRD:BRD-K97746869-001-27-0),10,10,0.22424242424242422,0.5334005612725947,positive,0.8321425717379879,False,False,False,,,,,,,,,,,,,,,
CHLORPYRIFOS (BRD:BRD-K08303368-001-10-0),11,11,-0.5,0.11730680301423817,negative,0.5051310020891897,False,False,False,,,,,,,,,,,,,,,
CHLORQUINALDOL (BRD:BRD-K90374350-001-09-2),13,13,0.21428571428571427,0.4820544547023681,positive,0.804321107938609,False,False,False,,,,,,,,,,,,,,,
CHOLECALCIFEROL (BRD:BRD-K62779383-001-05-5),21,21,0.3675324675324675,0.10119902708769574,positive,0.466494998120727,False,False,False,8.0,8.0,3.0,5.0,0.8831219511523821,0.828307301100463,0.889310530524525,0.838147155547526,0.0548146500519191,0.051163374976999076,0.03571428571428571,0.33220338983050846,False,True,True
CICLOPIROX (BRD:BRD-K13044802-213-20-7),14,14,0.07252747252747253,0.8053763135410923,positive,0.948196379809046,False,False,False,,,,,,,,,,,,,,,
CID-5458317 (BRD:BRD-A08840375-001-01-3),21,21,0.07272727272727272,0.7540636728389067,positive,0.9325465309758468,False,False,False,7.0,7.0,3.0,4.0,0.8577964856972974,0.8412158070537696,0.861558396606527,0.8401810640981315,0.016580678643527746,0.021377332508395464,0.6285714285714286,0.8589641434262948,False,False,False
CIMETIDINE (BRD:BRD-K34157611-001-16-0),10,10,0.0303030303030303,0.9337729580941466,positive,0.9826561405588721,False,False,False,,,,,,,,,,,,,,,
CINACALCET (BRD:BRD-K73838513-003-05-5),21,21,-0.005194805194805195,0.9821704184352004,negative,0.9951893714922184,False,False,False,8.0,8.0,3.0,5.0,0.9362779342628914,0.9011853575647301,0.9152207550279172,0.9598225510504212,0.03509257669816135,-0.044601796022504026,0.7857142857142857,0.9556737588652482,False,False,False
CIPROFIBRATE (BRD:BRD-A49358627-001-14-6),16,16,-0.3029411764705882,0.25406688060961136,negative,0.6765364408503279,False,False,False,,,,,,,,,,,,,,,
CIS-DDP (BRD:BRD-K69172251-001-08-9),17,17,-0.4926470588235295,0.0445245262088992,negative,0.3525300458925629,False,True,True,,,,,,,,,,,,,,,
CLADRIBINE (BRD:BRD-K93034159-001-25-8),13,13,-0.34615384615384615,0.24662526251007172,negative,0.6680064625656237,False,False,False,,,,,,,,,,,,,,,
CLOFARABINE (BRD:BRD-K34022604-001-06-6),21,21,0.574025974025974,0.006506006572823369,positive,0.1697360530283357,False,True,True,,,,,,,,,,,,,,,
CLOMIFENE (BRD:BRD-K29950728-048-17-4),16,16,-0.31176470588235294,0.23980004767411275,negative,0.6658598808057911,False,False,False,,,,,,,,,,,,,,,
CLONAZEPAM (BRD:BRD-K38183498-001-02-0),20,20,0.6947368421052631,0.0006752714633826033,positive,0.09127794571811906,False,True,True,7.0,7.0,3.0,4.0,0.777768756194678,0.633154333600732,0.766085865919172,0.6401653208665725,0.14461442259394597,0.12592054505259953,0.05714285714285714,0.33220338983050846,False,False,True
CMPD-1 (BRD:BRD-K54095730-001-03-1),22,22,0.45454545454545453,0.033562881866437376,positive,0.31547598093781004,False,True,True,8.0,8.0,3.0,5.0,0.922332313780848,0.8291677568464412,0.922427072712685,0.836844072749624,0.09316455693440684,0.08558299996306096,0.03571428571428571,0.33220338983050846,False,True,True
CNX-2006 (BRD:BRD-K24869513-001-02-1),11,11,-0.14545454545454548,0.6695786456420787,negative,0.8944648353238998,False,False,False,,,,,,,,,,,,,,,
CNX-774 (BRD:BRD-K48443249-001-01-0),12,12,-0.055944055944055944,0.8628980736949713,negative,0.9666466640636846,False,False,False,,,,,,,,,,,,,,,
COBICISTAT (BRD:BRD-K51040301-001-02-1),14,14,-0.01978021978021978,0.9464892274080116,negative,0.9893725661698659,False,False,False,,,,,,,,,,,,,,,
COLCHICINE (BRD:BRD-K00259736-001-16-4),19,19,0.12280701754385966,0.6164660517594382,positive,0.8612967147208607,False,False,False,,,,,,,,,,,,,,,
COMBRETASTATIN-A-4 (BRD:BRD-K61195623-001-01-4),21,21,0.3766233766233766,0.092405309430575,positive,0.4483180671824051,False,False,True,,,,,,,,,,,,,,,
COSTUNOLIDE (BRD:BRD-K26833429-001-02-8),10,10,0.406060606060606,0.24428229408662647,positive,0.6680064625656237,False,False,False,,,,,,,,,,,,,,,
CP-724714 (BRD:BRD-K76908866-001-07-6),18,18,-0.5170278637770898,0.02800614736378716,negative,0.28755148979330303,False,True,True,,,,,,,,,,,,,,,
"CP-945,598 (BRD:BRD-K09090949-001-01-9)",20,20,0.1413533834586466,0.552214438632242,positive,0.8343473658608532,False,False,False,8.0,8.0,3.0,5.0,0.893428568188955,0.881301065035181,0.883439948587337,0.872519985975345,0.012127503153773977,0.010919962611992018,0.39285714285714285,0.638139534883721,False,False,False
CPI-1189 (BRD:BRD-K11073688-001-01-6),11,11,0.5636363636363637,0.07095173447637551,positive,0.41196636887186605,False,False,True,,,,,,,,,,,,,,,
CPP (BRD:BRD-K66094457-001-01-5),14,14,-0.11208791208791209,0.7028331631967695,negative,0.9113093731317877,False,False,False,,,,,,,,,,,,,,,
CR8-(R) (BRD:BRD-K40331046-305-01-5),22,22,0.2298136645962733,0.30354785916215565,positive,0.720518171075762,False,False,False,8.0,8.0,3.0,5.0,0.6873024575582244,0.6369295825616095,0.692160932988103,0.586793285837666,0.050372874996614914,0.105367647150437,0.39285714285714285,0.638139534883721,False,False,False
CRA-032765 (BRD:BRD-K70301465-001-05-9),15,15,-0.6428571428571428,0.009739944695595268,negative,0.20477074205263385,False,True,True,,,,,,,,,,,,,,,
CRENOLANIB (BRD:BRD-K22127577-001-03-7),21,21,0.5532467532467533,0.009281014982756764,positive,0.19988137145790788,False,True,True,8.0,8.0,3.0,5.0,0.8556285115314957,0.6663213636982237,0.841697483344696,0.69416512947516,0.18930714783327196,0.147532353869536,0.03571428571428571,0.33220338983050846,False,True,True
CRIZOTINIB (BRD:BRD-K78431006-001-15-1),15,15,-0.13928571428571426,0.6205460876279013,negative,0.8642621378161465,False,False,False,,,,,,,,,,,,,,,
CRIZOTINIB-(S) (BRD:BRD-K40308497-001-01-2),20,20,0.3082706766917293,0.18605556077810143,positive,0.604994430854705,False,False,False,7.0,7.0,3.0,4.0,0.8727927071966866,0.8443662977834794,0.877275612436658,0.839147880203666,0.028426409413207177,0.03812773223299193,0.11428571428571428,0.3733333333333333,False,False,False
CROMAKALIM (BRD:BRD-M89827113-001-01-5),12,12,-0.10489510489510491,0.7456094809807079,negative,0.9308243185298914,False,False,False,,,,,,,,,,,,,,,
CRYSTAL-VIOLET (BRD:BRD-K60025295-003-06-6),22,22,0.1044607566346697,0.6436271470407505,positive,0.8770413130200351,False,False,False,8.0,8.0,3.0,5.0,0.6162474445493614,0.43554316816143757,0.442667318718658,0.504994807680241,0.18070427638792386,-0.062327488961582966,0.7857142857142857,0.9556737588652482,False,False,False
CUDC 101 (BRD:BRD-K41278234-001-03-0),10,10,-0.04242424242424241,0.9073638178128159,negative,0.9770759160106299,False,False,False,,,,,,,,,,,,,,,
CUDC-907 (BRD:BRD-K77638923-001-02-0),22,22,0.34161490683229817,0.11970214821095865,positive,0.5106135114506111,False,False,False,8.0,8.0,3.0,5.0,0.4804204848847056,0.42848999957854,0.487184123520068,0.426816201567535,0.05193048530616562,0.06036792195253299,0.25,0.5196969696969697,False,False,False
CURCUMIN (BRD:BRD-K07572174-001-39-4),22,22,-0.1202710333145116,0.5939407703391391,negative,0.8544481574931787,False,False,False,8.0,8.0,3.0,5.0,0.8189513923910127,0.8459234792080178,0.809032032991699,0.846105142233449,-0.026972086817005136,-0.03707310924175,0.25,0.5196969696969697,False,False,False
CYC116 (BRD:BRD-K64866502-001-03-9),12,12,-0.1188811188811189,0.712884219214772,negative,0.9177426551750772,False,False,False,,,,,,,,,,,,,,,
CYCLOCYTIDINE (BRD:BRD-K67536197-003-11-4),18,18,0.49638802889576883,0.03614032375695943,positive,0.3270828544447713,False,True,True,7.0,7.0,3.0,4.0,0.8547205211649619,0.7182325941731383,0.814570482729401,0.7157753416102746,0.13648792699182355,0.09879514111912646,0.05714285714285714,0.33220338983050846,False,False,True
CYCLOHEXIMIDE (BRD:BRD-K36055864-001-19-2),17,17,0.4730392156862746,0.055144481799935384,positive,0.3741428027766642,False,False,True,,,,,,,,,,,,,,,
CYCLOVALONE (BRD:BRD-K59866480-001-07-3),21,21,0.1012987012987013,0.6621759840226068,positive,0.8886039420850483,False,False,False,,,,,,,,,,,,,,,
CYCLOVIROBUXIN-D (BRD:BRD-K27799744-001-02-8),14,14,0.3802197802197802,0.17990614630608132,positive,0.6049015183003066,False,False,False,,,,,,,,,,,,,,,
CYPROTERONE-ACETATE (BRD:BRD-K41141507-001-16-2),16,16,-0.2323529411764706,0.386511349907985,negative,0.7663692375297371,False,False,False,6.0,6.0,3.0,3.0,0.8884486459540809,0.9492297373342707,0.882430375979808,0.970028097779598,-0.06078109138018983,-0.08759772179978997,0.4,0.638139534883721,False,False,False
CYT-997 (BRD:BRD-K23363278-001-02-1),20,20,0.5759398496240601,0.007870940177445083,positive,0.1827542325058525,False,True,True,8.0,8.0,3.0,5.0,0.6846456075665864,0.5433845010986318,0.66193182367911,0.536603017586546,0.14126110646795464,0.12532880609256392,0.03571428571428571,0.33220338983050846,False,True,True
CYTOCHALASIN-B (BRD:BRD-K47000838-001-01-6),19,19,0.15614035087719297,0.5232597112042989,positive,0.8235977272609553,False,False,False,,,,,,,,,,,,,,,
CYTOCHLOR (BRD:BRD-K48988407-001-01-2),17,17,0.32598039215686275,0.20163694355296405,positive,0.6285637561054869,False,False,False,,,,,,,,,,,,,,,
D-64131 (BRD:BRD-K26997899-001-02-2),18,18,0.281733746130031,0.2573753757323143,positive,0.6800117094722046,False,False,False,7.0,7.0,3.0,4.0,0.8186791660696624,0.6143282910678878,0.791604786485004,0.6113398589550565,0.20435087500177462,0.1802649275299475,0.11428571428571428,0.3733333333333333,False,False,False
D-7193 (BRD:BRD-K32372024-001-01-0),17,17,-0.06862745098039216,0.7935424429160596,negative,0.9402289225394803,False,False,False,,,,,,,,,,,,,,,
DABRAFENIB (BRD:BRD-K09951645-001-11-8),10,10,0.49090909090909085,0.1496556734208368,positive,0.5647263232076876,False,False,False,,,,,,,,,,,,,,,
DACARBAZINE (BRD:BRD-K35520305-001-16-9),12,12,-0.16783216783216784,0.6020994277865379,negative,0.8544481574931787,False,False,False,,,,,,,,,,,,,,,
DACINOSTAT (BRD:BRD-K56957086-001-06-3),21,21,0.2857142857142857,0.2092950927335546,positive,0.6307425490912243,False,False,False,7.0,7.0,3.0,4.0,0.629320847233098,0.5770206250421177,0.590659354206359,0.54972845613166,0.052300222190980294,0.04093089807469896,0.22857142857142856,0.519205298013245,False,False,False
DACLATASVIR (BRD:BRD-K82861010-001-02-5),14,14,-0.5340659340659341,0.04915991637198507,negative,0.3558049684955969,False,True,True,,,,,,,,,,,,,,,
DACOMITINIB (BRD:BRD-K57169635-001-04-5),20,20,-0.38947368421052625,0.08961904769837135,negative,0.4396312173203439,False,False,True,8.0,8.0,3.0,5.0,0.692927155048098,0.852389483469428,0.6898761733636252,0.8240575019647307,-0.15946232842133,-0.13418132860110554,0.25,0.5196969696969697,False,False,False
DANUSERTIB (BRD:BRD-K07881437-001-04-6),21,21,0.4207792207792207,0.05750513790191279,positive,0.3782528700529743,False,False,True,7.0,7.0,3.0,4.0,0.751624577545166,0.42000845217392874,0.817280347967666,0.394844315614417,0.33161612537123725,0.422436032353249,0.11428571428571428,0.3733333333333333,False,False,False
DAPIVIRINE (BRD:BRD-K12885236-001-02-7),17,17,0.6299019607843138,0.00672792962173471,positive,0.1697360530283357,False,True,True,,,,,,,,,,,,,,,
DARAPLADIB (BRD:BRD-K19085898-001-01-8),17,17,0.11029411764705883,0.6734589975422938,positive,0.8982844332777121,False,False,False,,,,,,,,,,,,,,,
DARIFENACIN (BRD:BRD-K95773607-004-03-8),14,14,-0.3406593406593406,0.23331605103682382,negative,0.6595505708441295,False,False,False,,,,,,,,,,,,,,,
DASATINIB (BRD:BRD-K49328571-001-15-0),12,12,-0.07692307692307693,0.8121826980280591,negative,0.948620796770868,False,False,False,,,,,,,,,,,,,,,
DAUNORUBICIN (BRD:BRD-K43389675-001-02-1),19,19,0.5157894736842105,0.02379180877011268,positive,0.2755039064647447,False,True,True,7.0,7.0,3.0,4.0,0.9341862419725424,0.6943781901119405,0.9640047772262214,0.7610686208421683,0.23980805186060195,0.20293615638405305,0.05714285714285714,0.33220338983050846,False,False,True
DCEBIO (BRD:BRD-K89299012-001-06-0),18,18,0.6305469556243549,0.005025142219255446,positive,0.16434076220750218,False,True,True,7.0,7.0,3.0,4.0,0.92199236661896,0.78934453243579,0.914179095561016,0.79070284539438,0.13264783418317005,0.12347625016663599,0.05714285714285714,0.33220338983050846,False,False,True
DECITABINE (BRD:BRD-K79254416-001-21-8),16,16,0.2647058823529412,0.3218043958686153,positive,0.7331363636513977,False,False,False,,,,,,,,,,,,,,,
DEFACTINIB (BRD:BRD-K43578482-001-01-4),15,15,-0.13214285714285715,0.6387442188840664,negative,0.8725981673429464,False,False,False,,,,,,,,,,,,,,,
DEFLAZACORT (BRD:BRD-K96006502-001-02-6),14,14,0.1076923076923077,0.7140308087262492,positive,0.9177426551750772,False,False,False,,,,,,,,,,,,,,,
DEFOROLIMUS (BRD:BRD-K62304154-001-04-2),21,21,-0.07532467532467534,0.7455550758529895,negative,0.9308243185298914,False,False,False,8.0,8.0,3.0,5.0,0.5747824887170834,0.5630131246144414,0.629538686062214,0.565018146050756,0.011769364102641955,0.06452054001145802,1.0,1.0,False,False,False
DELANZOMIB (BRD:BRD-K59325863-001-02-8),22,22,0.012987012987012988,0.9542576793321902,positive,0.9893725661698659,False,False,False,8.0,8.0,3.0,5.0,0.46500808766330565,0.48567516772663477,0.454709137492305,0.460368911210944,-0.020667080063329124,-0.005659773718638961,0.7857142857142857,0.9556737588652482,False,False,False
DEOXYCORTICOSTERONE-ACETATE (BRD:BRD-K24556098-001-16-7),21,21,0.34675324675324676,0.12357109818269166,positive,0.5122689187573556,False,False,False,8.0,8.0,3.0,5.0,0.7361525926102269,0.7269742481104944,0.7476907805755,0.736770829203966,0.009178344499732538,0.010919951371534009,0.7857142857142857,0.9556737588652482,False,False,False
DEQUALINIUM (BRD:BRD-K77685957-300-09-1),18,18,-0.11455108359133126,0.6508342238705321,negative,0.882292168234789,False,False,False,,,,,,,,,,,,,,,
DESONIDE (BRD:BRD-K21528677-001-02-8),11,11,0.10000000000000002,0.7698749998921367,positive,0.9382723639905493,False,False,False,,,,,,,,,,,,,,,
DEXRAZOXANE (BRD:BRD-K07265709-003-05-6),19,19,0.4333333333333333,0.06382621222101989,positive,0.38609573035697053,False,False,True,,,,,,,,,,,,,,,
DIANHYDROGALACTITOL (BRD:BRD-K68502831-001-01-2),18,18,0.1991744066047472,0.42815803191920493,positive,0.7784837999874641,False,False,False,8.0,8.0,3.0,5.0,0.8321072424867669,0.791191505945361,0.828450643031419,0.809236739720329,0.0409157365414059,0.019213903311090075,0.39285714285714285,0.638139534883721,False,False,False
DICHLORVOS (BRD:BRD-K23779958-001-05-8),21,21,0.16623376623376623,0.471422022315551,positive,0.7928869441992983,False,False,False,8.0,8.0,3.0,5.0,0.7354652911026527,0.7458276553396004,0.778723466213034,0.796106600882539,-0.010362364236947696,-0.01738313466950503,0.7857142857142857,0.9556737588652482,False,False,False
DICLAZURIL (BRD:BRD-A06426627-001-03-5),20,20,0.5338345864661653,0.015337046800217394,positive,0.2441677750204731,False,True,True,7.0,7.0,3.0,4.0,0.8791376784089926,0.7909903278738935,0.851347240579032,0.7863983975753774,0.08814735053509914,0.06494884300365455,0.05714285714285714,0.33220338983050846,False,False,True
DIFLUPREDNATE (BRD:BRD-K33720171-001-01-0),20,20,0.24661654135338343,0.2945519940720424,positive,0.7113692473211594,False,False,False,8.0,8.0,3.0,5.0,0.8136647609480749,0.7610412352480633,0.846285729184354,0.793886851465108,0.05262352570001161,0.052398877719246006,0.39285714285714285,0.638139534883721,False,False,False
DIGITOXIGENIN (BRD:BRD-K18518344-001-15-9),22,22,0.21964991530208924,0.32601325111651935,positive,0.7339887610086854,False,False,False,8.0,8.0,3.0,5.0,0.7146880091396026,0.6787211724939997,0.711250227258069,0.665473196485823,0.03596683664560296,0.04577703077224593,0.39285714285714285,0.638139534883721,False,False,False
DIGITOXIN (BRD:BRD-A93236127-001-04-5),11,11,-0.07272727272727274,0.831716405381337,negative,0.9537734882489877,False,False,False,,,,,,,,,,,,,,,
DIGOXIGENIN (BRD:BRD-K18619710-001-14-4),19,19,-0.08596491228070174,0.7263970439793996,negative,0.9212238582232287,False,False,False,8.0,8.0,3.0,5.0,0.8618845586204316,0.8852548585571013,0.865823664460373,0.872616954257704,-0.023370299936669725,-0.00679328979733107,0.5714285714285714,0.8340425531914892,False,False,False
DIGOXIN (BRD:BRD-A94756469-001-04-7),20,20,0.024060150375939848,0.9197997451459456,positive,0.9785339457396024,False,False,False,7.0,7.0,3.0,4.0,0.6254306686220766,0.60354538864441,0.628423530564466,0.599063538498091,0.02188527997766665,0.029359992066374963,0.8571428571428571,0.9639344262295081,False,False,False
DIHYDROMYRICETIN (BRD:BRD-K01614093-001-02-6),15,15,0.18214285714285713,0.5158816817070393,positive,0.8207631080131814,False,False,False,,,,,,,,,,,,,,,
DINACICLIB (BRD:BRD-K13662825-001-07-5),21,21,0.7779220779220779,3.305455558896248e-05,positive,0.02918717258505387,True,True,True,8.0,8.0,3.0,5.0,0.8457853692500787,0.5306354163682995,0.7985577259730812,0.554394719775519,0.31514995288177927,0.24416300619756215,0.03571428571428571,0.33220338983050846,False,True,True
DIOSCIN (BRD:BRD-K37723606-001-01-5),21,21,0.3,0.18641143545847969,positive,0.604994430854705,False,False,False,8.0,8.0,3.0,5.0,0.9247707272817457,0.8307508844872714,0.932197971125384,0.829146281218645,0.09401984279447428,0.10305168990673907,0.14285714285714285,0.3951612903225806,False,False,False
DIPHENYLENEIODONIUM (BRD:BRD-K65814004-003-02-9),19,19,0.04035087719298246,0.8697227104002634,positive,0.9697975468329533,False,False,False,7.0,7.0,3.0,4.0,0.574809185174898,0.5138490031305812,0.549336799479306,0.479548061984731,0.060960182044316746,0.06978873749457504,0.4,0.638139534883721,False,False,False
DISULFIRAM (BRD:BRD-K32744045-001-31-2),22,22,0.16996047430830044,0.44954166436454235,positive,0.780776068598229,False,False,False,8.0,8.0,3.0,5.0,0.7621587448818691,0.6999911070539122,0.733396188744195,0.709893928053714,0.06216763782795687,0.023502260690481003,0.25,0.5196969696969697,False,False,False
DOCETAXEL (BRD:BRD-K30577245-001-05-0),13,13,0.23626373626373626,0.43708354383118136,positive,0.7799208652754643,False,False,False,,,,,,,,,,,,,,,
DOLASTATIN-10 (BRD:BRD-K78567475-001-01-4),21,21,0.4142857142857143,0.061879942683025164,positive,0.38209782789588265,False,False,True,8.0,8.0,3.0,5.0,0.2961351033606263,0.11332772196206949,0.274578843048274,0.0924247457825988,0.18280738139855685,0.18215409726567522,0.03571428571428571,0.33220338983050846,False,True,True
DOLUTEGRAVIR (BRD:BRD-K36386086-001-01-1),17,17,-0.4852941176470589,0.048308194284258345,negative,0.3525300458925629,False,True,True,6.0,6.0,3.0,3.0,0.839443656560431,0.8795545961869796,0.828398018775616,0.896510501658927,-0.04011093962654866,-0.06811248288331095,0.2,0.519205298013245,False,False,False
DOMIPHEN (BRD:BRD-K30431096-004-01-3),17,17,0.46813725490196084,0.058071924895836145,positive,0.3782528700529743,False,False,True,,,,,,,,,,,,,,,
DOVITINIB (BRD:BRD-K85402309-043-01-9),16,16,-0.25,0.35039147910720203,negative,0.7491420727643084,False,False,False,,,,,,,,,,,,,,,
DOXIFLURIDINE (BRD:BRD-K58262659-001-09-7),14,14,0.1252747252747253,0.6695823965448445,positive,0.8944648353238998,False,False,False,,,,,,,,,,,,,,,
DOXORUBICIN (BRD:BRD-K92093830-003-30-8),21,21,0.26493506493506497,0.24579261871540742,positive,0.6680064625656237,False,False,False,7.0,7.0,3.0,4.0,0.655317467585506,0.570460873411582,0.662443737213834,0.556735281981418,0.084856594173924,0.10570845523241601,0.11428571428571428,0.3733333333333333,False,False,False
DPI-201106 (BRD:BRD-A64553394-001-04-4),18,18,0.06914344685242517,0.785147870866694,positive,0.9402289225394803,False,False,False,7.0,7.0,3.0,4.0,0.8093763508055263,0.8149640712667945,0.779392118841364,0.811285554898312,-0.0055877204612682085,-0.031893436056948055,0.6285714285714286,0.8589641434262948,False,False,False
DRONEDARONE (BRD:BRD-K05524748-003-04-4),19,19,-0.14736842105263157,0.5471363428592276,negative,0.8343473658608532,False,False,False,,,,,,,,,,,,,,,
DROSPIRENONE (BRD:BRD-K04394237-001-03-7),16,16,0.032352941176470584,0.9053195187918449,positive,0.9770759160106299,False,False,False,,,,,,,,,,,,,,,
E7449 (BRD:BRD-K05444225-001-01-7),16,16,-0.24705882352941175,0.35627504151257744,negative,0.7508135123045486,False,False,False,,,,,,,,,,,,,,,
EBASTINE (BRD:BRD-K13314656-001-01-0),20,20,-0.23308270676691725,0.3226780250046228,negative,0.7331363636513977,False,False,False,,,,,,,,,,,,,,,
ECAMSULE-TRIETHANOLAMINE (BRD:BRD-A47953250-001-01-7),11,11,0.10909090909090911,0.7495085962341481,positive,0.9308243185298914,False,False,False,,,,,,,,,,,,,,,
ECHINOMYCIN (BRD:BRD-A68969091-001-12-7),21,21,0.2584415584415584,0.2579885873988545,positive,0.6800117094722046,False,False,False,7.0,7.0,3.0,4.0,0.23836826484877163,0.18030458647990075,0.283495979671008,0.142304469767109,0.058063678368870886,0.14119150990389898,0.6285714285714286,0.8589641434262948,False,False,False
EFONIDIPINE-MONOETHANOLATE (BRD:BRD-M92675308-003-07-1),14,14,-0.18681318681318684,0.5225040123791592,negative,0.8235977272609553,False,False,False,,,,,,,,,,,,,,,
EKB 569 (BRD:BRD-K08799216-001-05-3),17,17,-0.19117647058823534,0.46232612062451384,negative,0.7911510940144296,False,False,False,7.0,7.0,3.0,4.0,0.8222612961217782,0.892044001679625,0.7665448944711422,0.9360491252743357,-0.06978270555784682,-0.16950423080319355,0.8571428571428571,0.9639344262295081,False,False,False
ELACRIDAR (BRD:BRD-K88807631-001-01-3),15,15,-0.4964285714285714,0.05979741374992394,negative,0.3782528700529743,False,False,True,,,,,,,,,,,,,,,
ELESCLOMOL (BRD:BRD-K82135108-001-04-3),17,17,0.002450980392156863,0.9925511887884692,positive,0.9970679177476885,False,False,False,,,,,,,,,,,,,,,
ELOXATIN (BRD:BRD-K78960041-001-05-7),17,17,0.35539215686274517,0.16154091235760815,positive,0.570562502447072,False,False,False,,,,,,,,,,,,,,,
ELTROMBOPAG (BRD:BRD-K40496271-396-01-1),14,14,-0.03736263736263736,0.8990930969739669,negative,0.9746808320652924,False,False,False,,,,,,,,,,,,,,,
EMBELIC ACID (BRD:BRD-K86727142-001-12-4),17,17,0.5343137254901961,0.027139775804459698,positive,0.28755148979330303,False,True,True,7.0,7.0,3.0,4.0,0.9363076730947686,0.8872809558591737,0.924872291811778,0.905554845326149,0.04902671723559493,0.019317446485628942,0.05714285714285714,0.33220338983050846,False,False,True
EMETINE (BRD:BRD-A25687296-300-04-3),20,20,0.7233082706766917,0.00031340341734179564,positive,0.06918380437820139,False,True,True,7.0,7.0,3.0,4.0,0.7071823562236513,0.5564118214389765,0.71603303529261,0.5663975671730546,0.15077053478467484,0.14963546811955541,0.05714285714285714,0.33220338983050846,False,False,True
ENDO-IWR-1 (BRD:BRD-K61314889-001-04-4),19,19,0.28947368421052627,0.22933513423022364,positive,0.6595505708441295,False,False,False,6.0,6.0,3.0,3.0,0.8790088931426516,0.82897046993155,0.858072930018707,0.833842934767401,0.050038423211101635,0.02422999525130598,0.1,0.3733333333333333,False,False,False
ENMD-2076 (BRD:BRD-K68488863-001-04-9),18,18,0.06914344685242517,0.785147870866694,positive,0.9402289225394803,False,False,False,,,,,,,,,,,,,,,
ENTINOSTAT (BRD:BRD-K77908580-001-09-6),21,21,0.33896103896103896,0.1328105963995839,positive,0.5308699567441867,False,False,False,8.0,8.0,3.0,5.0,0.85984641465008,0.780295853893444,0.895028537845442,0.828733838910254,0.07955056075663602,0.06629469893518802,0.25,0.5196969696969697,False,False,False
EPINEPHRINE (BRD:BRD-K63126190-003-01-6),16,16,0.07058823529411765,0.7950393023376281,positive,0.9402289225394803,False,False,False,,,,,,,,,,,,,,,
EPIRUBICIN (BRD:BRD-K04548931-003-16-5),11,11,-0.4090909090909091,0.21154501034209602,negative,0.632497173542649,False,False,False,,,,,,,,,,,,,,,
EPLERENONE (BRD:BRD-K19761926-001-03-6),18,18,0.17440660474716205,0.4888387099593369,positive,0.804321107938609,False,False,False,7.0,7.0,3.0,4.0,0.9197269062162,0.8867380414230089,0.927130721137585,0.873217564351472,0.032988864793191075,0.05391315678611297,0.8571428571428571,0.9639344262295081,False,False,False
EPOTHILONE-A (BRD:BRD-K71823332-001-03-7),22,22,0.4138904573687183,0.05550702963051303,positive,0.3741428027766642,False,False,True,8.0,8.0,3.0,5.0,0.5776478975269831,0.4438260864550142,0.579392272535308,0.43736136300633,0.1338218110719689,0.142030909528978,0.07142857142857142,0.35,False,False,True
EPOTHILONE-B (BRD:BRD-K68164687-001-01-6),22,22,0.21174477696216829,0.34415653121964956,positive,0.7411956513828063,False,False,False,8.0,8.0,3.0,5.0,0.380170629482739,0.2622511234767716,0.38543520195372,0.262773043854361,0.1179195060059674,0.12266215809935899,0.14285714285714285,0.3951612903225806,False,False,False
EPOTHILONE-D (BRD:BRD-K52762805-001-01-2),20,20,0.5548872180451127,0.011103504265934592,positive,0.22192498824595153,False,True,True,7.0,7.0,3.0,4.0,0.32382865981036424,0.0971145627720056,0.432611894087301,0.08156790937308755,0.22671409703835865,0.35104398471421344,0.22857142857142856,0.519205298013245,False,False,False
EPRINOMECTIN (BRD:BRD-A91366704-001-01-9),12,12,-0.06293706293706294,0.8459309212287789,negative,0.9638154883161442,False,False,False,,,,,,,,,,,,,,,
EPROBEMIDE (BRD:BRD-K17979676-001-01-2),10,10,-0.0303030303030303,0.9337729580941466,negative,0.9826561405588721,False,False,False,,,,,,,,,,,,,,,
EQUOL (BRD:BRD-K54847683-001-04-0),11,11,-0.05454545454545456,0.8734465775233149,negative,0.9697975468329533,False,False,False,,,,,,,,,,,,,,,
ER-27319 (BRD:BRD-K11927976-050-02-9),22,22,0.4669678147939018,0.028449501046477796,positive,0.28874608533379187,False,True,True,8.0,8.0,3.0,5.0,0.8685297970330407,0.8007372948747861,0.871633460117594,0.819078247188588,0.06779250215825461,0.052555212929006,0.03571428571428571,0.33220338983050846,False,True,True
ERASTIN (BRD:BRD-A25004090-001-08-4),11,11,-0.4272727272727273,0.18994372496542714,negative,0.6076822795089571,False,False,False,,,,,,,,,,,,,,,
ERCALCITRIOL (BRD:BRD-K84163249-001-01-9),13,13,-0.19780219780219782,0.5171309114848299,negative,0.821270854030764,False,False,False,,,,,,,,,,,,,,,
ERDAFITINIB (BRD:BRD-K84868168-001-01-0),10,10,0.29696969696969694,0.40470167127015705,positive,0.7734882591591963,False,False,False,,,,,,,,,,,,,,,
ESTRAMUSTINE (BRD:BRD-A70858459-001-01-7),12,12,0.7342657342657343,0.006543490146837884,positive,0.1697360530283357,False,True,True,,,,,,,,,,,,,,,
ETHACRIDINE-LACTATE-MONOHYDRATE (BRD:BRD-K24715592-406-02-1),16,16,0.15,0.5792486306642535,positive,0.841731368421053,False,False,False,,,,,,,,,,,,,,,
ETOPOSIDE (BRD:BRD-K37798499-001-27-2),16,16,0.18235294117647058,0.4990748572458002,positive,0.807040166382094,False,False,False,,,,,,,,,,,,,,,
ETOPOSIDE-PHOSPHATE (BRD:BRD-K72533376-001-01-2),11,11,-0.20000000000000004,0.5554454421055853,negative,0.8346329721632294,False,False,False,,,,,,,,,,,,,,,
ETP-46464 (BRD:BRD-K24556407-001-02-3),22,22,-0.026538678712591763,0.9066765277008432,negative,0.9770759160106299,False,False,False,8.0,8.0,3.0,5.0,0.8089530898258289,0.802602707283049,0.779348087331022,0.823179792927201,0.006350382542779864,-0.043831705596178994,1.0,1.0,False,False,False
EVACETRAPIB (BRD:BRD-K16551357-001-03-2),17,17,0.08823529411764706,0.7363051515421217,positive,0.9231732340606531,False,False,False,7.0,7.0,3.0,4.0,0.9500698368103843,0.8457000018343664,0.954972852680968,0.8526254828602515,0.10436983497601782,0.10234736982071646,0.4,0.638139534883721,False,False,False
EVEROLIMUS (BRD:BRD-K13514097-001-04-6),11,11,0.09090909090909091,0.7903727377532903,positive,0.9402289225394803,False,False,False,,,,,,,,,,,,,,,
EVODIAMINE (BRD:BRD-A68631409-001-05-4),19,19,-0.021052631578947368,0.9318278746837038,negative,0.9826561405588721,False,False,False,,,,,,,,,,,,,,,
EVP4593 (BRD:BRD-K68395654-001-03-1),22,22,0.17899491812535295,0.4254382439036578,positive,0.7784837999874641,False,False,False,8.0,8.0,3.0,5.0,0.658424201614041,0.5884369181672888,0.577305746313776,0.542575270131905,0.0699872834467522,0.03473047618187097,0.5714285714285714,0.8340425531914892,False,False,False
EX-8678 (BRD:BRD-K07972848-001-02-0),15,15,-0.39999999999999997,0.13959512937214466,negative,0.5454092886531138,False,False,False,,,,,,,,,,,,,,,
EXATECAN-MESYLATE (BRD:BRD-K92150287-066-01-2),15,15,0.47142857142857136,0.07607042915033116,positive,0.4158424847475296,False,False,True,,,,,,,,,,,,,,,
EXEL-2880 (BRD:BRD-K03449891-001-08-6),12,12,-0.04195804195804196,0.8969858708195542,negative,0.9746808320652924,False,False,False,,,,,,,,,,,,,,,
EXELBINE (BRD:BRD-K69280563-001-01-8),22,22,0.38565782044042923,0.07629273219603601,positive,0.4158424847475296,False,False,True,8.0,8.0,3.0,5.0,0.7769296647443861,0.5974788065582339,0.78662715980719,0.600253879615388,0.17945085818615214,0.186373280191802,0.03571428571428571,0.33220338983050846,False,True,True
FDCYD (BRD:BRD-K18157228-001-01-7),18,18,0.07120743034055728,0.7788829476841139,positive,0.9382723639905493,False,False,False,7.0,7.0,3.0,4.0,0.7732990573205649,0.7037063554216055,0.773141054540985,0.711815451714369,0.06959270189895939,0.06132560282661603,0.22857142857142856,0.519205298013245,False,False,False
FEDRATINIB (BRD:BRD-K12502280-001-08-0),19,19,0.1456140350877193,0.5519696732095334,positive,0.8343473658608532,False,False,False,,,,,,,,,,,,,,,
FENBENDAZOLE (BRD:BRD-K51318897-001-15-3),19,19,0.2789473684210526,0.24747875892631568,positive,0.6682683306787056,False,False,False,6.0,6.0,3.0,3.0,0.7183741024516174,0.566308547402947,0.769049567797911,0.472654935882937,0.15206555504867036,0.296394631914974,0.4,0.638139534883721,False,False,False
FENOPROFEN (BRD:BRD-A81129465-001-03-8),13,13,-0.2857142857142857,0.3440002182586698,negative,0.7411956513828063,False,False,False,,,,,,,,,,,,,,,
FERB-033 (BRD:BRD-K61642990-001-01-0),11,11,-0.26363636363636367,0.43344073761161456,negative,0.7797639470669321,False,False,False,,,,,,,,,,,,,,,
FEXINIDAZOLE (BRD:BRD-K37069697-001-01-3),11,11,0.7090909090909092,0.014552051953727713,positive,0.24256264117551216,False,True,True,,,,,,,,,,,,,,,
FILANESIB (BRD:BRD-K37379014-001-02-0),14,14,0.6351648351648352,0.014657881327289134,positive,0.24256264117551216,False,True,True,,,,,,,,,,,,,,,
FK-3311 (BRD:BRD-K38350380-001-01-8),14,14,0.05054945054945055,0.8637420361792153,positive,0.9666466640636846,False,False,False,,,,,,,,,,,,,,,
FK-866 (BRD:BRD-K58550667-001-08-7),15,15,-0.007142857142857141,0.9798442277615982,negative,0.9951893714922184,False,False,False,,,,,,,,,,,,,,,
FLI-06 (BRD:BRD-A44500574-001-01-8),12,12,0.09090909090909093,0.7787253962454419,positive,0.9382723639905493,False,False,False,,,,,,,,,,,,,,,
FLOXURIDINE (BRD:BRD-K47832606-001-30-1),20,20,0.4120300751879699,0.07104721866412453,positive,0.41196636887186605,False,False,True,7.0,7.0,3.0,4.0,0.7590978785490891,0.6047473184606076,0.769721495140663,0.6458008180850755,0.15435056008848147,0.12392067705558751,0.05714285714285714,0.33220338983050846,False,False,True
FLUBENDAZOLE (BRD:BRD-K86003836-001-10-5),19,19,0.12280701754385966,0.6164660517594382,positive,0.8612967147208607,False,False,False,,,,,,,,,,,,,,,
FLUDARA (BRD:BRD-K66788707-001-14-3),11,11,0.5,0.11730680301423817,positive,0.5051310020891897,False,False,False,,,,,,,,,,,,,,,
FLUDARABINE-PHOSPHATE (BRD:BRD-K71106091-001-06-1),13,13,0.010989010989010988,0.971577682777073,positive,0.9917954842683878,False,False,False,,,,,,,,,,,,,,,
FLUMETHASONE (BRD:BRD-K61496577-001-20-2),11,11,0.3181818181818182,0.34029761418190335,positive,0.7401054022724647,False,False,False,,,,,,,,,,,,,,,
FLUOROMETHOLONE (BRD:BRD-A13133631-001-04-0),17,17,0.058823529411764705,0.8225588681711513,positive,0.9506799484229406,False,False,False,,,,,,,,,,,,,,,
FLUOROURACIL (BRD:BRD-K24844714-001-24-5),13,13,0.07142857142857142,0.8166280406760861,positive,0.9492062708517403,False,False,False,,,,,,,,,,,,,,,
FLUTICASONE-PROPIONATE (BRD:BRD-K62310379-001-10-5),17,17,-0.07598039215686275,0.7719448512425435,negative,0.9382723639905493,False,False,False,6.0,6.0,3.0,3.0,0.8139121198028509,0.8369808359291083,0.843402089611963,0.896674938023987,-0.023068716126257383,-0.053272848412024065,1.0,1.0,False,False,False
FLUVASTATIN (BRD:BRD-K66296774-236-11-3),21,21,0.33766233766233766,0.13439697248841173,positive,0.5308699567441867,False,False,False,8.0,8.0,3.0,5.0,0.8787507770759037,0.7879639027060739,0.87080430040993,0.763689898764151,0.0907868743698298,0.1071144016457789,0.14285714285714285,0.3951612903225806,False,False,False
FOSBRETABULIN (BRD:BRD-K06814349-304-02-7),14,14,0.3186813186813187,0.26678496081136144,positive,0.6830530000476708,False,False,False,,,,,,,,,,,,,,,
FOSCARNET (BRD:BRD-K85146014-314-05-4),15,15,-0.024999999999999998,0.9295289708192378,negative,0.9826561405588721,False,False,False,,,,,,,,,,,,,,,
FR-139317 (BRD:BRD-K19318328-001-01-3),10,10,0.06666666666666665,0.8548130882487427,positive,0.9639855930264206,False,False,False,,,,,,,,,,,,,,,
FRENTIZOLE (BRD:BRD-K07202345-001-19-4),19,19,-0.24035087719298245,0.32160243714265596,negative,0.7331363636513977,False,False,False,8.0,8.0,3.0,5.0,0.8044110482694823,0.818649916946945,0.778722914800879,0.820385720146078,-0.014238868677462713,-0.04166280534519906,0.5714285714285714,0.8340425531914892,False,False,False
FUDOSTEINE (BRD:BRD-K54838207-001-03-8),11,11,0.36363636363636365,0.27163754099382253,positive,0.6853027105644152,False,False,False,,,,,,,,,,,,,,,
G-1 (BRD:BRD-K62696033-001-01-4),16,16,-0.23823529411764705,0.37425412972798855,negative,0.7641955766791809,False,False,False,,,,,,,,,,,,,,,
GALETERONE (BRD:BRD-A07986123-001-02-8),20,20,-0.4360902255639097,0.05458409967322206,negative,0.3741428027766642,False,False,True,7.0,7.0,3.0,4.0,0.779995227247343,0.8250452122530038,0.779831011998316,0.8248154991182325,-0.04504998500566071,-0.04498448711991654,0.05714285714285714,0.33220338983050846,False,False,True
GAMBOGIC-ACID (BRD:BRD-K08542803-001-02-3),21,21,0.22467532467532467,0.3275102738815652,positive,0.7339887610086854,False,False,False,8.0,8.0,3.0,5.0,0.7478219350278801,0.6673099512481889,0.7405169736746131,0.6657295270627336,0.08051198377969115,0.07478744661187953,0.39285714285714285,0.638139534883721,False,False,False
GANETESPIB (BRD:BRD-K38852836-001-02-1),16,16,0.01764705882352941,0.9482801500547113,positive,0.9893725661698659,False,False,False,,,,,,,,,,,,,,,
GASTRODIN (BRD:BRD-K81613478-001-01-8),15,15,-0.25357142857142856,0.3618161038158894,negative,0.7573771421435671,False,False,False,,,,,,,,,,,,,,,
GDC-0152 (BRD:BRD-K68938568-001-01-7),16,16,0.0823529411764706,0.7617330787524739,positive,0.9346575308954613,False,False,False,,,,,,,,,,,,,,,
GDC-0349 (BRD:BRD-K43187018-001-03-3),21,21,-0.07792207792207792,0.7370748924266822,negative,0.9231732340606531,False,False,False,,,,,,,,,,,,,,,
GDC-0980 (BRD:BRD-K23228615-001-02-8),17,17,-0.14705882352941177,0.5732772908660001,negative,0.8395769081701513,False,False,False,6.0,6.0,3.0,3.0,0.7974406700443976,0.8146765006341061,0.7510249796669406,0.8001949078856424,-0.017235830589708567,-0.04916992821870181,1.0,1.0,False,False,False
GEFITINIB (BRD:BRD-K64052750-001-22-5),18,18,-0.5583075335397317,0.01603820039772077,negative,0.2441677750204731,False,True,True,7.0,7.0,3.0,4.0,0.7435469170280976,0.9233850673387074,0.6915310655137183,0.9187664431011355,-0.1798381503106098,-0.2272353775874172,0.05714285714285714,0.33220338983050846,False,False,True
GEMCITABINE (BRD:BRD-K15108141-001-06-6),17,17,0.6397058823529412,0.005684790088863981,positive,0.1697360530283357,False,True,True,7.0,7.0,3.0,4.0,0.507796734098264,0.20751887647915623,0.452370207132767,0.202655840049217,0.30027785761910775,0.24971436708355,0.05714285714285714,0.33220338983050846,False,False,True
GENIPIN (BRD:BRD-K28824103-001-02-8),18,18,0.4757481940144479,0.0459785720312123,positive,0.3525300458925629,False,True,True,,,,,,,,,,,,,,,
GENZ-644282 (BRD:BRD-K99475619-001-01-2),21,21,0.6246753246753247,0.002467394475033326,positive,0.14848690265381279,False,True,True,7.0,7.0,3.0,4.0,0.48777060071941497,0.26269927649186475,0.466130574610746,0.2797689525390915,0.22507132422755022,0.18636162207165446,0.05714285714285714,0.33220338983050846,False,False,True
GGTI-298 (BRD:BRD-K19669037-001-01-1),10,10,0.19999999999999998,0.5795840000000002,positive,0.841731368421053,False,False,False,,,,,,,,,,,,,,,
GINKGOLIDE-A (BRD:BRD-A95121829-001-08-9),12,12,-0.08391608391608392,0.7954145018538978,negative,0.9402289225394803,False,False,False,,,,,,,,,,,,,,,
GIVINOSTAT (BRD:BRD-K13810148-311-03-2),21,21,0.4,0.07239002577225485,positive,0.4150674854344223,False,False,True,7.0,7.0,3.0,4.0,0.7650340926793296,0.6776399629883793,0.741723068259459,0.6464283361179519,0.0873941296909504,0.09529473214150708,0.22857142857142856,0.519205298013245,False,False,False
GOLGICIDE-A (BRD:BRD-A57886255-001-01-1),15,15,-0.010714285714285713,0.9697698761545686,negative,0.9917954842683878,False,False,False,,,,,,,,,,,,,,,
GOLVATINIB (BRD:BRD-K69001009-001-02-8),16,16,0.1647058823529412,0.542148135201078,positive,0.8343473658608532,False,False,False,,,,,,,,,,,,,,,
GOSSYPOL (BRD:BRD-K19295594-015-14-3),20,20,-0.23609022556390977,0.3162939707830972,negative,0.7273113963580073,False,False,False,7.0,7.0,3.0,4.0,0.845492430700308,0.83303635511859,0.792574132280231,0.8308952749979595,0.012456075581718018,-0.03832114271772846,0.6285714285714286,0.8589641434262948,False,False,False
GSK 1904529A (BRD:BRD-K04833372-001-06-2),11,11,-0.23636363636363636,0.4840911622253965,negative,0.804321107938609,False,False,False,,,,,,,,,,,,,,,
GSK 650394 (BRD:BRD-K14991967-001-02-6),17,17,0.13235294117647062,0.6125925983674195,positive,0.8599670339561709,False,False,False,8.0,8.0,3.0,5.0,0.905297497167899,0.8956712654411383,0.897379031530115,0.885159883177642,0.009626231726760692,0.012219148352472953,0.7857142857142857,0.9556737588652482,False,False,False
GSK-1070916 (BRD:BRD-K36740062-001-06-6),17,17,0.34558823529411764,0.17425156925857005,positive,0.5932199448549884,False,False,False,,,,,,,,,,,,,,,
GSK-2141795 (BRD:BRD-K38332599-001-01-3),20,20,-0.3383458646616541,0.14452609966359925,negative,0.5572774934626994,False,False,False,8.0,8.0,3.0,5.0,0.7450341262668317,0.8671248310012658,0.7507742339659154,0.8500508822995365,-0.12209070473443406,-0.09927664833362115,0.25,0.5196969696969697,False,False,False
GSK-3-INHIBITOR-IX (BRD:BRD-K04923131-001-15-4),12,12,-0.18881118881118883,0.5567370561768314,negative,0.8346329721632294,False,False,False,,,,,,,,,,,,,,,
GSK-J4 (BRD:BRD-K98203492-003-04-1),21,21,0.2896103896103896,0.2028773165232885,positive,0.6285637561054869,False,False,False,8.0,8.0,3.0,5.0,0.8494589163123886,0.8194229306851811,0.839739315474844,0.82496868392214,0.03003598562720744,0.014770631552704083,0.7857142857142857,0.9556737588652482,False,False,False
GSK1292263 (BRD:BRD-K60341624-001-02-2),15,15,-0.014285714285714282,0.9596997645989476,negative,0.9893725661698659,False,False,False,,,,,,,,,,,,,,,
GSK2656157 (BRD:BRD-K41104902-001-01-3),14,14,0.1032967032967033,0.725282211088945,positive,0.9212238582232287,False,False,False,,,,,,,,,,,,,,,
GSK461364 (BRD:BRD-K92428232-001-10-6),18,18,0.3766769865841073,0.12337214538125062,positive,0.5122689187573556,False,False,False,,,,,,,,,,,,,,,
GSK923295 (BRD:BRD-K89015388-001-01-7),17,17,0.26960784313725494,0.29533579947140526,positive,0.7113692473211594,False,False,False,,,,,,,,,,,,,,,
GTP-14564 (BRD:BRD-K16664969-001-03-3),13,13,-0.07142857142857142,0.8166280406760861,negative,0.9492062708517403,False,False,False,6.0,6.0,3.0,3.0,0.9008407541708623,0.8689925623460524,0.899298857520494,0.897001335233318,0.03184819182480991,0.002297522287175946,0.7,0.9164122137404579,False,False,False
GW-441756 (BRD:BRD-K41312087-001-02-7),10,10,0.2606060606060606,0.46708905438634024,positive,0.7928869441992983,False,False,False,,,,,,,,,,,,,,,
GW-583340 (BRD:BRD-K79930101-300-03-7),19,19,-0.4403508771929824,0.05917790378249743,negative,0.3782528700529743,False,False,True,,,,,,,,,,,,,,,
GW-843682X (BRD:BRD-K90382497-001-10-7),21,21,0.2532467532467532,0.26801791447109463,positive,0.6830530000476708,False,False,False,8.0,8.0,3.0,5.0,0.7925863023622427,0.72299712763363,0.798306953003105,0.718886004476273,0.0695891747286127,0.0794209485268319,0.07142857142857142,0.35,False,False,True
GX15-070 (BRD:BRD-K15600710-066-05-8),15,15,-0.08928571428571427,0.751672517350277,negative,0.9308931736610022,False,False,False,,,,,,,,,,,,,,,
HA14-1 (BRD:BRD-K18163608-001-05-6),19,19,0.16315789473684209,0.5045157208887769,positive,0.8112598370610681,False,False,False,7.0,7.0,3.0,4.0,0.9257736403153606,0.877108110306364,0.922023791832767,0.8676770379130395,0.04866553000899654,0.05434675391972743,0.11428571428571428,0.3733333333333333,False,False,False
HALOFANTRINE (BRD:BRD-A51964809-003-12-6),14,14,0.5604395604395604,0.0371044770040744,positive,0.3270828544447713,False,True,True,,,,,,,,,,,,,,,
HALOFUGINONE (BRD:BRD-K54247840-004-01-3),20,20,0.4766917293233082,0.03358407951093335,positive,0.31547598093781004,False,True,True,7.0,7.0,3.0,4.0,0.7446449678131349,0.6030587499813937,0.741363336425648,0.5826192910396225,0.1415862178317412,0.1587440453860255,0.11428571428571428,0.3733333333333333,False,False,False
HARRINGTONINE (BRD:BRD-K96358241-001-01-9),20,20,0.21954887218045113,0.3523456773115152,positive,0.7508135123045486,False,False,False,7.0,7.0,3.0,4.0,0.8379507893072197,0.7531298041575425,0.874984203138434,0.7680015450449805,0.08482098514967717,0.10698265809345342,0.4,0.638139534883721,False,False,False
HESPERADIN (BRD:BRD-K58122457-001-02-2),16,16,0.29705882352941176,0.26386301461352274,positive,0.6830530000476708,False,False,False,,,,,,,,,,,,,,,
HEXACHLOROPHENE (BRD:BRD-K99792991-001-34-9),18,18,-0.011351909184726523,0.9643420040748253,negative,0.9917954842683878,False,False,False,,,,,,,,,,,,,,,
HEXAMINOLEVULINATE (BRD:BRD-K73753850-003-01-6),20,20,0.4090225563909774,0.07334086574364806,positive,0.4158424847475296,False,False,True,8.0,8.0,3.0,5.0,0.9463499929188407,0.8987014810564137,0.936143257393279,0.897865273093996,0.04764851186242702,0.038277984299282974,0.14285714285714285,0.3951612903225806,False,False,False
HEXYLRESORCINOL (BRD:BRD-K99946902-001-07-5),12,12,-0.3076923076923077,0.33058925941210965,negative,0.7346111921701703,False,False,False,,,,,,,,,,,,,,,
HMN-214 (BRD:BRD-K70511574-001-06-9),22,22,0.20271033314511577,0.3656032765874888,positive,0.7573771421435671,False,False,False,8.0,8.0,3.0,5.0,0.7911820030704977,0.7096252394037854,0.84093775019349,0.698924125379414,0.08155676366671227,0.1420136248140761,0.5714285714285714,0.8340425531914892,False,False,False
HOMOHARRINGTONINE (BRD:BRD-K76674262-001-03-3),14,14,0.0989010989010989,0.7365853699253173,positive,0.9231732340606531,False,False,False,,,,,,,,,,,,,,,
HYDROXYUREA (BRD:BRD-K51747290-001-13-1),12,12,0.35664335664335667,0.2551377517589572,positive,0.6765364408503279,False,False,False,,,,,,,,,,,,,,,
HYOSCYAMINE (BRD:BRD-K40530731-001-11-6),19,19,-0.32105263157894737,0.18016885539408906,negative,0.6049015183003066,False,False,False,,,,,,,,,,,,,,,
HYPOESTOXIDE (BRD:BRD-A51571244-001-01-9),19,19,-0.14210526315789473,0.5616930467377018,negative,0.8379312384400485,False,False,False,7.0,7.0,3.0,4.0,0.6788991074288814,0.7484446380177715,0.671629724332468,0.7546637744441055,-0.06954553058889013,-0.08303405011163745,0.22857142857142856,0.519205298013245,False,False,False
IBUTILIDE (BRD:BRD-A74391928-051-01-3),12,12,0.3916083916083916,0.20806346369535322,positive,0.6306617630108551,False,False,False,,,,,,,,,,,,,,,
ICG-001 (BRD:BRD-K94455792-001-01-8),17,17,0.5318627450980392,0.027987612204855013,positive,0.28755148979330303,False,True,True,,,,,,,,,,,,,,,
IDARUBICIN (BRD:BRD-K69650333-003-14-0),19,19,0.5526315789473685,0.014134856843017749,positive,0.24256264117551216,False,True,True,6.0,6.0,3.0,3.0,0.7183948093765501,0.592481446388895,0.716314168610527,0.55700228507418,0.1259133629876551,0.15931188353634695,0.1,0.3733333333333333,False,False,False
IDAZOXAN (BRD:BRD-A18696154-003-22-6),15,15,0.4392857142857142,0.10136057119347246,positive,0.466494998120727,False,False,False,,,,,,,,,,,,,,,
IDOXURIDINE (BRD:BRD-K76634210-001-14-7),12,12,-0.1328671328671329,0.6805975082860817,negative,0.9012497368630407,False,False,False,,,,,,,,,,,,,,,
IDRA-21 (BRD:BRD-A14344385-001-03-2),12,12,-0.4825174825174825,0.11210929146889187,negative,0.4974497706886006,False,False,False,,,,,,,,,,,,,,,
IDRONOXIL (BRD:BRD-K74671368-001-01-8),17,17,0.24509803921568632,0.34304665309958526,positive,0.7411956513828063,False,False,False,,,,,,,,,,,,,,,
IEM1754 (BRD:BRD-K80060353-303-03-9),12,12,0.034965034965034975,0.9140933424107599,positive,0.9779882166736967,False,False,False,,,,,,,,,,,,,,,
IKK-16 (BRD:BRD-K14618467-001-04-6),21,21,-0.21688311688311687,0.3450003269824448,negative,0.7412050820571746,False,False,False,,,,,,,,,,,,,,,
IKK-2-INHIBITOR-V (BRD:BRD-K74305673-001-06-2),21,21,0.05064935064935065,0.8274046658865746,positive,0.9528091920805439,False,False,False,,,,,,,,,,,,,,,
IMILOXAN (BRD:BRD-A10903566-003-07-7),10,10,-0.8060606060606059,0.004862061101964607,negative,0.16434076220750218,False,True,True,,,,,,,,,,,,,,,
INDIBULIN (BRD:BRD-K74057757-001-01-9),20,20,0.13533834586466165,0.5694186911507699,positive,0.8395769081701513,False,False,False,7.0,7.0,3.0,4.0,0.7451242652977744,0.66966534306075,0.79488355135523,0.6559987770754335,0.07545892223702444,0.1388847742797965,0.4,0.638139534883721,False,False,False
INDIRUBIN (BRD:BRD-K17894950-001-14-3),13,13,0.03296703296703297,0.9148564744875124,positive,0.9779882166736967,False,False,False,,,,,,,,,,,,,,,
INDISULAM (BRD:BRD-K17610631-001-03-3),14,14,0.2351648351648352,0.4183338961985915,positive,0.7778704540120908,False,False,False,,,,,,,,,,,,,,,
INDOPROFEN (BRD:BRD-A44090213-001-25-6),15,15,0.10357142857142855,0.7133796306287293,positive,0.9177426551750772,False,False,False,,,,,,,,,,,,,,,
INOSINE (BRD:BRD-K79612754-001-19-1),18,18,-0.034055727554179564,0.8932828188388959,negative,0.9746808320652924,False,False,False,6.0,6.0,3.0,3.0,0.844952622621467,0.8252348803104766,0.815574324170771,0.836812604548979,0.019717742310990327,-0.021238280378207963,1.0,1.0,False,False,False
IODIPAMIDE (BRD:BRD-K67261995-001-11-7),13,13,0.10989010989010989,0.7208097995138618,positive,0.9197616372409537,False,False,False,,,,,,,,,,,,,,,
IPATASERTIB (BRD:BRD-K71480163-001-01-4),18,18,-0.24664602683178533,0.3238088129377634,negative,0.7331363636513977,False,False,False,6.0,6.0,3.0,3.0,0.7741514651853146,0.7972185814011242,0.782569993959765,0.78059912196786,-0.02306711621580959,0.0019708719919050433,1.0,1.0,False,False,False
IRINOTECAN (BRD:BRD-K08547377-001-04-4),13,13,-0.054945054945054944,0.8585042942308734,negative,0.9656166069742551,False,False,False,,,,,,,,,,,,,,,
ISOFLOXYTHEPIN (BRD:BRD-A07704283-001-01-3),16,16,-0.09411764705882353,0.7288144270239807,negative,0.9212238582232287,False,False,False,,,,,,,,,,,,,,,
ISOPROPYL-MYRISTATE (BRD:BRD-K13409143-001-01-9),16,16,0.24705882352941175,0.35627504151257744,positive,0.7508135123045486,False,False,False,,,,,,,,,,,,,,,
ISPINESIB (BRD:BRD-K64881305-001-03-7),14,14,0.4813186813186813,0.08141829504280486,positive,0.42359491437769387,False,False,True,,,,,,,,,,,,,,,
IVERMECTIN (BRD:BRD-K85554912-001-06-3),20,20,-0.11879699248120301,0.6178918280262936,negative,0.8619249354616386,False,False,False,,,,,,,,,,,,,,,
IXABEPILONE (BRD:BRD-K03601870-001-01-2),21,21,0.2987012987012987,0.18841842410537243,positive,0.604994430854705,False,False,False,7.0,7.0,3.0,4.0,0.708985446129894,0.6109488721022875,0.711281824028335,0.6121572380003795,0.09803657402760646,0.09912458602795549,0.05714285714285714,0.33220338983050846,False,False,True
IXAZOMIB (BRD:BRD-K78659596-001-03-9),22,22,0.24223602484472054,0.2774149543225629,positive,0.6919700696802911,False,False,False,8.0,8.0,3.0,5.0,0.5846263875554104,0.5182906344529501,0.630006545302053,0.487504261563083,0.06633575310246032,0.14250228373897,0.5714285714285714,0.8340425531914892,False,False,False
IXAZOMIB-CITRATE (BRD:BRD-A66419424-001-02-4),21,21,0.34025974025974026,0.1312375765277249,positive,0.5308699567441867,False,False,False,7.0,7.0,3.0,4.0,0.7784324313926567,0.670573012387308,0.804637551278392,0.6848543760768651,0.10785941900534868,0.11978317520152693,0.11428571428571428,0.3733333333333333,False,False,False
JIB04 (BRD:BRD-K76180386-001-01-6),22,22,-0.2625635234330887,0.23780202752583146,negative,0.6623949220987672,False,False,False,8.0,8.0,3.0,5.0,0.6904263452181016,0.7733231273627836,0.649729939274715,0.78949093586893,-0.08289678214468199,-0.13976099659421504,0.39285714285714285,0.638139534883721,False,False,False
JK-184 (BRD:BRD-K38860038-001-01-2),21,21,0.40129870129870127,0.07138262110690317,positive,0.41196636887186605,False,False,True,7.0,7.0,3.0,4.0,0.7153340188122698,0.5616844503062639,0.673645300855512,0.579487914556201,0.15364956850600586,0.09415738629931103,0.05714285714285714,0.33220338983050846,False,False,True
JNJ-26481585 (BRD:BRD-K83837640-001-04-8),20,20,0.09624060150375939,0.6864870716570239,positive,0.9051933284086526,False,False,False,7.0,7.0,3.0,4.0,0.460730445906514,0.4727696340598505,0.441511755005058,0.461162788546581,-0.012039188153336489,-0.019651033541522978,0.8571428571428571,0.9639344262295081,False,False,False
JNJ-26854165 (BRD:BRD-K65924316-001-03-1),14,14,-0.002197802197802198,0.9940505286658997,negative,0.9972385248489288,False,False,False,,,,,,,,,,,,,,,
JNJ-7706621 (BRD:BRD-K11636097-001-03-1),19,19,0.3192982456140351,0.1826959462168638,positive,0.604994430854705,False,False,False,7.0,7.0,3.0,4.0,0.898203343484826,0.8437513675714308,0.876095402619957,0.849875911451867,0.054451975913395234,0.02621949116808997,0.11428571428571428,0.3733333333333333,False,False,False
JTC-801 (BRD:BRD-K17705806-003-04-4),21,21,-0.28051948051948056,0.21806007395025545,negative,0.6418234843269185,False,False,False,8.0,8.0,3.0,5.0,0.8428826288812084,0.8665624776651193,0.841392996986004,0.860533919262665,-0.02367984878391094,-0.019140922276660977,0.07142857142857142,0.35,False,False,True
JTE-607 (BRD:BRD-K81405859-300-01-4),17,17,-0.25980392156862747,0.31391716151942506,negative,0.7273113963580073,False,False,False,,,,,,,,,,,,,,,
K-858 (BRD:BRD-A67748489-001-10-0),17,17,0.3774509803921569,0.13527263903447564,positive,0.5308699567441867,False,False,False,7.0,7.0,3.0,4.0,0.8096866756132778,0.715540652231357,0.808680612376926,0.712460926170229,0.0941460233819208,0.09621968620669696,0.05714285714285714,0.33220338983050846,False,False,True
K-RAS(G12C)-INHIBITOR-6 (BRD:BRD-K26305185-001-02-1),11,11,0.10909090909090911,0.7495085962341481,positive,0.9308243185298914,False,False,False,,,,,,,,,,,,,,,
KD-023 (BRD:BRD-K71164191-001-01-0),18,18,0.08771929824561403,0.7292587507339037,positive,0.9212238582232287,False,False,False,,,,,,,,,,,,,,,
KD025 (BRD:BRD-K88506063-001-01-8),16,16,-0.18529411764705883,0.492057050205944,negative,0.8060971713021308,False,False,False,7.0,7.0,3.0,4.0,0.8559693093407886,0.8494172863589895,0.846541453394035,0.8585097512161746,0.006552022981799133,-0.011968297822139595,1.0,1.0,False,False,False
KENPAULLONE (BRD:BRD-K37312348-001-15-0),13,13,-0.2747252747252747,0.3636749816401782,negative,0.7573771421435671,False,False,False,,,,,,,,,,,,,,,
KETOPROFEN (BRD:BRD-A97739905-001-26-5),12,12,-0.2867132867132868,0.36625146058358227,negative,0.7573771421435671,False,False,False,,,,,,,,,,,,,,,
KF-38789 (BRD:BRD-A54927599-001-16-9),20,20,0.13233082706766916,0.5781074593622942,positive,0.841731368421053,False,False,False,,,,,,,,,,,,,,,
KI-16425 (BRD:BRD-A25569250-001-03-3),14,14,0.4593406593406593,0.09846837616829024,positive,0.46496030030267527,False,False,True,,,,,,,,,,,,,,,
KIN001-167 (BRD:BRD-K63068307-001-08-9),17,17,0.09313725490196079,0.7221860910253712,positive,0.9201880496037558,False,False,False,7.0,7.0,3.0,4.0,0.862917906884674,0.8384593799906603,0.871458200423166,0.8620835827586185,0.02445852689401362,0.009374617664547502,0.6285714285714286,0.8589641434262948,False,False,False
KP-1212 (BRD:BRD-K46690591-001-01-2),18,18,0.47368421052631576,0.047064111171724266,positive,0.3525300458925629,False,True,True,7.0,7.0,3.0,4.0,0.8547361434376223,0.7355870014028408,0.879909232351053,0.7465380820104195,0.11914914203478144,0.13337115034063352,0.4,0.638139534883721,False,False,False
KPT-185 (BRD:BRD-K71467466-001-02-3),21,21,0.5753246753246753,0.006358310845714959,positive,0.1697360530283357,False,True,True,,,,,,,,,,,,,,,
KPT-276 (BRD:BRD-K75352575-001-01-3),21,21,0.22467532467532467,0.3275102738815652,positive,0.7339887610086854,False,False,False,8.0,8.0,3.0,5.0,0.8126289492012063,0.7044599916264734,0.766158508791067,0.6911542840876,0.10816895757473288,0.0750042247034669,0.25,0.5196969696969697,False,False,False
KU-0063794 (BRD:BRD-K67566344-001-07-5),20,20,-0.14285714285714285,0.5479501508336089,negative,0.8343473658608532,False,False,False,8.0,8.0,3.0,5.0,0.8043460432351554,0.7965713497023243,0.800008758567133,0.796706821843059,0.007774693532831001,0.003301936724074084,0.5714285714285714,0.8340425531914892,False,False,False
KW-2449 (BRD:BRD-K21718444-001-06-8),15,15,0.22142857142857136,0.42771371901637,positive,0.7784837999874641,False,False,False,,,,,,,,,,,,,,,
KW-2478 (BRD:BRD-K41213548-001-02-0),20,20,0.18345864661654135,0.438794886569103,positive,0.780776068598229,False,False,False,,,,,,,,,,,,,,,
KX2-391 (BRD:BRD-K29968218-001-03-2),19,19,0.343859649122807,0.14944730840911596,positive,0.5647263232076876,False,False,False,7.0,7.0,3.0,4.0,0.7048898989271647,0.562257197723948,0.714729773007655,0.5415175029247026,0.1426327012032167,0.17321227008295237,0.11428571428571428,0.3733333333333333,False,False,False
"L-798,106 (BRD:BRD-K43905307-001-01-2)",15,15,0.21071428571428572,0.45095786521528514,positive,0.780776068598229,False,False,False,,,,,,,,,,,,,,,
LACITOL (BRD:BRD-K40787673-001-02-1),11,11,0.5454545454545455,0.08265095734417503,positive,0.42678827681231907,False,False,True,,,,,,,,,,,,,,,
LANATOSIDE-C (BRD:BRD-A64242993-001-05-6),21,21,0.174025974025974,0.4505852392484295,positive,0.780776068598229,False,False,False,7.0,7.0,3.0,4.0,0.7331447873716433,0.7036658328045116,0.714698368385405,0.7089673870538751,0.029478954567131788,0.0057309813315299385,0.8571428571428571,0.9639344262295081,False,False,False
LAPATINIB (BRD:BRD-K19687926-001-04-1),18,18,-0.7069143446852425,0.001036757704756385,negative,0.09724142871853086,False,True,True,,,,,,,,,,,,,,,
LAPPACONITE (BRD:BRD-A05906449-004-01-1),20,20,-0.0706766917293233,0.7671582206450904,negative,0.9382281285728737,False,False,False,,,,,,,,,,,,,,,
LASALOCID (BRD:BRD-A72711497-236-03-8),20,20,0.20150375939849624,0.39426050476127356,positive,0.771039618930644,False,False,False,7.0,7.0,3.0,4.0,0.8577279827968843,0.8079579513423187,0.858720707397387,0.8102199287804945,0.0497700314545656,0.048500778616892504,0.22857142857142856,0.519205298013245,False,False,False
LATREPIRDINE (BRD:BRD-K55703048-001-07-7),10,10,-0.09090909090909088,0.8027717312071619,negative,0.9463917739064406,False,False,False,,,,,,,,,,,,,,,
LB42708 (BRD:BRD-K18834913-001-01-1),21,21,0.42727272727272725,0.053370405215496956,positive,0.3710714000416048,False,False,True,8.0,8.0,3.0,5.0,0.8394152635457829,0.7277140703206653,0.807129637585621,0.687350113215617,0.11170119322511762,0.11977952437000394,0.39285714285714285,0.638139534883721,False,False,False
LCL-161 (BRD:BRD-K08248804-001-01-8),18,18,-0.2260061919504644,0.3671777255550172,negative,0.7575185319277574,False,False,False,,,,,,,,,,,,,,,
LDN-212854 (BRD:BRD-K59831625-001-01-6),22,22,0.3314511575381141,0.13184479008712227,positive,0.5308699567441867,False,False,False,8.0,8.0,3.0,5.0,0.813341058448382,0.7643999637519588,0.827078024627674,0.757464557352372,0.04894109469642316,0.06961346727530204,0.14285714285714285,0.3951612903225806,False,False,False
LDN-57444 (BRD:BRD-K94485812-001-02-9),21,21,0.22077922077922077,0.3361880870952679,positive,0.7366106225933536,False,False,False,7.0,7.0,3.0,4.0,0.9394161721743567,0.9084150134995105,0.930076795566153,0.901520837321386,0.031001158674846208,0.028555958244766977,0.22857142857142856,0.519205298013245,False,False,False
LE-135 (BRD:BRD-K06593056-001-04-8),19,19,0.13859649122807016,0.5714909256572165,positive,0.8395769081701513,False,False,False,8.0,8.0,3.0,5.0,0.9205209731601957,0.8778367111672042,0.938399459515798,0.857736073740913,0.04268426199299147,0.08066338577488497,0.39285714285714285,0.638139534883721,False,False,False
LENALIDOMIDE (BRD:BRD-A17883755-001-06-1),19,19,0.1,0.6837719442525738,positive,0.9038482436751837,False,False,False,8.0,8.0,3.0,5.0,0.9173751379061094,0.8869397883104323,0.941078287571511,0.892271993871816,0.030435349595677064,0.048806293699695025,0.39285714285714285,0.638139534883721,False,False,False
LENVATINIB (BRD:BRD-K39974922-001-04-3),11,11,0.39090909090909093,0.23454006709519437,positive,0.6595505708441295,False,False,False,,,,,,,,,,,,,,,
LEVOBUNOLOL (BRD:BRD-K31812033-003-11-0),10,10,0.5757575757575757,0.08155281477260244,positive,0.42359491437769387,False,False,True,,,,,,,,,,,,,,,
LEVOCETIRIZINE (BRD:BRD-K27184429-300-01-3),10,10,-0.06666666666666665,0.8548130882487427,negative,0.9639855930264206,False,False,False,,,,,,,,,,,,,,,
LICOCHALCONE-A (BRD:BRD-K26011976-001-01-0),18,18,0.2528379772961816,0.31141340050989863,positive,0.7273113963580073,False,False,False,,,,,,,,,,,,,,,
LITRONESIB (BRD:BRD-K83029223-001-01-3),11,11,0.45454545454545453,0.16014543725525893,positive,0.5701952463564259,False,False,False,,,,,,,,,,,,,,,
LLL CPD (BRD:BRD-K60230970-001-17-5),21,21,0.3077922077922078,0.17467404944767495,positive,0.5932199448549884,False,False,False,7.0,7.0,3.0,4.0,0.5388792232564897,0.50673539296279,0.535269861107023,0.508714416486028,0.032143830293699716,0.026555444620995017,0.4,0.638139534883721,False,False,False
LOMEFLOXACIN (BRD:BRD-A75850590-213-01-0),16,16,-0.10588235294117648,0.6963341050381158,negative,0.9086723568633107,False,False,False,,,,,,,,,,,,,,,
LONAFARNIB (BRD:BRD-K41599323-001-02-3),16,16,0.4294117647058823,0.09693648522272376,positive,0.4626752240630545,False,False,True,,,,,,,,,,,,,,,
LOVASTATIN (BRD:BRD-K09416995-001-39-9),10,10,0.2121212121212121,0.5563057751029299,positive,0.8346329721632294,False,False,False,,,,,,,,,,,,,,,
LUCITANIB (BRD:BRD-K31309378-001-01-5),15,15,-0.23928571428571427,0.3903793119202356,negative,0.7690332286281288,False,False,False,,,,,,,,,,,,,,,
LY2090314 (BRD:BRD-K78055238-001-01-8),21,21,0.2532467532467532,0.26801791447109463,positive,0.6830530000476708,False,False,False,8.0,8.0,3.0,5.0,0.7962672274992001,0.7255374488561704,0.885886081471711,0.726821155553243,0.07072977864302965,0.159064925918468,0.7857142857142857,0.9556737588652482,False,False,False
LY2183240 (BRD:BRD-K37865504-001-04-1),16,16,0.4323529411764706,0.09442103753478692,positive,0.4531183486044394,False,False,True,,,,,,,,,,,,,,,
LY2334737 (BRD:BRD-K04993719-001-01-7),20,20,0.362406015037594,0.1163446491875469,positive,0.5051310020891897,False,False,False,7.0,7.0,3.0,4.0,0.86951531178025,0.8227575207545563,0.84502574830794,0.8208304175700536,0.04675779102569366,0.024195330737886378,0.11428571428571428,0.3733333333333333,False,False,False
LY2603618 (BRD:BRD-K14109347-001-03-4),11,11,-0.08181818181818183,0.8109903943000459,negative,0.948620796770868,False,False,False,,,,,,,,,,,,,,,
LY2606368 (BRD:BRD-K20463415-300-01-4),17,17,0.13725490196078433,0.5993690521648235,positive,0.8544481574931787,False,False,False,,,,,,,,,,,,,,,
LY2608204 (BRD:BRD-K12068470-001-02-5),20,20,-0.21353383458646616,0.3660206383395141,negative,0.7573771421435671,False,False,False,,,,,,,,,,,,,,,
LY2784544 (BRD:BRD-K25630527-001-03-8),22,22,0.40824392998306047,0.05926851355254248,positive,0.3782528700529743,False,False,True,8.0,8.0,3.0,5.0,0.9000534388836706,0.742670534617073,0.88233346727984,0.735484940995058,0.15738290426659762,0.14684852628478196,0.07142857142857142,0.35,False,False,True
LY2801653 (BRD:BRD-K18961567-001-01-1),14,14,0.2351648351648352,0.4183338961985915,positive,0.7778704540120908,False,False,False,,,,,,,,,,,,,,,
LY2874455 (BRD:BRD-K17203476-001-01-9),21,21,0.23896103896103899,0.2968491826193771,positive,0.7121442868379092,False,False,False,7.0,7.0,3.0,4.0,0.8182596954043694,0.648546052032109,0.84797970134637,0.6550536444527545,0.16971364337226036,0.19292605689361553,0.11428571428571428,0.3733333333333333,False,False,False
LY3023414 (BRD:BRD-K82967180-001-01-6),21,21,-0.2961038961038961,0.19247618519439216,negative,0.6127453618317019,False,False,False,8.0,8.0,3.0,5.0,0.5751777586308727,0.5888587589853496,0.559732017786395,0.601978735852983,-0.013681000354476835,-0.042246718066587974,1.0,1.0,False,False,False
LY456236 (BRD:BRD-K87696786-003-04-4),19,19,0.18771929824561404,0.44154950238237817,positive,0.780776068598229,False,False,False,,,,,,,,,,,,,,,
M-344 (BRD:BRD-K45528773-001-07-2),22,22,0.2433653303218521,0.27511168166940314,positive,0.6901239060059176,False,False,False,8.0,8.0,3.0,5.0,0.74606408622153,0.7041639853744147,0.749565364466503,0.731859003246215,0.04190010084711526,0.017706361220288014,0.5714285714285714,0.8340425531914892,False,False,False
MARIMASTAT (BRD:BRD-K21396683-001-04-8),19,19,0.1754385964912281,0.47250784114558503,positive,0.7932023264858395,False,False,False,,,,,,,,,,,,,,,
MAXACALCITOL (BRD:BRD-K81332461-001-01-4),13,13,-0.12637362637362637,0.6807854750709491,negative,0.9012497368630407,False,False,False,,,,,,,,,,,,,,,
MAYTANSINOL-ISOBUTYRATE (BRD:BRD-K15898725-001-01-7),12,12,0.6573426573426573,0.020185498509854093,positive,0.2588831710841135,False,True,True,6.0,6.0,3.0,3.0,0.406460431497575,0.12328019959807003,0.417640650939626,0.104649965543965,0.283180231899505,0.312990685395661,0.1,0.3733333333333333,False,False,False
MEBENDAZOLE (BRD:BRD-K77987382-001-13-2),13,13,-0.23076923076923078,0.4481273823153657,negative,0.780776068598229,False,False,False,,,,,,,,,,,,,,,
MECHLORETHAMINE (BRD:BRD-K12829205-003-02-8),10,10,0.5272727272727272,0.11730806555020232,positive,0.5051310020891897,False,False,False,,,,,,,,,,,,,,,
MECLIZINE (BRD:BRD-A50311610-300-10-4),16,16,0.1411764705882353,0.6020026838819792,positive,0.8544481574931787,False,False,False,,,,,,,,,,,,,,,
MEFEXAMIDE (BRD:BRD-K20655524-003-12-0),21,21,0.1935064935064935,0.40065858838070295,positive,0.7734882591591963,False,False,False,7.0,7.0,3.0,4.0,0.6650207581912536,0.645283086722468,0.67813199302557,0.6456002724706615,0.019737671468785578,0.032531720554908494,0.8571428571428571,0.9639344262295081,False,False,False
MEK1-2-INHIBITOR (BRD:BRD-K12244279-001-05-8),18,18,0.2425180598555212,0.3322310909053101,positive,0.7346111921701703,False,False,False,7.0,7.0,3.0,4.0,0.8930790493717572,0.8627334753067235,0.913022421936174,0.848271168666732,0.030345574065033687,0.06475125326944198,0.4,0.638139534883721,False,False,False
MELPHALAN (BRD:BRD-K87827419-001-16-8),15,15,0.3857142857142856,0.15563079458596027,positive,0.5677037801887282,False,False,False,,,,,,,,,,,,,,,
MENADIONE (BRD:BRD-K78126613-001-28-5),17,17,0.014705882352941176,0.9553274855428822,positive,0.9893725661698659,False,False,False,7.0,7.0,3.0,4.0,0.9093257973716337,0.9018343090554812,0.913867857685544,0.9050812797793035,0.007491488316152428,0.00878657790624049,0.6285714285714286,0.8589641434262948,False,False,False
MERIMEPODIB (BRD:BRD-K09372874-001-01-0),15,15,-0.1928571428571428,0.4910487016052232,negative,0.8059405269840373,False,False,False,,,,,,,,,,,,,,,
METARAMINOL (BRD:BRD-K96253961-046-03-1),21,21,0.03766233766233767,0.8712435420745898,positive,0.9697975468329533,False,False,False,7.0,7.0,3.0,4.0,0.7664122420911843,0.7690836048709665,0.766890806076908,0.7579875212281395,-0.0026713627797821937,0.008903284848768456,1.0,1.0,False,False,False
METATINIB (BRD:BRD-K27182532-001-02-3),17,17,0.02696078431372549,0.9181909009189737,positive,0.9785339457396024,False,False,False,,,,,,,,,,,,,,,
METHACYCLINE (BRD:BRD-A49035384-003-28-9),16,16,0.22058823529411767,0.41166643049796364,positive,0.7778704540120908,False,False,False,,,,,,,,,,,,,,,
METHIAZOLE (BRD:BRD-K02764365-001-13-6),19,19,0.4929824561403509,0.03198157441535629,positive,0.31032670559076486,False,True,True,,,,,,,,,,,,,,,
METHOTREXATE (BRD:BRD-A55424491-001-19-9),12,12,0.18881118881118883,0.5567370561768314,positive,0.8346329721632294,False,False,False,,,,,,,,,,,,,,,
METHOXYFLURANE (BRD:BRD-K06152156-001-01-8),18,18,0.05882352941176471,0.816654203568489,positive,0.9492062708517403,False,False,False,,,,,,,,,,,,,,,
MEVASTATIN (BRD:BRD-K94441233-001-13-0),15,15,0.2285714285714285,0.4125661704963605,positive,0.7778704540120908,False,False,False,,,,,,,,,,,,,,,
MEXILETINE (BRD:BRD-A64092382-003-18-3),21,21,0.26233766233766237,0.2506256259413438,positive,0.6747025234945323,False,False,False,8.0,8.0,3.0,5.0,0.7824111866385449,0.7468480832052596,0.765844814219121,0.737302537712594,0.03556310343328528,0.028542276506526965,0.5714285714285714,0.8340425531914892,False,False,False
MGCD-265 (BRD:BRD-K56277358-001-07-5),17,17,-0.1593137254901961,0.5413616326261632,negative,0.8343473658608532,False,False,False,7.0,7.0,3.0,4.0,0.8559645311312777,0.9076174835005864,0.856186974046128,0.9186214581438414,-0.05165295236930867,-0.06243448409771346,0.4,0.638139534883721,False,False,False
MIBAMPATOR (BRD:BRD-K42981054-001-01-9),14,14,-0.13406593406593406,0.6477195279851133,negative,0.8799020664782387,False,False,False,,,,,,,,,,,,,,,
MIDODRINE (BRD:BRD-A79981887-003-16-4),10,10,0.35757575757575755,0.31037609170568026,positive,0.7273113963580073,False,False,False,,,,,,,,,,,,,,,
MIFEPRISTONE (BRD:BRD-K37270826-001-27-6),16,16,0.0588235294117647,0.8286807500332257,positive,0.9528091920805439,False,False,False,7.0,7.0,3.0,4.0,0.916678204224183,0.9186463972620952,0.891828187215438,0.9160492860836815,-0.0019681930379121804,-0.02422109886824353,1.0,1.0,False,False,False
MITOMYCIN-C (BRD:BRD-A48237631-001-04-8),20,20,0.019548872180451125,0.9348031235214638,positive,0.9826561405588721,False,False,False,7.0,7.0,3.0,4.0,0.7828145459180257,0.737867879004972,0.693366958129172,0.70816202008758,0.04494666691305371,-0.014795061958407962,0.8571428571428571,0.9639344262295081,False,False,False
MITOXANTRONE (BRD:BRD-K21680192-300-14-4),19,19,0.243859649122807,0.31437156522355036,positive,0.7273113963580073,False,False,False,6.0,6.0,3.0,3.0,0.5442539208841993,0.4227036470839686,0.592378278828437,0.435512570511376,0.1215502738002307,0.15686570831706098,0.4,0.638139534883721,False,False,False
MK 2206 (BRD:BRD-K68065987-300-09-1),20,20,-0.5022556390977443,0.024024689465215566,negative,0.2755039064647447,False,True,True,8.0,8.0,3.0,5.0,0.7432438254583129,0.8263605140051051,0.793387733280005,0.841269440478151,-0.08311668854679222,-0.047881707198145995,0.14285714285714285,0.3951612903225806,False,False,False
MK-2461 (BRD:BRD-K56405753-001-02-4),11,11,0.5818181818181819,0.06041989621564838,positive,0.37837424367672,False,False,True,,,,,,,,,,,,,,,
MK-5108 (BRD:BRD-K53665955-001-03-0),18,18,0.22187822497420018,0.37622542106556206,positive,0.7641955766791809,False,False,False,,,,,,,,,,,,,,,
MK-8245 (BRD:BRD-K29656036-001-02-5),15,15,0.075,0.7905107941552679,positive,0.9402289225394803,False,False,False,,,,,,,,,,,,,,,
MK-8745 (BRD:BRD-K25279140-001-01-5),19,19,0.4140350877192982,0.0780194939845629,positive,0.41825598861034996,False,False,True,,,,,,,,,,,,,,,
ML133 (BRD:BRD-K33743361-003-02-6),19,19,-0.03333333333333333,0.8922406862320765,negative,0.9746808320652924,False,False,False,,,,,,,,,,,,,,,
MLN-8054 (BRD:BRD-K83963101-001-06-9),20,20,0.17593984962406017,0.4580986587024855,positive,0.789039768533424,False,False,False,7.0,7.0,3.0,4.0,0.7270226907405067,0.6341847235061036,0.778910377634051,0.631198113660319,0.09283796723440318,0.14771226397373205,0.6285714285714286,0.8589641434262948,False,False,False
MLN0128 (BRD:BRD-K59317601-001-05-5),20,20,-0.24511278195488717,0.2976005003886619,negative,0.7121442868379092,False,False,False,8.0,8.0,3.0,5.0,0.6226671309711436,0.7174787712969535,0.6447808224653887,0.6985552188740546,-0.09481164032580991,-0.05377439640866588,0.5714285714285714,0.8340425531914892,False,False,False
"MNS-(3,4-METHYLENEDIOXY-NITROSTYRENE) (BRD:BRD-K42205652-001-02-7)",16,16,0.18235294117647058,0.4990748572458002,positive,0.807040166382094,False,False,False,,,,,,,,,,,,,,,
MOCETINOSTAT (BRD:BRD-K16485616-001-08-9),12,12,0.1188811188811189,0.712884219214772,positive,0.9177426551750772,False,False,False,,,,,,,,,,,,,,,
MOLIBRESIB (BRD:BRD-K08109215-001-06-4),12,12,0.006993006993006993,0.9827917689028476,positive,0.9951893714922184,False,False,False,,,,,,,,,,,,,,,
MOMELOTINIB (BRD:BRD-K87737963-001-06-0),13,13,0.23626373626373626,0.43708354383118136,positive,0.7799208652754643,False,False,False,,,,,,,,,,,,,,,
MONENSIN (BRD:BRD-A06627858-236-03-0),18,18,0.3085655314757482,0.21282870595868356,positive,0.6327533581195878,False,False,False,,,,,,,,,,,,,,,
MOZAVAPTAN (BRD:BRD-A31095847-001-02-3),20,20,-0.5503759398496241,0.011919637001913336,negative,0.22192498824595153,False,True,True,,,,,,,,,,,,,,,
MPI-0479605 (BRD:BRD-K45551181-001-02-1),18,18,0.20330237358101136,0.4184467334719627,positive,0.7778704540120908,False,False,False,,,,,,,,,,,,,,,
MRS-1220 (BRD:BRD-K37618799-001-03-0),13,13,-0.4505494505494505,0.1223318876780357,negative,0.5122689187573556,False,False,False,,,,,,,,,,,,,,,
MUBRITINIB (BRD:BRD-K19061412-001-02-4),20,20,0.1789473684210526,0.45032544160933996,positive,0.780776068598229,False,False,False,7.0,7.0,3.0,4.0,0.6922523454981396,0.565565053343003,0.579470419229019,0.536516773602301,0.12668729215513663,0.042953645626717996,0.4,0.638139534883721,False,False,False
MYCOPHENOLATE-MOFETIL (BRD:BRD-K92428153-001-04-4),13,13,0.03296703296703297,0.9148564744875124,positive,0.9779882166736967,False,False,False,,,,,,,,,,,,,,,
MYCOPHENOLIC-ACID (BRD:BRD-K63750851-001-20-7),13,13,-0.049450549450549455,0.8725444288811492,negative,0.9697975468329533,False,False,False,,,,,,,,,,,,,,,
N-ACETYLMANNOSAMINE (BRD:BRD-A92872453-001-01-8),13,13,-0.24175824175824176,0.4261755195945088,negative,0.7784837999874641,False,False,False,,,,,,,,,,,,,,,
NALOXONE (BRD:BRD-K67511046-001-02-3),15,15,0.2678571428571428,0.3344436005123539,positive,0.7346111921701703,False,False,False,6.0,6.0,3.0,3.0,0.8575981593647833,0.795730985529254,0.931601496545141,0.772989153236518,0.06186717383552931,0.15861234330862306,0.7,0.9164122137404579,False,False,False
NANCHANGMYCIN (BRD:BRD-A73871920-236-03-6),22,22,0.24675324675324675,0.26827433942114864,positive,0.6830530000476708,False,False,False,8.0,8.0,3.0,5.0,0.7459240995364866,0.6275858306867679,0.758088468863922,0.619562398217819,0.11833826884971876,0.138526070646103,0.25,0.5196969696969697,False,False,False
NAPABUCASIN (BRD:BRD-K22064724-001-01-8),22,22,-0.10897797854319595,0.6292681723906856,negative,0.8680420365534922,False,False,False,8.0,8.0,3.0,5.0,0.6889091207924256,0.7585742509572474,0.7345078406704301,0.7440303945861937,-0.06966513016482179,-0.00952255391576362,0.5714285714285714,0.8340425531914892,False,False,False
NARASIN (BRD:BRD-A25608658-001-01-1),19,19,0.18596491228070175,0.44590627508518826,positive,0.780776068598229,False,False,False,,,,,,,,,,,,,,,
NAVARIXIN (BRD:BRD-K82850175-001-01-1),16,16,-0.10882352941176471,0.6882882939574141,negative,0.9057504673090858,False,False,False,7.0,7.0,3.0,4.0,0.8866154961632606,0.8846803450056828,0.89084303179883,0.888032494401244,0.001935151157577808,0.002810537397585966,0.8571428571428571,0.9639344262295081,False,False,False
NAVITOCLAX (BRD:BRD-K82746043-001-19-3),15,15,0.1357142857142857,0.6296204418728145,positive,0.8680420365534922,False,False,False,,,,,,,,,,,,,,,
NEMORUBICIN (BRD:BRD-K51911221-001-01-2),22,22,0.4409937888198759,0.0399399990443038,positive,0.3391059534242332,False,True,True,8.0,8.0,3.0,5.0,0.43376965074699664,0.3627226290975924,0.410642695723177,0.398486740184365,0.07104702164940424,0.012155955538812047,0.03571428571428571,0.33220338983050846,False,True,True
NERATINIB (BRD:BRD-K85606544-001-09-1),18,18,-0.6119711042311662,0.006950274712161287,negative,0.17047479363440046,False,True,True,8.0,8.0,3.0,5.0,0.7277200621205299,0.9103670046072019,0.6875432292406777,0.9327450620755304,-0.18264694248667201,-0.24520183283485275,0.07142857142857142,0.35,False,False,True
NH125 (BRD:BRD-K31086665-005-04-6),22,22,0.06267645398080182,0.7817104249303759,positive,0.9402289225394803,False,False,False,8.0,8.0,3.0,5.0,0.849887416237474,0.8356493875784594,0.827689779804605,0.843794776276126,0.014238028659014579,-0.01610499647152097,1.0,1.0,False,False,False
NIACIN (BRD:BRD-K60237333-001-27-1),10,10,-0.09090909090909088,0.8027717312071619,negative,0.9463917739064406,False,False,False,,,,,,,,,,,,,,,
NICLOSAMIDE (BRD:BRD-K35960502-001-20-0),20,20,0.04661654135338346,0.8452698052894376,positive,0.9638154883161442,False,False,False,8.0,8.0,3.0,5.0,0.8695921880298183,0.8726841100726418,0.859563634336289,0.865363892275497,-0.0030919220428234917,-0.00580025793920802,0.7857142857142857,0.9556737588652482,False,False,False
NILOTINIB (BRD:BRD-K81528515-001-13-8),15,15,-0.35,0.2009453508162933,negative,0.6285637561054869,False,False,False,,,,,,,,,,,,,,,
NIMORAZOLE (BRD:BRD-K79145628-001-05-5),11,11,0.21818181818181823,0.5192482475549817,positive,0.8231529669498184,False,False,False,,,,,,,,,,,,,,,
NIRAPARIB (BRD:BRD-K54955827-001-02-2),15,15,0.3107142857142856,0.2596673973372181,positive,0.6823997376451297,False,False,False,,,,,,,,,,,,,,,
NITARSONE (BRD:BRD-K56707426-001-02-0),13,13,0.22527472527472525,0.45930514272500556,positive,0.789039768533424,False,False,False,6.0,6.0,3.0,3.0,0.8542497685201863,0.8402174463392731,0.84459446633204,0.809925188204913,0.014032322180913215,0.03466927812712706,0.7,0.9164122137404579,False,False,False
NMS-1286937 (BRD:BRD-K83699324-001-01-1),20,20,0.5308270676691729,0.01603544437677618,positive,0.2441677750204731,False,True,True,7.0,7.0,3.0,4.0,0.6042973129073633,0.5206841983863725,0.603278324422409,0.5245158745592959,0.08361311452099085,0.0787624498631131,0.05714285714285714,0.33220338983050846,False,False,True
NMS-873 (BRD:BRD-K26253904-001-01-5),21,21,0.20649350649350648,0.3691521306594588,positive,0.758049607842563,False,False,False,7.0,7.0,3.0,4.0,0.6922051781268443,0.6362233194410337,0.694134993268389,0.631705587094675,0.055981858685810626,0.062429406173714064,0.4,0.638139534883721,False,False,False
NMS-E973 (BRD:BRD-K58770988-001-01-8),21,21,0.38571428571428573,0.08418819066159455,positive,0.4304510523486097,False,False,True,7.0,7.0,3.0,4.0,0.728331520364032,0.5926950447892521,0.706496440982181,0.581233467085293,0.13563647557477998,0.125262973896888,0.11428571428571428,0.3733333333333333,False,False,False
NOCODAZOLE (BRD:BRD-K12539581-001-23-7),21,21,0.15974025974025974,0.4891511154734236,positive,0.804321107938609,False,False,False,8.0,8.0,3.0,5.0,0.6864522035780957,0.6429374613678159,0.717599711031114,0.618284879577332,0.04351474221027973,0.09931483145378195,0.5714285714285714,0.8340425531914892,False,False,False
NONOXYNOL-9 (BRD:BRD-K88625236-001-04-2),17,17,-0.37009803921568635,0.14367547273095146,negative,0.5572774934626994,False,False,False,,,,,,,,,,,,,,,
NOREPINEPHRINE (BRD:BRD-K87349682-347-03-8),16,16,0.2823529411764706,0.2893498290632738,positive,0.7077448727503345,False,False,False,,,,,,,,,,,,,,,
NORETYNODREL (BRD:BRD-A00758722-001-04-9),19,19,-0.03859649122807017,0.8753438786249873,negative,0.9697975468329533,False,False,False,6.0,6.0,3.0,3.0,0.8840839308234362,0.9323129056444207,0.884316481207194,0.953326688368468,-0.04822897482098454,-0.06901020716127404,0.7,0.9164122137404579,False,False,False
NORFLOXACIN (BRD:BRD-K11196887-001-22-0),14,14,0.39780219780219783,0.1589507745108346,positive,0.5687870218257833,False,False,False,,,,,,,,,,,,,,,
NOVOBIOCIN (BRD:BRD-K85307935-236-09-5),14,14,0.4021978021978022,0.1539744295414035,positive,0.5677037801887282,False,False,False,,,,,,,,,,,,,,,
NSC-23766 (BRD:BRD-A80213327-305-08-3),10,10,0.11515151515151514,0.7514196523258485,positive,0.9308931736610022,False,False,False,,,,,,,,,,,,,,,
NSC-319726 (BRD:BRD-K99170882-001-04-3),19,19,0.008771929824561405,0.9715689358029989,positive,0.9917954842683878,False,False,False,,,,,,,,,,,,,,,
NSC-3852 (BRD:BRD-K13169950-001-14-4),17,17,0.625,0.007304262768989965,positive,0.17431524391940917,False,True,True,7.0,7.0,3.0,4.0,0.9133350243205207,0.838116711726558,0.890047727919858,0.839305033546235,0.07521831259396272,0.050742694373623,0.05714285714285714,0.33220338983050846,False,False,True
NSC-632839 (BRD:BRD-K81197548-003-01-4),19,19,0.5578947368421052,0.013059921195492315,positive,0.2306382083123943,False,True,True,7.0,7.0,3.0,4.0,0.9006624024202123,0.8456012990467413,0.897070247270073,0.8537666864725479,0.05506110337347103,0.043303560797525065,0.05714285714285714,0.33220338983050846,False,False,True
NSC-663284 (BRD:BRD-K03109492-001-02-2),20,20,0.4060150375939849,0.0756893721143978,positive,0.4158424847475296,False,False,True,,,,,,,,,,,,,,,
NSC-697923 (BRD:BRD-K20605374-001-05-4),22,22,0.24788255223037836,0.2660193797824072,positive,0.6830530000476708,False,False,False,8.0,8.0,3.0,5.0,0.8492379717184916,0.7942639007706533,0.842499291750085,0.799131263579576,0.05497407094783824,0.043368028170509,0.14285714285714285,0.3951612903225806,False,False,False
NVP-AEW541 (BRD:BRD-K24696047-001-02-3),17,17,-0.18872549019607845,0.4681922842798525,negative,0.7928869441992983,False,False,False,8.0,8.0,3.0,5.0,0.8800241032512685,0.9110995075849904,0.853016181961049,0.919300482549117,-0.031075404333721912,-0.066284300588068,0.5714285714285714,0.8340425531914892,False,False,False
NVP-TAE 684 (BRD:BRD-K50140147-001-10-1),16,16,0.1411764705882353,0.6020026838819792,positive,0.8544481574931787,False,False,False,,,,,,,,,,,,,,,
NVP-TAE226 (BRD:BRD-K21025364-001-05-6),21,21,0.13766233766233765,0.551800840604731,positive,0.8343473658608532,False,False,False,7.0,7.0,3.0,4.0,0.8212621440046156,0.77687556474627,0.842753322642491,0.7729562296478445,0.04438657925834566,0.06979709299464654,0.4,0.638139534883721,False,False,False
OCTENIDINE (BRD:BRD-K04568635-300-01-4),19,19,0.27543859649122804,0.2537237032890097,positive,0.6765364408503279,False,False,False,6.0,6.0,3.0,3.0,0.8475601941769547,0.810959761388344,0.85049148446582,0.792919350711428,0.03660043278861069,0.05757213375439196,0.2,0.519205298013245,False,False,False
ODANACATIB (BRD:BRD-K22822991-001-02-3),17,17,-0.19117647058823534,0.46232612062451384,negative,0.7911510940144296,False,False,False,,,,,,,,,,,,,,,
OLAPARIB (BRD:BRD-K02113016-001-19-6),14,14,0.5516483516483517,0.04084905835112285,positive,0.343521128800395,False,True,True,,,,,,,,,,,,,,,
OLIGOMYCIN-A (BRD:BRD-A81541225-001-06-8),16,16,-0.03823529411764706,0.8881976539853075,negative,0.9746808320652924,False,False,False,6.0,6.0,3.0,3.0,0.37597920231650006,0.27101088698421966,0.1618373384393,0.20916738298205,0.1049683153322804,-0.04733004454275,1.0,1.0,False,False,False
OLTIPRAZ (BRD:BRD-K86972824-001-01-4),14,14,0.3758241758241759,0.18541002869712306,positive,0.604994430854705,False,False,False,,,,,,,,,,,,,,,
OLVEREMBATINIB (BRD:BRD-K35329391-334-01-7),19,19,0.012280701754385965,0.9602038588720425,positive,0.9893725661698659,False,False,False,7.0,7.0,3.0,4.0,0.7985289163968634,0.702203362517439,0.776026210901352,0.7361097435783606,0.09632555387942443,0.03991646732299148,0.8571428571428571,0.9639344262295081,False,False,False
OMEPRAZOLE (BRD:BRD-A55962179-001-22-1),15,15,0.18214285714285713,0.5158816817070393,positive,0.8207631080131814,False,False,False,,,,,,,,,,,,,,,
ONC201 (BRD:BRD-K58529924-001-01-5),15,15,-0.34642857142857136,0.2058959920935511,negative,0.6306617630108551,False,False,False,,,,,,,,,,,,,,,
ONCRASIN-1 (BRD:BRD-K43449605-001-01-0),15,15,-0.1607142857142857,0.5671967045803448,negative,0.8389190789689187,False,False,False,,,,,,,,,,,,,,,
ONX-0914 (BRD:BRD-K60446698-001-01-2),21,21,-0.24155844155844156,0.291470754429199,negative,0.7090046175233683,False,False,False,7.0,7.0,3.0,4.0,0.5229600345607813,0.6759564185979635,0.61630319531384,0.6408352552162291,-0.1529963840371822,-0.024532059902389047,0.4,0.638139534883721,False,False,False
OPROZOMIB (BRD:BRD-A36331462-001-02-1),15,15,-0.06785714285714285,0.8101088187105132,negative,0.948620796770868,False,False,False,,,,,,,,,,,,,,,
ORIDONIN (BRD:BRD-K23925186-001-02-8),21,21,0.43636363636363634,0.04796935978332507,positive,0.3525300458925629,False,True,True,,,,,,,,,,,,,,,
OSI 930 OSI930 (BRD:BRD-K25340465-001-11-1),15,15,0.049999999999999996,0.859540943467457,positive,0.9656166069742551,False,False,False,,,,,,,,,,,,,,,
OSI-420 (BRD:BRD-K73309154-003-02-8),14,14,0.02857142857142857,0.9227613765698747,positive,0.9805033640327309,False,False,False,,,,,,,,,,,,,,,
OSIMERTINIB (BRD:BRD-K42805893-001-04-9),18,18,-0.6346749226006192,0.004662842748871135,negative,0.16434076220750218,False,True,True,7.0,7.0,3.0,4.0,0.7297176457341772,0.8908394263345516,0.7224815427302904,0.9244276715179596,-0.1611217806003744,-0.20194612878766915,0.11428571428571428,0.3733333333333333,False,False,False
OTS167 (BRD:BRD-K53417444-003-03-1),22,22,0.4195369847543761,0.051931713056619346,positive,0.3639341478491657,False,False,True,8.0,8.0,3.0,5.0,0.5036094846823307,0.3763500371913578,0.552594813824468,0.344760020210571,0.1272594474909729,0.20783479361389695,0.14285714285714285,0.3951612903225806,False,False,False
OUABAIN (BRD:BRD-K33277808-331-01-3),19,19,0.40350877192982454,0.08668081166957645,positive,0.4348815721831591,False,False,True,7.0,7.0,3.0,4.0,0.553877765044061,0.503211006768071,0.546989198257969,0.503743080501833,0.0506667582759901,0.04324611775613596,0.22857142857142856,0.519205298013245,False,False,False
OXIBENDAZOLE (BRD:BRD-K52075715-001-06-7),22,22,0.5731225296442689,0.005300506147532188,positive,0.16715524743824722,False,True,True,8.0,8.0,3.0,5.0,0.8794465412252314,0.7856738213878576,0.859592455334568,0.800545761224594,0.09377271983737379,0.059046694109973985,0.03571428571428571,0.33220338983050846,False,True,True
OXIPEROMIDE (BRD:BRD-K78096648-001-05-7),14,14,0.5076923076923077,0.06383915813376863,positive,0.38609573035697053,False,False,True,6.0,6.0,3.0,3.0,0.9461089827881057,0.825964701186754,0.974818076840661,0.839319812646402,0.12014428160135171,0.13549826419425903,0.2,0.519205298013245,False,False,False
OXIRACETAM (BRD:BRD-K50677762-001-01-5),18,18,0.4179566563467492,0.08435264811978462,positive,0.4304510523486097,False,False,True,,,,,,,,,,,,,,,
OXPRENOLOL (BRD:BRD-A43671941-003-11-9),14,14,0.15164835164835166,0.6047905984521367,positive,0.8544481574931787,False,False,False,,,,,,,,,,,,,,,
OXYPHENCYCLIMINE (BRD:BRD-A58193911-003-18-7),18,18,0.2115583075335397,0.39938013616939916,positive,0.7734882591591963,False,False,False,,,,,,,,,,,,,,,
OXYQUINOLINE (BRD:BRD-K66808046-065-03-7),19,19,-0.1789473684210526,0.46355363606350364,negative,0.7914660040445836,False,False,False,7.0,7.0,3.0,4.0,0.925869260637027,0.9363416374239488,0.948857239583435,0.9468608457945396,-0.010472376786921811,0.0019963937888954897,1.0,1.0,False,False,False
P 22077 (BRD:BRD-K97714174-001-01-3),11,11,-0.36363636363636365,0.27163754099382253,negative,0.6853027105644152,False,False,False,,,,,,,,,,,,,,,
P276-00 (BRD:BRD-K51791723-003-01-7),20,20,0.08872180451127819,0.7099206278927328,positive,0.9177426551750772,False,False,False,,,,,,,,,,,,,,,
P5091 (BRD:BRD-K13606314-001-01-3),18,18,-0.3498452012383901,0.15469232181385817,negative,0.5677037801887282,False,False,False,,,,,,,,,,,,,,,
PACLITAXEL (BRD:BRD-K62008436-001-23-9),12,12,0.2517482517482518,0.4299187850328841,positive,0.7784837999874641,False,False,False,,,,,,,,,,,,,,,
PACRITINIB (BRD:BRD-K19034817-001-01-4),20,20,0.4766917293233082,0.03358407951093335,positive,0.31547598093781004,False,True,True,7.0,7.0,3.0,4.0,0.9129183791515371,0.8659140471987252,0.896726022262594,0.86107245284161,0.04700433195281184,0.035653569420983966,0.11428571428571428,0.3733333333333333,False,False,False
PALIPERIDONE (BRD:BRD-A99888680-001-03-8),13,13,0.5494505494505494,0.05177062555916278,positive,0.3639341478491657,False,False,True,,,,,,,,,,,,,,,
PANOBINOSTAT (BRD:BRD-K02130563-001-11-4),20,20,-0.1609022556390977,0.4979744144247944,negative,0.807040166382094,False,False,False,7.0,7.0,3.0,4.0,0.6310641216845794,0.7444625279395534,0.697350080147521,0.7495237836695396,-0.113398406254974,-0.052173703522018666,0.6285714285714286,0.8589641434262948,False,False,False
PAPAVERINE (BRD:BRD-K15567136-003-27-2),18,18,-0.27554179566563464,0.268425131389062,negative,0.6830530000476708,False,False,False,,,,,,,,,,,,,,,
PARBENDAZOLE (BRD:BRD-K02407574-001-09-7),20,20,0.4842105263157894,0.030508493550666576,positive,0.3061249977868021,False,True,True,7.0,7.0,3.0,4.0,0.7275086361340777,0.6418648788704092,0.709267883217276,0.641521760780532,0.08564375726366846,0.06774612243674394,0.22857142857142856,0.519205298013245,False,False,False
PARDOPRUNOX (BRD:BRD-K11851476-003-01-7),21,21,0.14415584415584418,0.5330058743165694,positive,0.8321425717379879,False,False,False,,,,,,,,,,,,,,,
PARICALCITOL (BRD:BRD-K60585088-001-01-5),12,12,-0.1258741258741259,0.696683109395766,negative,0.9086723568633107,False,False,False,,,,,,,,,,,,,,,
PARTHENOLIDE (BRD:BRD-K98548675-001-05-9),15,15,0.28928571428571426,0.2956653610043777,positive,0.7113692473211594,False,False,False,,,,,,,,,,,,,,,
PARTHENOLIDE-(-) (BRD:BRD-K34851558-001-02-3),19,19,0.15263157894736842,0.5327517272519823,positive,0.8321425717379879,False,False,False,,,,,,,,,,,,,,,
PAZOPANIB (BRD:BRD-K74514084-003-09-2),18,18,-0.10629514963880288,0.6746395315456968,negative,0.898501819539744,False,False,False,,,,,,,,,,,,,,,
PCI-24781 (BRD:BRD-K12867552-001-04-7),22,22,0.22303783173348396,0.31841675008781406,positive,0.7302908839676359,False,False,False,8.0,8.0,3.0,5.0,0.7624126515093946,0.7270103931394791,0.731778058634891,0.708838809624503,0.03540225836991551,0.02293924901038802,0.39285714285714285,0.638139534883721,False,False,False
PD 0325901 (BRD:BRD-K49865102-001-08-4),20,20,0.1609022556390977,0.4979744144247944,positive,0.807040166382094,False,False,False,,,,,,,,,,,,,,,
PD-153035 (BRD:BRD-K26603252-003-04-9),13,13,-0.2967032967032967,0.3249215884859749,negative,0.7337743289849511,False,False,False,,,,,,,,,,,,,,,
PD-168393 (BRD:BRD-K17702546-001-03-2),21,21,-0.43636363636363634,0.04796935978332507,negative,0.3525300458925629,False,True,True,8.0,8.0,3.0,5.0,0.6869811535125923,0.8456072385661819,0.692022417998771,0.845949738432355,-0.15862608505358966,-0.15392732043358404,0.03571428571428571,0.33220338983050846,False,True,True
PD-198306 (BRD:BRD-K88677950-001-03-9),16,16,0.06470588235294117,0.8118214513105935,positive,0.948620796770868,False,False,False,,,,,,,,,,,,,,,
PD-318088 (BRD:BRD-A57798112-001-03-7),14,14,0.23956043956043957,0.4094298928517327,positive,0.7778704540120908,False,False,False,,,,,,,,,,,,,,,
PD-407824 (BRD:BRD-K82823804-001-04-1),20,20,0.07368421052631578,0.7575286998643431,positive,0.9338387100159996,False,False,False,7.0,7.0,3.0,4.0,0.9032990999869247,0.8680827834426655,0.892273422996506,0.8659802050847656,0.03521631654425916,0.02629321791174044,0.8571428571428571,0.9639344262295081,False,False,False
PENFLURIDOL (BRD:BRD-K15409150-001-05-8),21,21,-0.0961038961038961,0.6785829571667291,negative,0.9012497368630407,False,False,False,7.0,7.0,3.0,4.0,0.7145418106607583,0.7142958565129904,0.715070589535823,0.737491238085039,0.0002459541477678462,-0.022420648549215993,1.0,1.0,False,False,False
PENTAGASTRIN (BRD:BRD-K78789465-001-01-6),16,16,-0.18823529411764706,0.4850866091454684,negative,0.804321107938609,False,False,False,,,,,,,,,,,,,,,
PENTAMIDINE (BRD:BRD-K13183738-317-10-2),19,19,-0.008771929824561405,0.9715689358029989,negative,0.9917954842683878,False,False,False,7.0,7.0,3.0,4.0,0.835810930505001,0.8398139548435707,0.860795069109085,0.8405325670437925,-0.004003024338569694,0.020262502065292454,1.0,1.0,False,False,False
PEPSTATIN (BRD:BRD-K13571841-001-14-4),13,13,0.3736263736263736,0.20855405979520916,positive,0.6306617630108551,False,False,False,,,,,,,,,,,,,,,
PERUVOSIDE (BRD:BRD-A72716251-001-01-5),21,21,0.37792207792207794,0.09119661406939472,positive,0.44489839902362177,False,False,True,7.0,7.0,3.0,4.0,0.642055095025306,0.5077435657914535,0.636567084411532,0.5529684491660485,0.13431152923385248,0.0835986352454835,0.05714285714285714,0.33220338983050846,False,False,True
PETCM (BRD:BRD-A93477898-001-04-2),15,15,-0.06785714285714285,0.8101088187105132,negative,0.948620796770868,False,False,False,,,,,,,,,,,,,,,
PEVONEDISTAT (BRD:BRD-K67844266-003-01-9),13,13,0.03846153846153846,0.9007243023389339,positive,0.9746808320652924,False,False,False,,,,,,,,,,,,,,,
PF-00562271 (BRD:BRD-K99545815-001-06-3),20,20,0.22556390977443608,0.33897093917086674,positive,0.7390403439206799,False,False,False,,,,,,,,,,,,,,,
PF-03758309 (BRD:BRD-K37764012-001-04-1),16,16,0.5852941176470587,0.01722528661609483,positive,0.24532142067760862,False,True,True,,,,,,,,,,,,,,,
PF-03814735 (BRD:BRD-K68747584-001-02-0),14,14,0.4197802197802198,0.13510107382914258,positive,0.5308699567441867,False,False,False,,,,,,,,,,,,,,,
PF-04457845 (BRD:BRD-K86816506-001-01-8),17,17,-0.6176470588235294,0.008242328912101944,negative,0.1827542325058525,False,True,True,,,,,,,,,,,,,,,
PF-04691502 (BRD:BRD-K07310275-001-02-5),19,19,0.22456140350877193,0.35534598974510745,positive,0.7508135123045486,False,False,False,7.0,7.0,3.0,4.0,0.688803834183847,0.671468919311283,0.689073286951196,0.67201502764911,0.017334914872564,0.017058259302085932,0.22857142857142856,0.519205298013245,False,False,False
PF-05212384 (BRD:BRD-K07955840-001-02-3),22,22,-0.4861660079051384,0.021783087892448556,negative,0.2634858439593435,False,True,True,8.0,8.0,3.0,5.0,0.5511653977797434,0.622037650759588,0.563653205928737,0.579785258821366,-0.07087225297984456,-0.01613205289262898,0.39285714285714285,0.638139534883721,False,False,False
PF-477736 (BRD:BRD-K03063480-001-06-6),20,20,0.5097744360902255,0.02166896662153533,positive,0.2634858439593435,False,True,True,7.0,7.0,3.0,4.0,0.881193306041287,0.6406380043944653,0.907022693751225,0.5933876955653501,0.2405553016468217,0.3136349981858749,0.11428571428571428,0.3733333333333333,False,False,False
PFI-1 (BRD:BRD-K13094524-001-07-5),20,20,-0.4526315789473684,0.045075688783048344,negative,0.3525300458925629,False,True,True,,,,,,,,,,,,,,,
PFK-015 (BRD:BRD-K95573441-001-01-2),18,18,0.12899896800825592,0.6099496263278285,positive,0.8589880702511523,False,False,False,,,,,,,,,,,,,,,
PHA 665752 (BRD:BRD-K95435023-001-08-5),17,17,0.21078431372549022,0.41674984855133407,positive,0.7778704540120908,False,False,False,,,,,,,,,,,,,,,
PHA 793887 (BRD:BRD-K64800655-001-07-4),20,20,0.3684210526315789,0.10996436611637704,positive,0.49039664283212586,False,False,False,8.0,8.0,3.0,5.0,0.910048606010965,0.759641022156671,0.930957228744065,0.751553421164929,0.1504075838542941,0.179403807579136,0.14285714285714285,0.3951612903225806,False,False,False
PHA-680632 (BRD:BRD-K09443272-001-03-3),20,20,0.21804511278195485,0.35573636611773696,positive,0.7508135123045486,False,False,False,,,,,,,,,,,,,,,
PHA-767491 (BRD:BRD-K50000283-001-04-4),22,22,0.4285714285714286,0.04658379774023283,positive,0.3525300458925629,False,True,True,8.0,8.0,3.0,5.0,0.9361071449775394,0.8485331064035941,0.947007992418258,0.860359604598509,0.0875740385739453,0.08664838781974893,0.03571428571428571,0.33220338983050846,False,True,True
PHA-848125 (BRD:BRD-K60997853-001-02-3),19,19,0.09473684210526316,0.6996571784752554,positive,0.9098634589008109,False,False,False,,,,,,,,,,,,,,,
PHENIRAMINE (BRD:BRD-A23072235-050-18-5),10,10,-0.6969696969696969,0.02509667588225185,negative,0.2777820489415888,False,True,True,,,,,,,,,,,,,,,
PHENYLBUTAZONE (BRD:BRD-K10843433-001-22-7),12,12,-0.5734265734265735,0.05126558978649151,negative,0.3639341478491657,False,False,True,,,,,,,,,,,,,,,
PHENYLMERCURIC-ACETATE (BRD:BRD-K74193284-001-04-8),21,21,0.40389610389610386,0.06939949544788349,positive,0.40853169653654076,False,False,True,8.0,8.0,3.0,5.0,0.7953272663474394,0.7580770431908487,0.825033165005303,0.75679629234534,0.03725022315659077,0.06823687265996303,0.39285714285714285,0.638139534883721,False,False,False
PHLORIZIN (BRD:BRD-K24601397-001-01-1),13,13,-0.21978021978021978,0.4706148514721425,negative,0.7928869441992983,False,False,False,,,,,,,,,,,,,,,
PI 103 (BRD:BRD-K67868012-001-07-6),21,21,0.0935064935064935,0.6868397848627376,positive,0.9051933284086526,False,False,False,8.0,8.0,3.0,5.0,0.9320267981685989,0.8873510034296743,0.927250097236147,0.891167798681755,0.04467579473892458,0.036082298554392045,0.39285714285714285,0.638139534883721,False,False,False
PI-828 (BRD:BRD-K97365803-001-02-1),14,14,0.2571428571428571,0.3748119038799704,positive,0.7641955766791809,False,False,False,,,,,,,,,,,,,,,
PI3K-IN-2 (BRD:BRD-K62374002-001-01-5),22,22,-0.1518915866741954,0.4998153235435795,negative,0.807040166382094,False,False,False,8.0,8.0,3.0,5.0,0.6740494378807744,0.7249676135220503,0.713247352943389,0.680390515328736,-0.050918175641275876,0.03285683761465308,0.7857142857142857,0.9556737588652482,False,False,False
PICTILISIB (BRD:BRD-K52911425-001-09-8),18,18,0.2982456140350877,0.22932241176613294,positive,0.6595505708441295,False,False,False,,,,,,,,,,,,,,,
PIDNARULEX (BRD:BRD-K12787259-001-04-3),21,21,0.5025974025974026,0.020229828771012266,positive,0.2588831710841135,False,True,True,7.0,7.0,3.0,4.0,0.8312739639595482,0.76140786301403,0.818195359837096,0.733435621086163,0.06986610094551826,0.08475973875093301,0.22857142857142856,0.519205298013245,False,False,False
PIK-75 (BRD:BRD-K49371609-003-03-8),22,22,0.2862789384528515,0.19648801204618047,positive,0.6204300847061154,False,False,False,8.0,8.0,3.0,5.0,0.601567063675588,0.6037827987584868,0.588011815939687,0.566039730752255,-0.002215735082898851,0.02197208518743199,0.25,0.5196969696969697,False,False,False
PILARALISIB (BRD:BRD-K49456274-001-01-9),10,10,0.0303030303030303,0.9337729580941466,positive,0.9826561405588721,False,False,False,,,,,,,,,,,,,,,
PIRENPERONE (BRD:BRD-K25224017-001-25-0),21,21,0.26103896103896107,0.2530648119666416,positive,0.6765364408503279,False,False,False,8.0,8.0,3.0,5.0,0.814889378296353,0.7393991641915982,0.816117610628351,0.729748864624165,0.07549021410475476,0.08636874600418598,0.07142857142857142,0.35,False,False,True
PITAVASTATIN (BRD:BRD-K75958547-238-01-0),12,12,0.2867132867132868,0.36625146058358227,positive,0.7573771421435671,False,False,False,,,,,,,,,,,,,,,
PKI-179 (BRD:BRD-A28467416-002-01-0),21,21,-0.15584415584415584,0.49994447453114993,negative,0.807040166382094,False,False,False,7.0,7.0,3.0,4.0,0.64463134983054,0.6508417370633612,0.597583273928325,0.6435523996967529,-0.006210387232821191,-0.04596912576842793,0.8571428571428571,0.9639344262295081,False,False,False
PLINABULIN (BRD:BRD-K99498722-001-02-6),22,22,0.21852060982495766,0.3285693596146497,positive,0.7344980874423689,False,False,False,8.0,8.0,3.0,5.0,0.537687556479338,0.5019466583294341,0.530035527130966,0.484608191906359,0.03574089814990389,0.04542733522460701,0.39285714285714285,0.638139534883721,False,False,False
PLX 4720 (BRD:BRD-K16478699-001-09-2),20,20,0.37744360902255636,0.10087319118710483,positive,0.466494998120727,False,False,False,8.0,8.0,3.0,5.0,0.9002483869312877,0.8444729522620522,0.920110500338135,0.844576998483287,0.05577543466923551,0.07553350185484797,0.14285714285714285,0.3951612903225806,False,False,False
PODOPHYLLOTOXIN (BRD:BRD-K47869605-001-32-0),22,22,0.43083003952569177,0.04531612548785277,positive,0.3525300458925629,False,True,True,8.0,8.0,3.0,5.0,0.626869622898924,0.47132102400187553,0.618436485529126,0.458305319436066,0.15554859889704847,0.16013116609306,0.03571428571428571,0.33220338983050846,False,True,True
POLYDATIN (BRD:BRD-K43236057-001-07-1),19,19,-0.0543859649122807,0.8249897141619514,negative,0.9522430295490236,False,False,False,7.0,7.0,3.0,4.0,0.8192695231696486,0.8532671285131582,0.830307842440603,0.8464865753801155,-0.033997605343509596,-0.016178732939512552,0.4,0.638139534883721,False,False,False
POSACONAZOLE (BRD:BRD-K06222852-001-03-2),11,11,-0.44545454545454555,0.16973260492681183,negative,0.5932199448549884,False,False,False,,,,,,,,,,,,,,,
POZIOTINIB (BRD:BRD-K50010139-001-01-5),13,13,-0.8131868131868131,0.0007236077236996981,negative,0.09127794571811906,False,True,True,,,,,,,,,,,,,,,
PP-121 (BRD:BRD-K81801188-001-02-8),22,22,0.13043478260869568,0.5628843446021313,positive,0.8379312384400485,False,False,False,8.0,8.0,3.0,5.0,0.630704509391677,0.5562797873110943,0.637887409405379,0.57379484376604,0.0744247220805827,0.06409256563933907,0.25,0.5196969696969697,False,False,False
PP-2 (BRD:BRD-K95785537-001-23-1),11,11,-0.05454545454545456,0.8734465775233149,negative,0.9697975468329533,False,False,False,,,,,,,,,,,,,,,
PP242 (BRD:BRD-K87112191-001-04-5),20,20,-0.22556390977443608,0.33897093917086674,negative,0.7390403439206799,False,False,False,7.0,7.0,3.0,4.0,0.773886428958975,0.8091255148809813,0.776706008313852,0.826983198354053,-0.03523908592200631,-0.050277190040201036,0.4,0.638139534883721,False,False,False
PPT (BRD:BRD-K00312224-001-09-5),14,14,0.5120879120879122,0.0611984861564584,positive,0.3805511498320618,False,False,True,,,,,,,,,,,,,,,
PR-619 (BRD:BRD-K54395039-001-01-7),21,21,0.15454545454545454,0.5035678584762259,positive,0.8112598370610681,False,False,False,7.0,7.0,3.0,4.0,0.8757949952317383,0.8267287846468162,0.869889523650758,0.829980029500704,0.04906621058492211,0.03990949415005396,0.05714285714285714,0.33220338983050846,False,False,True
PRACTOLOL (BRD:BRD-A41304429-001-14-8),13,13,-0.6153846153846153,0.025167116551899325,negative,0.2777820489415888,False,True,True,,,,,,,,,,,,,,,
PRAZOSIN (BRD:BRD-K49111258-003-29-7),13,13,-0.2857142857142857,0.3440002182586698,negative,0.7411956513828063,False,False,False,,,,,,,,,,,,,,,
PREDNISOLONE-HEMISUCCINATE (BRD:BRD-A78391468-001-02-8),11,11,0.009090909090909092,0.9788365001441937,positive,0.9951893714922184,False,False,False,,,,,,,,,,,,,,,
PROFLAVINE-HEMISULFATE (BRD:BRD-K68408467-065-01-8),13,13,0.03296703296703297,0.9148564744875124,positive,0.9779882166736967,False,False,False,,,,,,,,,,,,,,,
PROPOXYCAINE (BRD:BRD-K18250272-003-11-0),11,11,-0.28181818181818186,0.40114489796047825,negative,0.7734882591591963,False,False,False,,,,,,,,,,,,,,,
PROPRANOLOL (BRD:BRD-A10070317-003-28-3),10,10,-0.5878787878787878,0.07387770688865808,negative,0.4158424847475296,False,False,True,,,,,,,,,,,,,,,
PROSCILLARIDIN-A (BRD:BRD-A11815689-001-01-1),13,13,0.39010989010989006,0.18757411613383787,positive,0.604994430854705,False,False,False,,,,,,,,,,,,,,,
PRT062070 (BRD:BRD-K25835157-001-01-4),13,13,0.34065934065934067,0.25470646075412523,positive,0.6765364408503279,False,False,False,,,,,,,,,,,,,,,
PSI-7976 (BRD:BRD-K05674516-001-01-7),15,15,0.017857142857142853,0.9496353041738619,positive,0.9893725661698659,False,False,False,,,,,,,,,,,,,,,
PTC-209 (BRD:BRD-K83834509-001-01-1),14,14,0.3406593406593406,0.23331605103682382,positive,0.6595505708441295,False,False,False,,,,,,,,,,,,,,,
PTEROSTILBENE (BRD:BRD-K53097745-001-01-5),15,15,0.24285714285714283,0.38312834183934164,positive,0.7663692375297371,False,False,False,,,,,,,,,,,,,,,
PU-H71 (BRD:BRD-K36529613-001-02-6),21,21,0.5753246753246753,0.006358310845714959,positive,0.1697360530283357,False,True,True,7.0,7.0,3.0,4.0,0.812378468680124,0.6810067332521464,0.785397385592913,0.6766688813012015,0.13137173542797753,0.10872850429171155,0.05714285714285714,0.33220338983050846,False,False,True
PUROMYCIN (BRD:BRD-A28970875-300-04-9),21,21,0.44285714285714284,0.04437704849154563,positive,0.3525300458925629,False,True,True,7.0,7.0,3.0,4.0,0.8394953483133439,0.7224616864784791,0.819886394641233,0.6846782741318005,0.11703366183486485,0.13520812050943254,0.22857142857142856,0.519205298013245,False,False,False
PYRITHIONE-ZINC (BRD:BRD-K16136380-001-01-7),21,21,0.3103896103896104,0.17087682060108259,positive,0.5932199448549884,False,False,False,8.0,8.0,3.0,5.0,0.6436685495287037,0.6158329267521758,0.63676921042251,0.605031764815242,0.027835622776527846,0.03173744560726799,0.7857142857142857,0.9556737588652482,False,False,False
PYROXAMIDE (BRD:BRD-K11663430-001-02-3),17,17,0.22549019607843138,0.3841966507618189,positive,0.7663692375297371,False,False,False,,,,,,,,,,,,,,,
R306465 (BRD:BRD-K86687746-001-01-3),15,15,0.08214285714285713,0.7710285652881773,positive,0.9382723639905493,False,False,False,,,,,,,,,,,,,,,
R406 (BRD:BRD-K20285085-074-04-5),16,16,-0.12058823529411765,0.6564245147485953,negative,0.8849203763710071,False,False,False,,,,,,,,,,,,,,,
R547 (BRD:BRD-K52233191-001-02-4),19,19,-0.03333333333333333,0.8922406862320765,negative,0.9746808320652924,False,False,False,7.0,7.0,3.0,4.0,0.7580281657268904,0.709595459445864,0.787791000761309,0.7177144111640366,0.04843270628102636,0.07007658959727248,0.4,0.638139534883721,False,False,False
RADEZOLID (BRD:BRD-K84683831-001-01-0),15,15,-0.05714285714285713,0.8396998687415759,negative,0.9601174438217321,False,False,False,,,,,,,,,,,,,,,
RAF265 (BRD:BRD-K93123848-001-04-1),16,16,-0.07647058823529412,0.778340980960703,negative,0.9382723639905493,False,False,False,,,,,,,,,,,,,,,
RALTITREXED (BRD:BRD-K89839824-001-05-3),21,21,0.38311688311688313,0.0864783097986004,positive,0.4348815721831591,False,False,True,8.0,8.0,3.0,5.0,0.659368010278934,0.5221541507552085,0.661146030816401,0.53745474719539,0.13721385952372545,0.123691283621011,0.14285714285714285,0.3951612903225806,False,False,False
RAPAMYCIN (BRD:BRD-K84937637-001-09-9),22,22,-0.35855448898927167,0.10129346168754431,negative,0.466494998120727,False,False,False,8.0,8.0,3.0,5.0,0.4679611634483223,0.5609489855496502,0.533544661589041,0.607361260990438,-0.09298782210132794,-0.07381659940139695,0.39285714285714285,0.638139534883721,False,False,False
REGORAFENIB (BRD:BRD-K16730910-001-10-7),16,16,-0.06176470588235294,0.8202418775044894,negative,0.949244531895759,False,False,False,7.0,7.0,3.0,4.0,0.9524105339676182,0.9574446963202774,0.9683312108391148,0.9782953685054023,-0.005034162352659188,-0.009964157666287554,0.8571428571428571,0.9639344262295081,False,False,False
REPSOX (BRD:BRD-K80480517-001-02-4),15,15,-0.33928571428571425,0.2160289253419548,negative,0.6379717092874452,False,False,False,,,,,,,,,,,,,,,
RESMINOSTAT (BRD:BRD-K28822270-001-03-7),17,17,-0.16666666666666669,0.5226031535880373,negative,0.8235977272609553,False,False,False,,,,,,,,,,,,,,,
RHEOCHRYSIDIN (BRD:BRD-K67772619-001-05-1),15,15,0.2678571428571428,0.3344436005123539,positive,0.7346111921701703,False,False,False,,,,,,,,,,,,,,,
RIBOCICLIB (BRD:BRD-K36788280-001-01-2),14,14,-0.3450549450549451,0.2269486800417004,negative,0.6591963305158601,False,False,False,,,,,,,,,,,,,,,
RIFAMPIN (BRD:BRD-K01507359-001-22-9),15,15,0.37499999999999994,0.16843274984674547,positive,0.5925343351182322,False,False,False,,,,,,,,,,,,,,,
RIGOSERTIB (BRD:BRD-K55187425-236-05-2),13,13,0.576923076923077,0.038992623432448296,positive,0.334276567872348,False,True,True,,,,,,,,,,,,,,,
RITA (BRD:BRD-K00317371-001-06-1),18,18,-0.25902992776057787,0.29930484205263064,negative,0.7142869608985752,False,False,False,,,,,,,,,,,,,,,
RN-1734 (BRD:BRD-K95581532-001-01-5),20,20,-0.12932330827067667,0.586852724489982,negative,0.8494933700404166,False,False,False,8.0,8.0,3.0,5.0,0.797374965367363,0.8315920530180205,0.804256036050657,0.796652067799248,-0.03421708765065756,0.007603968251408966,0.7857142857142857,0.9556737588652482,False,False,False
RO-106-9920 (BRD:BRD-A53134341-001-03-2),22,22,-0.014116318464144554,0.9502846499817856,negative,0.9893725661698659,False,False,False,8.0,8.0,3.0,5.0,0.7677994586650443,0.7935428010196254,0.783920931203682,0.776203857053211,-0.02574334235458109,0.0077170741504709595,1.0,1.0,False,False,False
RO-4987655 (BRD:BRD-K64538373-001-01-4),19,19,0.03859649122807017,0.8753438786249873,positive,0.9697975468329533,False,False,False,,,,,,,,,,,,,,,
RO-9187 (BRD:BRD-K57284066-001-01-6),18,18,-0.21362229102167182,0.3946884572555505,negative,0.771039618930644,False,False,False,7.0,7.0,3.0,4.0,0.8687426549406777,0.89931903611296,0.850178241590057,0.8988057458266661,-0.03057638117228234,-0.04862750423660911,0.4,0.638139534883721,False,False,False
ROCILETINIB (BRD:BRD-K33610132-001-02-9),13,13,-0.16483516483516483,0.590478988652005,negative,0.853343612078102,False,False,False,6.0,6.0,3.0,3.0,0.9129228693052284,0.909772332576365,0.8889398743951239,0.9339958189763942,0.00315053672886334,-0.04505594458127027,1.0,1.0,False,False,False
ROMIDEPSIN (BRD:BRD-K61397605-001-03-4),21,21,0.18051948051948052,0.433594674982858,positive,0.7797639470669321,False,False,False,7.0,7.0,3.0,4.0,0.2228906348845663,0.20169758989572,0.224766156296047,0.2024738037082015,0.021193044988846305,0.022292352587845482,0.8571428571428571,0.9639344262295081,False,False,False
RS-16566 (BRD:BRD-K80725821-300-02-9),17,17,0.25490196078431376,0.3234600340651103,positive,0.7331363636513977,False,False,False,,,,,,,,,,,,,,,
RS-17053 (BRD:BRD-K76840893-003-02-5),21,21,-0.22987012987012984,0.3161498376663409,negative,0.7273113963580073,False,False,False,8.0,8.0,3.0,5.0,0.9083077888555238,0.8955919671340062,0.90205071387249,0.913284912500934,0.012715821721517528,-0.011234198628443992,1.0,1.0,False,False,False
RS-504393 (BRD:BRD-K87510569-001-02-8),12,12,-0.20979020979020982,0.512840943181826,negative,0.8207631080131814,False,False,False,,,,,,,,,,,,,,,
RU-58841 (BRD:BRD-K62762455-001-01-3),10,10,-0.35757575757575755,0.31037609170568026,negative,0.7273113963580073,False,False,False,,,,,,,,,,,,,,,
RUBITECAN (BRD:BRD-K79821389-001-03-5),22,22,0.4477696216826652,0.03664259102857066,positive,0.3270828544447713,False,True,True,8.0,8.0,3.0,5.0,0.7080956866117353,0.34967117231372435,0.680077380953283,0.352580052073241,0.3584245142980109,0.32749732888004196,0.03571428571428571,0.33220338983050846,False,True,True
RUTIN (BRD:BRD-K20482099-001-09-4),18,18,-0.20330237358101136,0.4184467334719627,negative,0.7778704540120908,False,False,False,7.0,7.0,3.0,4.0,0.8527632642235491,0.8333396809356283,0.831237584674524,0.8639235427350775,0.01942358328792082,-0.03268595806055352,0.8571428571428571,0.9639344262295081,False,False,False
RUXOLITINIB (BRD:BRD-K53972329-001-07-0),16,16,0.1411764705882353,0.6020026838819792,positive,0.8544481574931787,False,False,False,,,,,,,,,,,,,,,
RYUVIDINE (BRD:BRD-K06426971-001-02-7),22,22,0.31451157538114066,0.1539966672539892,positive,0.5677037801887282,False,False,False,8.0,8.0,3.0,5.0,0.901688986389899,0.8432871461966753,0.856080592766053,0.82899399448347,0.0584018401932237,0.027086598282582974,0.39285714285714285,0.638139534883721,False,False,False
SALINOMYCIN (BRD:BRD-A28301258-001-03-0),15,15,0.3285714285714285,0.23180969720615963,positive,0.6595505708441295,False,False,False,7.0,7.0,3.0,4.0,0.8810477251152636,0.80690369896812,0.871886900594688,0.7951506850343935,0.07414402614714366,0.07673621556029453,0.11428571428571428,0.3733333333333333,False,False,False
SANGIVAMYCIN (BRD:BRD-A64064900-001-02-3),16,16,0.6970588235294117,0.0026905894025605944,positive,0.14848690265381279,False,True,True,,,,,,,,,,,,,,,
SAR131675 (BRD:BRD-K38904395-001-02-3),14,14,0.367032967032967,0.19673887170748847,positive,0.6204300847061154,False,False,False,,,,,,,,,,,,,,,
SAR245409 (BRD:BRD-K56291712-001-01-0),16,16,-0.13823529411764704,0.6096659407501827,negative,0.8589880702511523,False,False,False,,,,,,,,,,,,,,,
SARAFLOXACIN (BRD:BRD-K08525451-003-05-2),13,13,0.1758241758241758,0.5655798619595344,positive,0.8379312384400485,False,False,False,6.0,6.0,3.0,3.0,0.8833869800749931,0.8760782740538947,0.849251168827295,0.850808520221114,0.0073087060210983434,-0.001557351393818962,1.0,1.0,False,False,False
SATRAPLATIN (BRD:BRD-K42497885-001-01-1),14,14,0.745054945054945,0.002230037316742074,positive,0.14848690265381279,False,True,True,,,,,,,,,,,,,,,
SB-200646 (BRD:BRD-K77677632-003-02-6),15,15,0.014285714285714282,0.9596997645989476,positive,0.9893725661698659,False,False,False,,,,,,,,,,,,,,,
SB-205384 (BRD:BRD-A22707317-001-10-8),15,15,-0.010714285714285713,0.9697698761545686,negative,0.9917954842683878,False,False,False,,,,,,,,,,,,,,,
SB-216641 (BRD:BRD-K30867024-003-03-3),18,18,0.09184726522187822,0.7170028416617739,positive,0.9197616372409537,False,False,False,7.0,7.0,3.0,4.0,0.9068637119939601,0.91363448231255,0.946433405579833,0.919270263417153,-0.006770770318589858,0.02716314216268001,0.6285714285714286,0.8589641434262948,False,False,False
SB-218078 (BRD:BRD-A06352508-001-03-7),13,13,0.20329670329670327,0.5053147342962485,positive,0.8112598370610681,False,False,False,,,,,,,,,,,,,,,
SB-218795 (BRD:BRD-K61097567-001-08-5),14,14,0.2967032967032967,0.302966723838702,positive,0.720518171075762,False,False,False,,,,,,,,,,,,,,,
SB-225002 (BRD:BRD-K61323504-001-04-0),14,14,-0.054945054945054944,0.8520077036323678,negative,0.9639855930264206,False,False,False,,,,,,,,,,,,,,,
SB-2343 (BRD:BRD-K98795921-001-01-7),22,22,-0.3709768492377189,0.08918063289216062,negative,0.4396312173203439,False,False,True,8.0,8.0,3.0,5.0,0.683976524787647,0.7190771073582664,0.70133456232178,0.74382061532736,-0.03510058257061932,-0.04248605300557995,0.25,0.5196969696969697,False,False,False
SB-239063 (BRD:BRD-K82091397-001-03-0),16,16,0.1411764705882353,0.6020026838819792,positive,0.8544481574931787,False,False,False,,,,,,,,,,,,,,,
SB-431542 (BRD:BRD-K67298865-001-09-0),21,21,-0.14285714285714285,0.5367409296165598,negative,0.8343473658608532,False,False,False,8.0,8.0,3.0,5.0,0.8505664574266013,0.7863874946436604,0.795235540405384,0.843283856733389,0.06417896278294088,-0.04804831632800499,1.0,1.0,False,False,False
SB-505124 (BRD:BRD-K40109029-001-02-9),16,16,-0.4441176470588235,0.08482274417741573,negative,0.4304510523486097,False,False,True,,,,,,,,,,,,,,,
SB-525334 (BRD:BRD-K37720887-001-07-8),13,13,-0.12087912087912088,0.6940473279966857,negative,0.9086723568633107,False,False,False,,,,,,,,,,,,,,,
SB-939 (BRD:BRD-K86797399-001-05-1),22,22,0.4138904573687183,0.05550702963051303,positive,0.3741428027766642,False,False,True,8.0,8.0,3.0,5.0,0.685375068813991,0.5612281614165465,0.650154727537464,0.520455584082882,0.1241469073974445,0.129699143454582,0.39285714285714285,0.638139534883721,False,False,False
SC-144 (BRD:BRD-K55305701-001-01-2),10,10,0.16363636363636364,0.6514773427962428,positive,0.882292168234789,False,False,False,,,,,,,,,,,,,,,
SCH-900776 (BRD:BRD-K75009076-001-02-1),14,14,0.16483516483516483,0.5733464050131384,positive,0.8395769081701513,False,False,False,,,,,,,,,,,,,,,
SCRIPTAID (BRD:BRD-K22503835-001-11-0),20,20,-0.3278195488721804,0.1582438682640637,negative,0.5687870218257833,False,False,False,7.0,7.0,3.0,4.0,0.8708843454734453,0.8814179015807255,0.871645810412529,0.8889614512011175,-0.01053355610728024,-0.017315640788588493,0.8571428571428571,0.9639344262295081,False,False,False
SCS (BRD:BRD-K78496197-001-03-9),10,10,0.01818181818181818,0.9602404181286242,positive,0.9893725661698659,False,False,False,,,,,,,,,,,,,,,
SDZ-WAG-994 (BRD:BRD-K39558284-001-01-2),17,17,0.08088235294117649,0.7576329086921563,positive,0.9338387100159996,False,False,False,7.0,7.0,3.0,4.0,0.9525643574248677,0.9449151006277721,0.961512302866341,0.9458583526072606,0.007649256797095605,0.01565395025908045,0.6285714285714286,0.8589641434262948,False,False,False
SECNIDAZOLE (BRD:BRD-A70083328-001-23-5),13,13,-0.24175824175824176,0.4261755195945088,negative,0.7784837999874641,False,False,False,,,,,,,,,,,,,,,
SELINEXOR (BRD:BRD-K21361524-001-01-1),21,21,0.4948051948051948,0.022583594997581564,positive,0.26718639931158167,False,True,True,8.0,8.0,3.0,5.0,0.643584330733708,0.5378210446685099,0.604393099452461,0.523277949546691,0.10576328606519814,0.08111514990576996,0.14285714285714285,0.3951612903225806,False,False,False
SEMAXANIB (BRD:BRD-K63504947-001-14-7),12,12,0.0,1.0,zero,1.0,False,False,False,,,,,,,,,,,,,,,
SEPANTRONIUM BROMIDE (BRD:BRD-K76703230-004-04-1),22,22,0.5821569734613213,0.004475556134260241,positive,0.16434076220750218,False,True,True,8.0,8.0,3.0,5.0,0.468680569787312,0.1553241479433082,0.431122393535902,0.129887348005173,0.3133564218440038,0.301235045530729,0.03571428571428571,0.33220338983050846,False,True,True
SERTINDOLE (BRD:BRD-K69116396-001-04-1),16,16,0.10294117647058824,0.7044103818167708,positive,0.912015201091215,False,False,False,,,,,,,,,,,,,,,
SEVOFLURANE (BRD:BRD-K05638300-001-01-2),18,18,0.3519091847265222,0.15210693918997698,positive,0.5677037801887282,False,False,False,,,,,,,,,,,,,,,
SGI-1027 (BRD:BRD-K61228301-001-01-2),21,21,0.13766233766233765,0.551800840604731,positive,0.8343473658608532,False,False,False,8.0,8.0,3.0,5.0,0.8472512091750151,0.8125917027678407,0.836396388134065,0.814634209933041,0.03465950640717441,0.021762178201023996,0.39285714285714285,0.638139534883721,False,False,False
SID-7969543 (BRD:BRD-A43885598-001-08-1),10,10,0.49090909090909085,0.1496556734208368,positive,0.5647263232076876,False,False,False,,,,,,,,,,,,,,,
SIMVASTATIN (BRD:BRD-K22134346-001-24-9),17,17,0.21568627450980393,0.4057406886339276,positive,0.7737991966819828,False,False,False,8.0,8.0,3.0,5.0,0.963621633996565,0.9245155346537711,0.966067092132571,0.915698336985501,0.039106099342793854,0.050368755147070066,0.25,0.5196969696969697,False,False,False
SKF-96365 (BRD:BRD-A72703248-003-04-9),19,19,0.22807017543859648,0.3476780092350395,positive,0.7451448595983977,False,False,False,7.0,7.0,3.0,4.0,0.8086164668389113,0.788440558622777,0.816881760247639,0.7933849131180855,0.020175908216134353,0.023496847129553577,0.4,0.638139534883721,False,False,False
SKI-II (BRD:BRD-K20755323-001-05-9),12,12,-0.15384615384615385,0.6330906812462617,negative,0.8680420365534922,False,False,False,,,,,,,,,,,,,,,
SN38 (BRD:BRD-K89561498-001-01-7),16,16,0.6088235294117647,0.012315203198246461,positive,0.22192498824595153,False,True,True,6.0,6.0,3.0,3.0,0.5358350122469037,0.17759078632921513,0.501360615378125,0.169698476465036,0.35824422591768856,0.33166213891308904,0.1,0.3733333333333333,False,False,False
SNS-314 (BRD:BRD-K71512533-066-02-8),16,16,-0.014705882352941175,0.9568919240316421,negative,0.9893725661698659,False,False,False,,,,,,,,,,,,,,,
SNX 2112 (BRD:BRD-K71281111-001-04-3),21,21,0.287012987012987,0.20714101817766592,positive,0.6306617630108551,False,False,False,7.0,7.0,3.0,4.0,0.5581990238961426,0.40952293520893773,0.505839707010125,0.42600093675239303,0.1486760886872049,0.079838770257732,0.22857142857142856,0.519205298013245,False,False,False
SNX-5422 (BRD:BRD-K73197500-001-02-2),15,15,-0.03214285714285714,0.9094621170945906,negative,0.9779882166736967,False,False,False,,,,,,,,,,,,,,,
SODIUM-STIBOGLUCONATE (BRD:BRD-A60786380-412-01-5),15,15,0.16785714285714282,0.5498555542278021,positive,0.8343473658608532,False,False,False,,,,,,,,,,,,,,,
SPARFLOXACIN (BRD:BRD-K07612980-001-05-3),15,15,-0.24285714285714283,0.38312834183934164,negative,0.7663692375297371,False,False,False,,,,,,,,,,,,,,,
SPERMIDINE (BRD:BRD-K40438880-305-06-6),16,16,-0.4705882352941176,0.06581947250108111,negative,0.3953645865200994,False,False,True,,,,,,,,,,,,,,,
SPERMINE (BRD:BRD-K18375018-376-02-3),16,16,0.0058823529411764705,0.9827505044191351,positive,0.9951893714922184,False,False,False,,,,,,,,,,,,,,,
SPIRADOLINE (BRD:BRD-K28192623-066-08-1),18,18,0.6429308565531475,0.004002006540262527,positive,0.15757362130174973,False,True,True,6.0,6.0,3.0,3.0,0.8928286120341017,0.7424628073016574,0.881127908658235,0.738682049003092,0.15036580473244432,0.142445859655143,0.1,0.3733333333333333,False,False,False
SPIRONOLACTONE (BRD:BRD-K90027355-001-13-3),20,20,0.6240601503759398,0.0032741072368306203,positive,0.15190769301653867,False,True,True,7.0,7.0,3.0,4.0,0.8424804735535923,0.8015202406578298,0.838032202888164,0.80559695202089,0.04096023289576256,0.03243525086727406,0.05714285714285714,0.33220338983050846,False,False,True
SR-33805 (BRD:BRD-K43002771-034-01-6),15,15,-0.05357142857142857,0.8496099367776072,negative,0.9639855930264206,False,False,False,,,,,,,,,,,,,,,
SRT1720 (BRD:BRD-K95926480-003-03-6),19,19,0.13508771929824562,0.5813619464266702,positive,0.8429270914527911,False,False,False,,,,,,,,,,,,,,,
STATTIC (BRD:BRD-K17061841-001-03-5),21,21,0.3090909090909091,0.17276827264194697,positive,0.5932199448549884,False,False,False,7.0,7.0,3.0,4.0,0.9213277361405546,0.8744444975037458,0.936843965498405,0.8680446095696335,0.04688323863680888,0.06879935592877151,0.11428571428571428,0.3733333333333333,False,False,False
STF-118804 (BRD:BRD-K39171998-001-01-1),21,21,0.04025974025974026,0.8624424916554133,positive,0.9666466640636846,False,False,False,7.0,7.0,3.0,4.0,0.712823294223265,0.679954428462012,0.692244181227428,0.6785307887725945,0.03286886576125292,0.013713392454833495,0.6285714285714286,0.8589641434262948,False,False,False
SU014813 (BRD:BRD-K75911534-001-01-6),15,15,-0.039285714285714285,0.8894459296739486,negative,0.9746808320652924,False,False,False,,,,,,,,,,,,,,,
SU3327 (BRD:BRD-K32730239-001-01-0),22,22,0.07622811970638058,0.7359946162262682,positive,0.9231732340606531,False,False,False,8.0,8.0,3.0,5.0,0.8686505691577143,0.8537504904672513,0.854967131058471,0.879899362607472,0.014900078690463059,-0.024932231549001038,0.7857142857142857,0.9556737588652482,False,False,False
SULCONAZOLE (BRD:BRD-A70649075-008-30-8),22,22,0.14398644833427443,0.5226413445457572,positive,0.8235977272609553,False,False,False,8.0,8.0,3.0,5.0,0.9085733333138176,0.9021784087668484,0.909861816166308,0.904067449162025,0.006394924546969216,0.005794367004283041,1.0,1.0,False,False,False
SULFABENZAMIDE (BRD:BRD-K59983611-001-21-9),12,12,0.2657342657342658,0.4038330883147116,positive,0.7734882591591963,False,False,False,,,,,,,,,,,,,,,
SULFANILAMIDE (BRD:BRD-K02594908-001-16-4),14,14,-0.06813186813186813,0.8169838797817922,negative,0.9492062708517403,False,False,False,,,,,,,,,,,,,,,
SUXIBUZONE (BRD:BRD-K78815826-001-14-6),11,11,-0.29090909090909095,0.3854569696913654,negative,0.7663692375297371,False,False,False,,,,,,,,,,,,,,,
TACEDINALINE (BRD:BRD-K52313696-001-12-3),17,17,0.17647058823529413,0.49806765732373415,positive,0.807040166382094,False,False,False,,,,,,,,,,,,,,,
TAK-285 (BRD:BRD-K80343549-001-02-6),19,19,0.08596491228070174,0.7263970439793996,positive,0.9212238582232287,False,False,False,6.0,6.0,3.0,3.0,0.8861566489419189,0.8729615647921384,0.898205969070218,0.891176965159757,0.013195084149780545,0.007029003910461018,0.7,0.9164122137404579,False,False,False
TAK-632 (BRD:BRD-K31866293-001-01-6),21,21,0.27662337662337666,0.22479050345941629,positive,0.6550825562860216,False,False,False,7.0,7.0,3.0,4.0,0.8491914637937213,0.8185166623647977,0.857167777028559,0.804120941175769,0.030674801428923648,0.05304683585278991,0.6285714285714286,0.8589641434262948,False,False,False
TAK-733 (BRD:BRD-K26667523-001-02-5),18,18,0.2961816305469556,0.23271685741068446,positive,0.6595505708441295,False,False,False,,,,,,,,,,,,,,,
TAK-901 (BRD:BRD-K01683783-001-02-6),22,22,0.2377188029361943,0.2867488375178757,positive,0.7068166923000795,False,False,False,8.0,8.0,3.0,5.0,0.874426609485759,0.7256615598709993,0.899338667571752,0.722483970096204,0.14876504961475967,0.17685469747554794,0.07142857142857142,0.35,False,False,True
TALAZOPARIB (BRD:BRD-K95142244-001-01-5),11,11,0.33636363636363636,0.31182431390038634,positive,0.7273113963580073,False,False,False,,,,,,,,,,,,,,,
TALMAPIMOD (BRD:BRD-K17555800-003-02-3),10,10,0.05454545454545454,0.8810361811618526,positive,0.9736607609085305,False,False,False,,,,,,,,,,,,,,,
TALTOBULIN (BRD:BRD-K87512222-019-01-7),15,15,0.18214285714285713,0.5158816817070393,positive,0.8207631080131814,False,False,False,,,,,,,,,,,,,,,
TAMIBAROTENE (BRD:BRD-K36627727-001-05-4),12,12,-0.41958041958041964,0.1745190081300594,negative,0.5932199448549884,False,False,False,,,,,,,,,,,,,,,
TANAPROGET (BRD:BRD-K99604664-001-01-1),16,16,0.5235294117647059,0.037412648130149384,positive,0.3270828544447713,False,True,True,,,,,,,,,,,,,,,
TANSHINONE-I (BRD:BRD-K34073885-001-09-3),17,17,0.05392156862745098,0.8371514461082936,positive,0.9587609946999005,False,False,False,,,,,,,,,,,,,,,
TAS-103 (BRD:BRD-K09426783-300-01-0),19,19,-0.07017543859649124,0.7752817747006227,negative,0.9382723639905493,False,False,False,,,,,,,,,,,,,,,
TASELISIB (BRD:BRD-K44844162-001-01-6),19,19,-0.5280701754385965,0.020124315761969946,negative,0.2588831710841135,False,True,True,7.0,7.0,3.0,4.0,0.6779779684704271,0.8451985543210332,0.689572764797527,0.84208654449127,-0.16722058585060606,-0.1525137796937429,0.05714285714285714,0.33220338983050846,False,False,True
TASISULAM (BRD:BRD-K42495768-001-01-7),14,14,0.09010989010989012,0.7593388378159543,positive,0.9338387100159996,False,False,False,,,,,,,,,,,,,,,
TEDIZOLID (BRD:BRD-K59436580-001-01-7),16,16,0.19117647058823528,0.47816401281702847,positive,0.8011742377939964,False,False,False,7.0,7.0,3.0,4.0,0.907841639055604,0.8403796112227258,0.89011142412797,0.82397417857204,0.06746202783287825,0.06613724555592992,0.22857142857142856,0.519205298013245,False,False,False
TEDIZOLID-PHOSPHATE (BRD:BRD-K89121095-001-01-7),20,20,-0.003007518796992481,0.989959729518499,negative,0.9970679177476885,False,False,False,,,,,,,,,,,,,,,
TEMAZEPAM (BRD:BRD-A93093700-001-02-9),15,15,0.25,0.3688462917839305,positive,0.758049607842563,False,False,False,,,,,,,,,,,,,,,
TEMSIROLIMUS (BRD:BRD-K42898655-001-01-8),15,15,-0.22142857142857136,0.42771371901637,negative,0.7784837999874641,False,False,False,6.0,6.0,3.0,3.0,0.7651822763066104,0.7989796117580447,0.7792637290427685,0.8671091504568661,-0.03379733545143426,-0.08784542141409757,0.7,0.9164122137404579,False,False,False
TENIPOSIDE (BRD:BRD-A35588707-001-05-5),18,18,0.13106295149638802,0.6041941281040611,positive,0.8544481574931787,False,False,False,,,,,,,,,,,,,,,
TENOVIN-6 (BRD:BRD-K13949769-001-01-7),21,21,0.287012987012987,0.20714101817766592,positive,0.6306617630108551,False,False,False,7.0,7.0,3.0,4.0,0.88656165794286,0.839588521226558,0.879167715104804,0.8658245586018765,0.04697313671630199,0.0133431565029275,0.4,0.638139534883721,False,False,False
TEPOXALIN (BRD:BRD-K89714990-001-01-5),10,10,0.28484848484848485,0.4250381548921454,positive,0.7784837999874641,False,False,False,,,,,,,,,,,,,,,
TEPRENONE (BRD:BRD-K11510141-001-01-8),14,14,0.03736263736263736,0.8990930969739669,positive,0.9746808320652924,False,False,False,,,,,,,,,,,,,,,
TERFENADINE (BRD:BRD-A06352418-001-25-9),16,16,-0.2058823529411765,0.4442846410521442,negative,0.780776068598229,False,False,False,,,,,,,,,,,,,,,
TERIFLUNOMIDE (BRD:BRD-A42699921-001-03-6),16,16,0.09705882352941177,0.7206513082372035,positive,0.9197616372409537,False,False,False,,,,,,,,,,,,,,,
TEROXIRONE (BRD:BRD-A39935389-001-05-9),21,21,0.30129870129870134,0.18441900148730597,positive,0.604994430854705,False,False,False,8.0,8.0,3.0,5.0,0.829327069358119,0.6455254666514453,0.821925067393445,0.719336038028659,0.18380160270667367,0.10258902936478598,0.14285714285714285,0.3951612903225806,False,False,False
TETRAMETHYLTHIURAM-MONOSULFIDE (BRD:BRD-K36889451-001-01-1),16,16,0.2058823529411765,0.4442846410521442,positive,0.780776068598229,False,False,False,7.0,7.0,3.0,4.0,0.7806002318059716,0.7861390992412671,0.839541013955078,0.7849943819907259,-0.005538867435295525,0.054546631964352055,0.6285714285714286,0.8589641434262948,False,False,False
TETRANDRINE (BRD:BRD-K08078237-001-19-8),19,19,0.18947368421052632,0.43721498110006213,positive,0.7799208652754643,False,False,False,,,,,,,,,,,,,,,
TG-02 (BRD:BRD-K14560436-001-01-4),22,22,0.3867871259175608,0.07536283227083158,positive,0.4158424847475296,False,False,True,8.0,8.0,3.0,5.0,0.832573520395466,0.77641608668338,0.825630273612264,0.7827151001063,0.056157433712085925,0.04291517350596408,0.03571428571428571,0.33220338983050846,False,True,True
TG-100572 (BRD:BRD-K18424115-003-01-3),21,21,-0.13376623376623376,0.5632192812726847,negative,0.8379312384400485,False,False,False,8.0,8.0,3.0,5.0,0.8104850604414784,0.8373210829929987,0.828725724191512,0.844429319593062,-0.02683602255152029,-0.015703595401549975,0.5714285714285714,0.8340425531914892,False,False,False
TG-100713 (BRD:BRD-K46392623-001-02-5),19,19,-0.07543859649122807,0.7588868686262759,negative,0.9338387100159996,False,False,False,7.0,7.0,3.0,4.0,0.8814767811854587,0.8832523980687432,0.839666737399028,0.8954177545224196,-0.0017756168832845365,-0.05575101712339159,1.0,1.0,False,False,False
TG-101209 (BRD:BRD-K39841531-001-02-1),15,15,0.24642857142857136,0.37595051597380513,positive,0.7641955766791809,False,False,False,,,,,,,,,,,,,,,
TH-302 (BRD:BRD-K20958582-001-01-4),15,15,0.2285714285714285,0.4125661704963605,positive,0.7778704540120908,False,False,False,,,,,,,,,,,,,,,
THEOPHYLLINE (BRD:BRD-K97799481-001-16-0),17,17,0.002450980392156863,0.9925511887884692,positive,0.9970679177476885,False,False,False,7.0,7.0,3.0,4.0,0.9103142298134084,0.8881485732078378,0.891701888935013,0.884231918154568,0.02216565660557057,0.007469970780444979,0.4,0.638139534883721,False,False,False
THIAMINE (BRD:BRD-K95785345-300-14-8),16,16,-0.31764705882352945,0.2305734636218452,negative,0.6595505708441295,False,False,False,,,,,,,,,,,,,,,
THIOMERSAL (BRD:BRD-K61443650-236-13-1),22,22,-0.12817617165443254,0.569722895073283,negative,0.8395769081701513,False,False,False,8.0,8.0,3.0,5.0,0.8913911470469994,0.9046751529725269,0.93771987517286,0.909829370959147,-0.013284005925527476,0.027890504213713085,0.7857142857142857,0.9556737588652482,False,False,False
THIOSTREPTON (BRD:BRD-K58049875-001-04-7),19,19,0.3666666666666667,0.12256059977421578,positive,0.5122689187573556,False,False,False,7.0,7.0,3.0,4.0,0.8450434935618126,0.798375223520003,0.825175344018303,0.7876042786112465,0.04666827004180962,0.03757106540705646,0.22857142857142856,0.519205298013245,False,False,False
THIRAM (BRD:BRD-K29254801-001-14-7),19,19,-0.07368421052631578,0.7643412715216654,negative,0.9360795322519148,False,False,False,6.0,6.0,3.0,3.0,0.588295382026763,0.5813282022490084,0.571370073286473,0.531043506360365,0.0069671797777546285,0.04032656692610803,0.7,0.9164122137404579,False,False,False
THONZONIUM (BRD:BRD-K13387373-004-14-5),20,20,0.5729323308270676,0.008278787429483691,positive,0.1827542325058525,False,True,True,7.0,7.0,3.0,4.0,0.8555134717212715,0.8139741831003743,0.845606351211676,0.8112856370495525,0.041539288620897175,0.03432071416212357,0.11428571428571428,0.3733333333333333,False,False,False
TIDEGLUSIB (BRD:BRD-K81330143-001-04-8),15,15,0.11071428571428568,0.6944626472070964,positive,0.9086723568633107,False,False,False,,,,,,,,,,,,,,,
TIOGUANINE (BRD:BRD-K75649340-001-13-1),13,13,-0.03296703296703297,0.9148564744875124,negative,0.9779882166736967,False,False,False,,,,,,,,,,,,,,,
TIOTIDINE (BRD:BRD-K15071410-001-01-1),15,15,0.08214285714285713,0.7710285652881773,positive,0.9382723639905493,False,False,False,,,,,,,,,,,,,,,
TIPIFARNIB (BRD:BRD-K62965247-001-04-9),19,19,0.4350877192982456,0.06263930438145028,positive,0.3841007345056986,False,False,True,6.0,6.0,3.0,3.0,0.8869601446993931,0.7061402043144547,0.910466430704835,0.662278042252559,0.18081994038493843,0.24818838845227598,0.1,0.3733333333333333,False,False,False
TIPIRACIL (BRD:BRD-K11973162-003-01-8),21,21,-0.10259740259740259,0.6580970577075416,negative,0.8858227163959744,False,False,False,8.0,8.0,3.0,5.0,0.821595975836659,0.8325954655998695,0.823851893871974,0.826909002177011,-0.010999489763210524,-0.0030571083050370262,0.7857142857142857,0.9556737588652482,False,False,False
TIPRANAVIR (BRD:BRD-A10039652-001-01-2),10,10,0.06666666666666665,0.8548130882487427,positive,0.9639855930264206,False,False,False,,,,,,,,,,,,,,,
TIVANTINIB (BRD:BRD-K33379087-001-07-5),18,18,0.5583075335397317,0.01603820039772077,positive,0.2441677750204731,False,True,True,,,,,,,,,,,,,,,
TMC-353121 (BRD:BRD-K66097663-001-01-8),20,20,-0.306766917293233,0.18832319847855758,negative,0.604994430854705,False,False,False,7.0,7.0,3.0,4.0,0.8410768331680093,0.8791894890668878,0.840323804683925,0.8855460867534275,-0.03811265589887847,-0.04522228206950252,0.22857142857142856,0.519205298013245,False,False,False
TOFOGLIFLOZIN (BRD:BRD-K96344439-002-02-7),10,10,-0.17575757575757575,0.6271883447764846,negative,0.8680420365534922,False,False,False,,,,,,,,,,,,,,,
TOPOTECAN (BRD:BRD-K55696337-003-24-4),22,22,0.5652173913043479,0.006122602001517651,positive,0.1697360530283357,False,True,True,8.0,8.0,3.0,5.0,0.7622127853506823,0.4499552730166959,0.77099657049264,0.489008464271443,0.31225751233398635,0.281988106221197,0.03571428571428571,0.33220338983050846,False,True,True
TOREMIFENE (BRD:BRD-K51350053-048-16-5),21,21,0.2324675324675325,0.31055989862791317,positive,0.7273113963580073,False,False,False,8.0,8.0,3.0,5.0,0.9004757787401436,0.895147855859139,0.922118470791066,0.905869408763809,0.0053279228810045876,0.016249062027257066,0.5714285714285714,0.8340425531914892,False,False,False
TORIN-1 (BRD:BRD-K40175214-001-11-6),22,22,-0.383399209486166,0.07817838660087374,negative,0.41825598861034996,False,False,True,8.0,8.0,3.0,5.0,0.5760835375406704,0.6259778257929789,0.575784801737212,0.629873193387972,-0.04989428825230846,-0.05408839165075996,0.39285714285714285,0.638139534883721,False,False,False
TORIN-2 (BRD:BRD-K68174511-001-06-6),21,21,-0.24545454545454545,0.28351670883126684,negative,0.7032170053314849,False,False,False,7.0,7.0,3.0,4.0,0.6355811176060869,0.6448702935806996,0.634144006899979,0.6367206064355015,-0.009289175974612651,-0.0025765995355225835,1.0,1.0,False,False,False
TOSEDOSTAT (BRD:BRD-K92241597-001-06-0),21,21,0.4051948051948052,0.0684236454174195,positive,0.4082302628620367,False,False,True,,,,,,,,,,,,,,,
TPCA-1 (BRD:BRD-K51575138-001-13-2),16,16,0.37941176470588234,0.1472271338628926,positive,0.5647263232076876,False,False,False,,,,,,,,,,,,,,,
TRANILAST (BRD:BRD-K17849083-001-32-9),21,21,0.43636363636363634,0.04796935978332507,positive,0.3525300458925629,False,True,True,,,,,,,,,,,,,,,
TRAPIDIL (BRD:BRD-K95763993-001-19-3),14,14,0.24835164835164836,0.3919195389384575,positive,0.7690332286281288,False,False,False,,,,,,,,,,,,,,,
TREMORINE (BRD:BRD-K08619838-300-05-7),18,18,-0.29411764705882354,0.23614329729664102,negative,0.6598561123827026,False,False,False,6.0,6.0,3.0,3.0,0.8456790265387264,0.8686801946163163,0.84631315739747,0.847893505309186,-0.023001168077589895,-0.001580347911715907,0.7,0.9164122137404579,False,False,False
TRIAPINE (BRD:BRD-K01669786-001-02-2),20,20,0.27368421052631575,0.24296636906130653,positive,0.6680064625656237,False,False,False,,,,,,,,,,,,,,,
TRICHOSTATIN-A (BRD:BRD-K68202742-001-16-5),19,19,0.1701754385964912,0.4860995397874448,positive,0.804321107938609,False,False,False,7.0,7.0,3.0,4.0,0.5995024707110407,0.5856813030692964,0.600229491344508,0.564754326268657,0.013821167641744236,0.03547516507585102,0.4,0.638139534883721,False,False,False
TRICIRIBINE (BRD:BRD-K80431395-001-07-3),21,21,-0.04155844155844156,0.858047776266044,negative,0.9656166069742551,False,False,False,,,,,,,,,,,,,,,
TRICLABENDAZOLE (BRD:BRD-K81916719-001-13-9),20,20,-0.03609022556390977,0.8799311955207729,negative,0.9736582025624593,False,False,False,,,,,,,,,,,,,,,
TRIFLURIDINE (BRD:BRD-K03243820-001-23-8),19,19,0.1456140350877193,0.5519696732095334,positive,0.8343473658608532,False,False,False,,,,,,,,,,,,,,,
TRIPTOLIDE (BRD:BRD-K39484304-001-16-5),21,21,0.34155844155844156,0.12967786415595978,positive,0.530118305785706,False,False,False,7.0,7.0,3.0,4.0,0.3501482748101455,0.0856003738490584,0.3209062551448,0.0462173268722442,0.2645479009610871,0.27468892827255575,0.11428571428571428,0.3733333333333333,False,False,False
TROVAFLOXACIN (BRD:BRD-K00494077-066-01-9),14,14,0.07692307692307693,0.7938058883554534,positive,0.9402289225394803,False,False,False,7.0,7.0,3.0,4.0,0.902420375672766,0.8725677341306762,0.859009563895067,0.8674834085552581,0.029852641542089775,-0.008473844660191077,1.0,1.0,False,False,False
TRYPTANTHRIN (BRD:BRD-K76973696-001-12-6),20,20,-0.013533834586466165,0.9548397533571387,negative,0.9893725661698659,False,False,False,7.0,7.0,3.0,4.0,0.821547863156494,0.8214408119019221,0.850327213879982,0.8182895068600865,0.00010705125457188824,0.0320377070198955,1.0,1.0,False,False,False
TU-2100 (BRD:BRD-K44590731-001-01-7),10,10,0.13939393939393938,0.7009318849100584,positive,0.9101806681993847,False,False,False,,,,,,,,,,,,,,,
TUCATINIB (BRD:BRD-K26026438-001-01-0),21,21,-0.6597402597402597,0.0011382402645393446,negative,0.09724142871853086,False,True,True,8.0,8.0,3.0,5.0,0.7279584974767846,0.8961828016092692,0.6912884420880188,0.906733126252985,-0.16822430413248457,-0.2154446841649662,0.07142857142857142,0.35,False,False,True
TW 37 (BRD:BRD-K28360340-001-08-3),20,20,0.0015037593984962405,0.9949797739432688,positive,0.9972385248489288,False,False,False,,,,,,,,,,,,,,,
TWS-119 (BRD:BRD-K94176593-001-09-4),11,11,-0.14545454545454548,0.6695786456420787,negative,0.8944648353238998,False,False,False,,,,,,,,,,,,,,,
TYRPHOSTIN-A9 (BRD:BRD-K40255344-001-17-6),21,21,0.08311688311688312,0.7202033241160488,positive,0.9197616372409537,False,False,False,8.0,8.0,3.0,5.0,0.8260713226241716,0.810708926691734,0.821049228563024,0.824419288305156,0.0153623959324376,-0.0033700597421320033,1.0,1.0,False,False,False
TYRPHOSTIN-AG-1296 (BRD:BRD-K76064317-001-07-3),18,18,0.3766769865841073,0.12337214538125062,positive,0.5122689187573556,False,False,False,,,,,,,,,,,,,,,
TYRPHOSTIN-AG-1478 (BRD:BRD-K68336408-001-10-9),20,20,-0.009022556390977442,0.9698849998123449,negative,0.9917954842683878,False,False,False,,,,,,,,,,,,,,,
TYRPHOSTIN-AG-99 (BRD:BRD-K60184833-001-05-6),20,20,0.08120300751879699,0.733607630478017,positive,0.9231732340606531,False,False,False,,,,,,,,,,,,,,,
U-0126 (BRD:BRD-K18787491-001-08-6),16,16,0.4088235294117647,0.11588783814878345,positive,0.5051310020891897,False,False,False,7.0,7.0,3.0,4.0,0.938410649223239,0.8657055078607672,0.962017825352424,0.8664813942581184,0.07270514136247186,0.09553643109430554,0.22857142857142856,0.519205298013245,False,False,False
U-0126 (BRD:BRD-K91701654-001-03-1),14,14,-0.07692307692307693,0.7938058883554534,negative,0.9402289225394803,False,False,False,,,,,,,,,,,,,,,
UK-383367 (BRD:BRD-K06294530-001-01-5),10,10,-0.07878787878787878,0.8287173946974606,negative,0.9528091920805439,False,False,False,,,,,,,,,,,,,,,
UNBS-5162 (BRD:BRD-K30933884-001-01-0),16,16,-0.0029411764705882353,0.9913748045563624,negative,0.9970679177476885,False,False,False,,,,,,,,,,,,,,,
UNC0631 (BRD:BRD-K13060017-001-01-3),21,21,0.2558441558441559,0.26297294224172296,positive,0.6830530000476708,False,False,False,,,,,,,,,,,,,,,
UNC2250 (BRD:BRD-K01773560-001-02-4),10,10,-0.5757575757575757,0.08155281477260244,negative,0.42359491437769387,False,False,True,,,,,,,,,,,,,,,
VALNEMULIN (BRD:BRD-K33813875-003-01-8),15,15,0.24285714285714283,0.38312834183934164,positive,0.7663692375297371,False,False,False,,,,,,,,,,,,,,,
VALRUBICIN (BRD:BRD-K72951360-001-01-4),21,21,0.2,0.38472423043145215,positive,0.7663692375297371,False,False,False,7.0,7.0,3.0,4.0,0.7619465448079724,0.6609454722186311,0.754033847326003,0.653318390801982,0.10100107258934132,0.10071545652402103,0.05714285714285714,0.33220338983050846,False,False,True
VANDETANIB (BRD:BRD-K77625799-001-07-7),18,18,-0.5397316821465429,0.020782714646741186,negative,0.2593858020170157,False,True,True,7.0,7.0,3.0,4.0,0.8513954960324779,0.9601248887223408,0.8409972722312077,0.9484389158304679,-0.10872939268986292,-0.10744164359926023,0.4,0.638139534883721,False,False,False
VANOXERINE (BRD:BRD-K32501161-300-06-2),21,21,-0.033766233766233764,0.8844723124673912,negative,0.9746808320652924,False,False,False,,,,,,,,,,,,,,,
VATALANIB (BRD:BRD-K70163715-300-05-7),17,17,0.18382352941176472,0.4800344013399135,positive,0.8027848037559537,False,False,False,,,,,,,,,,,,,,,
VE 821 (BRD:BRD-K26756394-001-02-2),12,12,0.04195804195804196,0.8969858708195542,positive,0.9746808320652924,False,False,False,,,,,,,,,,,,,,,
VELBAN (BRD:BRD-K06519765-065-01-6),21,21,0.7142857142857142,0.00027542157748998224,positive,0.06918380437820139,False,True,True,8.0,8.0,3.0,5.0,0.6342851750863927,0.336962871599765,0.68065142152417,0.309593249505525,0.2973223034866277,0.371058172018645,0.03571428571428571,0.33220338983050846,False,True,True
VENETOCLAX (BRD:BRD-K62391742-001-09-7),16,16,-0.28823529411764703,0.27898445973708325,negative,0.6939247266136465,False,False,False,,,,,,,,,,,,,,,
VER-49009 (BRD:BRD-K38548312-001-01-0),19,19,0.29298245614035084,0.22348375285394131,positive,0.6534309727484443,False,False,False,,,,,,,,,,,,,,,
VERUBULIN (BRD:BRD-K42673188-001-01-1),21,21,0.548051948051948,0.010108159690260715,positive,0.20756988387209793,False,True,True,8.0,8.0,3.0,5.0,0.5946201535373823,0.30952489968072155,0.598982168700051,0.281035019342229,0.28509525385666074,0.31794714935782203,0.03571428571428571,0.33220338983050846,False,True,True
VIDARABINE (BRD:BRD-K72093121-001-16-3),16,16,-0.1323529411764706,0.6251064291516133,negative,0.8678757499070354,False,False,False,,,,,,,,,,,,,,,
VINCRISTINE (BRD:BRD-K12251893-065-04-7),20,20,0.4060150375939849,0.0756893721143978,positive,0.4158424847475296,False,False,True,8.0,8.0,3.0,5.0,0.6651868946082613,0.30223855554099266,0.707243624296141,0.213902227713162,0.36294833906726864,0.49334139658297893,0.03571428571428571,0.33220338983050846,False,True,True
VINDESINE (BRD:BRD-K59753975-001-02-6),21,21,0.6038961038961038,0.0037439776277835356,positive,0.15742534501585057,False,True,True,8.0,8.0,3.0,5.0,0.7209261645763609,0.42159503669659903,0.768388722091438,0.363532465527401,0.2993311278797619,0.40485625656403706,0.03571428571428571,0.33220338983050846,False,True,True
VINFLUNINE (BRD:BRD-K64120610-001-01-4),22,22,0.5008469791078487,0.017583589103802363,positive,0.24644935204218232,False,True,True,8.0,8.0,3.0,5.0,0.8183197137109223,0.5604279255384886,0.906758918129703,0.546445708489661,0.25789178817243363,0.360313209640042,0.07142857142857142,0.35,False,False,True
VISMODEGIB (BRD:BRD-K44827188-001-06-0),17,17,0.004901960784313726,0.9851029592703197,positive,0.9957645606687721,False,False,False,8.0,8.0,3.0,5.0,0.9496083787802169,0.9387289062110888,0.959307704831808,0.9339016724912486,0.010879472569128024,0.025406032340559492,0.7857142857142857,0.9556737588652482,False,False,False
VISTUSERTIB (BRD:BRD-K99113996-001-02-0),15,15,-0.028571428571428564,0.9194899083821858,negative,0.9785339457396024,False,False,False,,,,,,,,,,,,,,,
VLX-600 (BRD:BRD-K89053832-001-01-0),17,17,0.4852941176470589,0.048308194284258345,positive,0.3525300458925629,False,True,True,,,,,,,,,,,,,,,
VOLASERTIB (BRD:BRD-K69776681-001-03-8),11,11,0.5181818181818182,0.1024915397909638,positive,0.466494998120727,False,False,False,,,,,,,,,,,,,,,
VORELOXIN (BRD:BRD-K23677682-003-01-2),18,18,0.20123839009287925,0.42328766928815764,positive,0.7784837999874641,False,False,False,,,,,,,,,,,,,,,
VORINOSTAT (BRD:BRD-K81418486-001-44-2),19,19,0.11754385964912278,0.631764158507994,positive,0.8680420365534922,False,False,False,,,,,,,,,,,,,,,
VTP-27999 (BRD:BRD-K81694556-003-01-9),16,16,-0.011764705882352941,0.9655081698956275,negative,0.9917954842683878,False,False,False,,,,,,,,,,,,,,,
VU0238429 (BRD:BRD-K24187789-001-01-7),21,21,-0.08311688311688312,0.7202033241160488,negative,0.9197616372409537,False,False,False,8.0,8.0,3.0,5.0,0.8278518090159244,0.7749991985034852,0.834147222886197,0.775155085321406,0.05285261051243917,0.05899213756479105,0.14285714285714285,0.3951612903225806,False,False,False
VU0364770 (BRD:BRD-K66527818-001-02-6),16,16,0.07647058823529412,0.778340980960703,positive,0.9382723639905493,False,False,False,,,,,,,,,,,,,,,
VX-765 (BRD:BRD-K26712974-001-01-5),14,14,0.47252747252747257,0.0879674246125423,positive,0.4388431408636997,False,False,True,,,,,,,,,,,,,,,
WAY-170523 (BRD:BRD-K36198571-001-02-0),19,19,-0.3175438596491228,0.18524679262954077,negative,0.604994430854705,False,False,False,7.0,7.0,3.0,4.0,0.8109134378120704,0.8971779351948868,0.806766417175358,0.8802505434081616,-0.08626449738281639,-0.07348412623280354,0.11428571428571428,0.3733333333333333,False,False,False
WAY-600 (BRD:BRD-K85920262-001-02-1),18,18,-0.4716202270381837,0.048168976789553265,negative,0.3525300458925629,False,True,True,7.0,7.0,3.0,4.0,0.7917859477685639,0.856090724663559,0.793864904928453,0.8660616186378496,-0.06430477689499503,-0.07219671370939662,0.11428571428571428,0.3733333333333333,False,False,False
WP1066 (BRD:BRD-K05445342-001-05-3),22,22,-0.17108977978543197,0.4464902890766695,negative,0.780776068598229,False,False,False,8.0,8.0,3.0,5.0,0.7697398821207143,0.7833877857726764,0.759799440528039,0.774012108875336,-0.013647903651962112,-0.014212668347296953,0.5714285714285714,0.8340425531914892,False,False,False
WP1130 (BRD:BRD-K43644456-001-04-0),22,22,0.6442687747035574,0.0012113881267314152,positive,0.09724142871853086,False,True,True,8.0,8.0,3.0,5.0,0.7903730826286056,0.6968874663440007,0.796624469247416,0.698229436110131,0.09348561628460494,0.09839503313728504,0.03571428571428571,0.33220338983050846,False,True,True
WYE-125132 (BRD:BRD-A45498368-001-07-1),19,19,-0.1456140350877193,0.5519696732095334,negative,0.8343473658608532,False,False,False,7.0,7.0,3.0,4.0,0.6767813693485863,0.7142371647533298,0.733593487626876,0.7055363382027785,-0.03745579540474342,0.02805714942409754,0.8571428571428571,0.9639344262295081,False,False,False
WYE-354 (BRD:BRD-K77008974-001-03-2),19,19,-0.23508771929824557,0.33263189836380036,negative,0.7346111921701703,False,False,False,8.0,8.0,3.0,5.0,0.8681173350702561,0.8652755302629517,0.877892057676619,0.889795049291205,0.002841804807304449,-0.011902991614585967,0.7857142857142857,0.9556737588652482,False,False,False
WZ-3146 (BRD:BRD-K73293050-001-03-1),18,18,0.2961816305469556,0.23271685741068446,positive,0.6595505708441295,False,False,False,7.0,7.0,3.0,4.0,0.8371257172743652,0.8045640973638856,0.842425277107557,0.792198853366628,0.03256161991047968,0.050226423740929005,0.22857142857142856,0.519205298013245,False,False,False
WZ-4002 (BRD:BRD-K72420232-001-12-3),12,12,0.09090909090909093,0.7787253962454419,positive,0.9382723639905493,False,False,False,,,,,,,,,,,,,,,
WZ8040 (BRD:BRD-K81728688-001-04-4),19,19,-0.5350877192982456,0.018239096545756575,negative,0.2477711115369701,False,True,True,,,,,,,,,,,,,,,
XANOMELINE (BRD:BRD-K72815923-034-01-2),20,20,0.19849624060150375,0.4015036070038972,positive,0.7734882591591963,False,False,False,,,,,,,,,,,,,,,
XILOBAM (BRD:BRD-K79633074-001-01-8),14,14,0.3494505494505495,0.22068999774644735,positive,0.6474062060136645,False,False,False,,,,,,,,,,,,,,,
XL-647 (BRD:BRD-K03765900-001-01-9),22,22,-0.3156408808582722,0.15244364055052628,negative,0.5677037801887282,False,False,False,8.0,8.0,3.0,5.0,0.7384573982622898,0.887928442941438,0.7428701846777226,0.8824142365993136,-0.14947104467914818,-0.13954405192159103,0.5714285714285714,0.8340425531914892,False,False,False
XL388 (BRD:BRD-K03549949-001-01-0),17,17,-0.3382352941176471,0.18421188285210155,negative,0.604994430854705,False,False,False,,,,,,,,,,,,,,,
XL888 (BRD:BRD-A03506276-001-01-5),21,21,0.1922077922077922,0.4038885272768977,positive,0.7734882591591963,False,False,False,7.0,7.0,3.0,4.0,0.6876994755961796,0.5702274293680798,0.661642749433067,0.581442870999249,0.11747204622809981,0.08019987843381804,0.05714285714285714,0.33220338983050846,False,False,True
Y-27632 (BRD:BRD-K44084986-300-08-4),15,15,0.2571428571428571,0.3548603636506092,positive,0.7508135123045486,False,False,False,,,,,,,,,,,,,,,
YM 201636 (BRD:BRD-K48488978-001-05-3),17,17,0.49509803921568635,0.04331441650993542,positive,0.3525300458925629,False,True,True,,,,,,,,,,,,,,,
YO-01027 (BRD:BRD-K04622161-001-02-3),11,11,0.09090909090909091,0.7903727377532903,positive,0.9402289225394803,False,False,False,,,,,,,,,,,,,,,
ZALEPLON (BRD:BRD-K92657060-001-05-7),13,13,0.2087912087912088,0.493621819356885,positive,0.807040166382094,False,False,False,,,,,,,,,,,,,,,
ZARDAVERINE (BRD:BRD-K37561857-001-15-5),17,17,0.2132352941176471,0.4112256782090655,positive,0.7778704540120908,False,False,False,,,,,,,,,,,,,,,
ZIPRASIDONE (BRD:BRD-K29582115-066-01-2),16,16,0.36764705882352944,0.1612323576755898,positive,0.570562502447072,False,False,False,,,,,,,,,,,,,,,
ZK-811752 (BRD:BRD-K91825936-001-01-2),19,19,0.45964912280701753,0.04770770316578596,positive,0.3525300458925629,False,True,True,,,,,,,,,,,,,,,
ZK-93423 (BRD:BRD-K33882852-003-02-8),21,21,-0.18181818181818182,0.43023793249590314,negative,0.7784837999874641,False,False,False,,,,,,,,,,,,,,,
ZK-93426 (BRD:BRD-K68392338-003-02-0),12,12,-0.44055944055944063,0.1517350357167303,negative,0.5677037801887282,False,False,False,,,,,,,,,,,,,,,
ZM 447439 (BRD:BRD-K72703948-001-10-1),18,18,0.3126934984520124,0.2064536417438368,positive,0.6306617630108551,False,False,False,,,,,,,,,,,,,,,
ZM-306416 (BRD:BRD-K41337261-001-03-0),11,11,0.07272727272727274,0.831716405381337,positive,0.9537734882489877,False,False,False,,,,,,,,,,,,,,,
